tickers,NKE,RL,MAT,DHI,TJX,AAP,FL,BBY,LOW,PKG,TRIP,PVH,TIF,GPS,AMZN,ROST,EXPE,ULTA,EBAY,TSCO,HRB,DRI,MAR,HAS,YUM,BLL,UA,GM,VFC,HOG,MGM,M,MCD,SEE,FBHS,LEG,PHM,CMG,AZO,ORLY,IP,BWA,SBUX,GPC,LEN,KMX,F,HD,HBI,JWN,LKQ,WYNN,MHK,WHR,KSS
NKE,1.0,0.6008515640484148,0.4473978493890408,0.23065698918117264,0.3265672947464102,0.26496558888456045,0.5826721068350658,0.2146749693094036,0.31651050102857453,0.3372650999402368,0.13544379062186043,0.5476493141697251,0.46065787765088606,0.43929851659479346,0.375491221235793,0.2978494743075075,0.2842866308260994,0.3859614950894962,0.4478092387181432,0.29328043521347186,0.25747994502766475,0.44909068542021197,0.4240327845605882,0.3155376797894289,0.4206528202079019,0.3557649921254245,0.515039058495479,0.3934280578735503,0.5779153766769866,0.5079449695528263,0.36442293892112443,0.3329793677687063,0.3189685514837323,0.34223970311541174,0.4055912273591274,0.34230546127434536,0.20318618908002378,0.4315741633007333,0.297897060532125,0.35414433031978215,0.4285704522310841,0.4296899494342267,0.3397542356084992,0.43385684702601846,0.21501992222472815,0.45111024542267236,0.34569337728317884,0.29858391596443384,0.3834604387166077,0.47957203097342105,0.48100041689732703,0.27090808439095404,0.319362419920308,0.4092325671990651,0.29083030911911645
RL,0.6008515640484148,1.0,0.5408683602852256,0.3670883480614274,0.46342580252735455,0.3069081937410726,0.5681353754467977,0.26810621664507955,0.47372863401198745,0.4329550784204917,0.2630348758534435,0.7282205318516393,0.655916183134111,0.5819906573707165,0.439594311060081,0.4634364500138806,0.3614434569703963,0.5578120408149317,0.5286463138758466,0.4132819387776024,0.36583257163475835,0.5931868041744407,0.5542603440603927,0.4165672830185921,0.46434502696163854,0.5134654879624836,0.5687675558198183,0.45516645138362066,0.6762860599101961,0.5804577669338911,0.5033522645726118,0.5130746565541401,0.37059565263665634,0.45168587704484303,0.5047037797710553,0.392791087274427,0.3345464362112917,0.3810441569447577,0.34319534715245453,0.2753592111750087,0.5025628934041375,0.5429306369395541,0.4884054702396817,0.5373328139202701,0.3723644912827451,0.5303412407137829,0.4111243812770468,0.4798078171666017,0.5856746096498574,0.6361682351574299,0.46869169417505585,0.4272514164257546,0.45949471659090146,0.47307253330052823,0.41141273518818466
MAT,0.4473978493890408,0.5408683602852256,1.0,0.3074688757688741,0.3667349820726792,0.3440089325455678,0.5279564922845955,0.28273973773012695,0.4503127159775118,0.45786510614668324,0.17430765511291216,0.5481811557123392,0.5744696301145746,0.5063615557529485,0.4505279992073754,0.3358164965187306,0.3928751441630004,0.4491201152279498,0.5763473782861628,0.3288177960636832,0.45012981317403833,0.5422813700558384,0.5678441758147881,0.6635085989734294,0.3859549904277258,0.5285921880984122,0.4401038485296138,0.3947816028521343,0.5162782313630253,0.5146140578242382,0.5613065983457703,0.3844428155771986,0.3915297719796858,0.5389275270468181,0.582365338600021,0.5102404852419804,0.3726159731614933,0.33547619881589386,0.29487993261303946,0.35169023108795017,0.4912199468457246,0.5156413651702193,0.4310927076224651,0.6087799677248237,0.41662430769797987,0.513520555704296,0.3792882802489869,0.46676650568851713,0.5009730468583146,0.5083605925758188,0.507323474158936,0.46587632661900163,0.4215283413779848,0.5337674308938509,0.3684145329850279
DHI,0.23065698918117264,0.3670883480614274,0.3074688757688741,1.0,0.39502730335773206,0.15633649765238963,0.40554883507951794,0.23225643308159938,0.4869565811685426,0.32120428755358565,0.1796622448212467,0.40604091061311237,0.27117120811377876,0.37937102963961555,0.4124515613146618,0.3142195427624548,0.3633622114714824,0.39147000731278914,0.4437188608451397,0.4167367190863797,0.3395624205019969,0.35992249810345883,0.45800481995248016,0.31073650973913386,0.3655984526958221,0.29519165382540263,0.33973714965247165,0.32118521859772137,0.3873454575277305,0.2760646259200787,0.3062418414559968,0.4011406633003917,0.1653071894541102,0.2919316422752379,0.5720431797789663,0.4965627298598798,0.848522748241855,0.24928068125123873,0.22283845570295038,0.1679858459819963,0.345631804481988,0.35421267420227853,0.3722414723993466,0.3471832092892925,0.8267723262187412,0.31959964187836165,0.3593229142686622,0.5335704864029962,0.3525980499783014,0.35780383955603845,0.32543962164858975,0.3038703107593682,0.6107158081965338,0.45343051825121816,0.2961918821205722
TJX,0.3265672947464102,0.46342580252735455,0.3667349820726792,0.39502730335773206,1.0,0.3697810947313746,0.49414976865615534,0.23053929303387763,0.4369459878758056,0.192710954072127,0.33712299838025134,0.47829400146255774,0.3573732734641434,0.4782512122555149,0.4055522522707235,0.6577346907569862,0.3500659091318102,0.5020434803408989,0.40018726207806227,0.4629200582289381,0.3395367910862576,0.474644441255066,0.44618987126591714,0.27890184768322707,0.5294835257211982,0.23396904697765405,0.49254368878956256,0.18004838742747012,0.46737607556093186,0.4136339094717706,0.2676515011720966,0.4954555434384872,0.3426360986498133,0.3433058704148366,0.3710638094315961,0.333759058768172,0.3797046179921951,0.4096187098052884,0.4245655041382185,0.3716130266858589,0.3336203773945967,0.3012376222822659,0.37506065514389786,0.4112487100103199,0.3604897518435746,0.3692309269472864,0.19159605859397774,0.5321865239647618,0.5061257476181868,0.5717063402565626,0.31539307950437057,0.2689192791093432,0.3273552369782606,0.36184979394337025,0.38715751201142706
AAP,0.26496558888456045,0.3069081937410726,0.34400893254556786,0.15633649765238963,0.3697810947313746,1.0,0.36114585255503384,0.2550747468500808,0.2624881252605608,0.342066257685608,0.18018165788448526,0.37727841223627817,0.3168522201491262,0.3924828371008129,0.19233318981130265,0.3576606230742213,0.1746493745253941,0.3413329779454479,0.27458839931929546,0.3281221167449203,0.2451521960570713,0.4038436566679652,0.23583423533028527,0.2682367574860947,0.29970817187104887,0.37098521376529237,0.32293482049494593,0.163574108625674,0.3750196488494317,0.4161011215221536,0.2723330531236545,0.3027200103910673,0.21484979684854302,0.3217979954706678,0.2892559724180272,0.34313071365548925,0.2122895864515203,0.3235909212064052,0.47336299455299713,0.5407692616556058,0.29959198737006126,0.30351689076352045,0.3266390557617261,0.3811500898721287,0.2371530696628599,0.3767760851290673,0.31154521052977907,0.31236886528748825,0.38860331587446084,0.44399907052399207,0.3293215508580567,0.2757058208434995,0.27880032565870183,0.4130393182020106,0.30820672639916896
FL,0.5826721068350658,0.5681353754467977,0.5279564922845955,0.40554883507951794,0.49414976865615534,0.36114585255503384,1.0,0.26122911346888056,0.5118439847183208,0.41538899202185764,0.19437325296099617,0.6088341227045017,0.530368578243427,0.4844431838790983,0.4260143932093576,0.5361987645136599,0.3668938815994833,0.6177974152365722,0.48528215747783954,0.4294418359884909,0.34537688061938143,0.5740061099378755,0.5319477750223844,0.38777393152835266,0.38188478598131476,0.39527810905892063,0.5411532336880377,0.36269384017113293,0.5385561683718451,0.47600106616365606,0.4665525324804024,0.5566628251628891,0.38304793994147857,0.4373780485746754,0.5314058030970381,0.5252483659406761,0.41739281979783893,0.4154416036194889,0.4061468435404834,0.3840567390913886,0.4473410835229874,0.4539708222881309,0.4811371045455477,0.5386655184904217,0.4642664315639117,0.5841209959062048,0.3806873031951362,0.514939959950519,0.6120707256670248,0.5365844490462619,0.46282779406638913,0.35998059035395263,0.5227999463502431,0.500105932927371,0.39655478782659803
BBY,0.21467496930940363,0.26810621664507955,0.28273973773012695,0.23225643308159938,0.23053929303387763,0.2550747468500808,0.26122911346888056,1.0,0.3392129005913838,0.14199478877450775,0.27744540818821095,0.4307646569864825,0.33578203769006515,0.2089928896497137,0.17380532757656372,0.23188757421724832,0.22631070864123706,0.2625378988186864,0.2482830735270023,0.20073281728014053,0.24639457890100538,0.25488680117321577,0.32413309982486865,0.31794878804629145,0.21267249355225945,0.3260868636639567,0.18435249724281877,0.28859229542337184,0.26969179471899574,0.2379033463728634,0.37166599319479354,0.17135422273124776,0.13581342739806443,0.2937002956746966,0.4013764504983935,0.2887787792063561,0.22551943486451795,0.07176449381533197,0.21187799591823894,0.19426679765922006,0.2516455925458246,0.2712861475374824,0.145439199146438,0.21268616232875873,0.2027438360225967,0.3393478797593142,0.30535348918944666,0.2524691363299061,0.3645636666524284,0.32118036719471194,0.21651854553974367,0.33394871304209955,0.17754730682157965,0.3592154464010141,0.3185542535097882
LOW,0.31651050102857453,0.47372863401198745,0.4503127159775118,0.4869565811685426,0.4369459878758056,0.2624881252605608,0.5118439847183208,0.3392129005913838,1.0,0.3060678261776981,0.24039940130810078,0.5777479343079163,0.48684381385876063,0.42311806094486654,0.4894306276013368,0.366634174845997,0.33483205772336533,0.5210943213116547,0.41041149816496825,0.4253992987923646,0.3526590519447687,0.3655061885332731,0.4467844630436358,0.3981451422775666,0.3939030474511171,0.4220245560223794,0.3807741988395219,0.37135983706832326,0.5251846991846582,0.380094177789624,0.34403939338021716,0.4900836959175783,0.29415282414903987,0.4365920919116377,0.5553193888706787,0.5064332950894206,0.47071808855992725,0.22904065774096322,0.3034055727554179,0.2885735008556853,0.3393646758110703,0.3353531798274003,0.455122027897949,0.437034834847149,0.5090589738858248,0.466781484291172,0.3276368463990635,0.7568497597714582,0.4344586438354122,0.5248361456816955,0.34803408989946627,0.40995017735222355,0.5502314721872307,0.45844353774971125,0.32664930733534264
PKG,0.3372650999402368,0.4329550784204917,0.45786510614668324,0.32120428755358565,0.192710954072127,0.342066257685608,0.41538899202185764,0.14199478877450775,0.3060678261776982,1.0,0.13716617217025026,0.4620148972579558,0.4396015209932654,0.28654124951932863,0.41909152185609944,0.21417965913459486,0.37232241254111315,0.3942228916127263,0.40400460979502184,0.207307498776293,0.4300705066521334,0.434624377750466,0.49606253470590755,0.30656265831374435,0.34954649562483764,0.5117094828332115,0.2925015655021652,0.4577211928401202,0.4172855347611324,0.4115395228402486,0.5522937488415592,0.34304845773027676,0.358034320707649,0.3966641236973184,0.4498170513458488,0.4808337960787665,0.35003002859349963,0.29718653864729255,0.23306801668624397,0.2821716287215412,0.7056540039693285,0.4784229635641366,0.47941183254741127,0.47747940926982585,0.3630273264472501,0.33126108986292907,0.4832347325435249,0.35887201839146976,0.4241783776857034,0.3110705983764337,0.3688997745507523,0.3992632529468349,0.4314570073896887,0.4083939956483523,0.18429782213682164
TRIP,0.13544379062186043,0.2630348758534435,0.17430765511291219,0.1796622448212467,0.33712299838025134,0.18018165788448526,0.19437325296099617,0.27744540818821095,0.24039940130810078,0.13716617217025026,1.0,0.2586437851543545,0.12185703838872598,0.1735460656044742,0.3460179470882113,0.23900197428399284,0.4841634409779727,0.23376663317819282,0.22507671594256382,0.2383354178199687,0.1741689662255631,0.14112657959663472,0.2386055797655138,0.09926632654165263,0.1912977808760311,0.22545679459666826,0.13797251211394282,0.17604685652581004,0.22443428399592666,0.3223983214756798,0.23376321598698732,0.14649219553043522,0.10988699310130895,0.28519291819041087,0.20026517494487084,0.16848304772715755,0.16050547092312004,0.23538638180960778,0.33424230619400075,0.2730474793495684,0.20191841114277703,0.15736862383618247,0.23023325747168857,0.1648999788134145,0.19071002398868223,0.2812006643019703,0.14052929146070378,0.22424975567082878,0.23191983946030467,0.19896937513241614,0.04240734286046241,0.17987411067598874,0.17434866144241,0.15410507179518723,0.10194506523418012
PVH,0.5476493141697251,0.7282205318516393,0.548181155712339,0.40604091061311237,0.47829400146255774,0.37727841223627817,0.6088341227045017,0.4307646569864825,0.5777479343079163,0.4620148972579558,0.2586437851543545,1.0,0.6405149023708472,0.5574790610925907,0.4493913982462974,0.44083341947526283,0.4092363340001203,0.5856963210519481,0.5150083037746294,0.4263526951387037,0.4362211990211152,0.5484045134261442,0.5361936387224726,0.43194469599106744,0.42231357513378304,0.547329968530757,0.5373328139202701,0.4003752075943657,0.6881676337317778,0.5665361299626158,0.47398834054360667,0.5324655908781843,0.32967123091257516,0.45585144735894256,0.5933528569559343,0.5465819088619236,0.38542499607023006,0.3586068794893349,0.27371018117947765,0.34078822708292555,0.5252667117735906,0.5138879040727141,0.4598548377175896,0.5441945338609476,0.4018514341951489,0.5444269028629228,0.4088963611906647,0.5472836747107347,0.6469551518902436,0.6186653818027733,0.5491460439177414,0.47722442061523107,0.44806420224338056,0.5513603838189162,0.41070537660864276
TIF,0.46065787765088606,0.655916183134111,0.5744696301145746,0.27117120811377876,0.3573732734641434,0.3168522201491262,0.530368578243427,0.33578203769006515,0.48684381385876063,0.43960152099326544,0.12185703838872598,0.6405149023708472,1.0,0.47605395080189233,0.4835359727718204,0.3219748648287324,0.3323682607593706,0.5501131090289025,0.4959779659511068,0.25415359591030556,0.42872032334808613,0.5411532336880377,0.5085348694761845,0.5162846803407706,0.4158824212850005,0.4353482300623087,0.49041819585973107,0.44874554910845477,0.5198778012424906,0.5272726030112288,0.5202058515982203,0.46140479622341285,0.323431418448633,0.5084661201449876,0.5209457450728721,0.46271200485941893,0.33246194957592656,0.41329219035121884,0.29449353809143036,0.2787610279262664,0.4868984889180489,0.5894916154872807,0.4130700729228603,0.5477108236114243,0.3451841524340653,0.440188902329841,0.4046641481891551,0.4533109165590251,0.5213971881620048,0.5505641782680308,0.4249277264060033,0.5095305462721861,0.4652304769294108,0.5675339497946268,0.4013046836022663
GPS,0.4392985165947934,0.5819906573707165,0.5063615557529485,0.37937102963961555,0.4782512122555149,0.39248283710081294,0.48444318387909835,0.2089928896497137,0.4231180609448666,0.28654124951932863,0.1735460656044742,0.5574790610925907,0.47605395080189233,0.9999999999999999,0.41618797349860437,0.5085229384227672,0.3753253820661988,0.504498747598089,0.47634783024981076,0.4622450339526094,0.28057300738200697,0.5955364495980259,0.45784748498074845,0.3546556131166363,0.41990589023506064,0.3760097869025,0.5393815546254287,0.2596322406272741,0.4948143946283123,0.3345646654407052,0.2989710802137488,0.5193914277392816,0.2734147541655845,0.3203741166500361,0.39257302587514853,0.4165317582306403,0.3547569172750067,0.3419902473049693,0.37888920403314474,0.2853401016798957,0.3979332756988347,0.2987885151140011,0.4525948530116605,0.5234300515686475,0.36306072028014336,0.3272040104312136,0.2736390492613401,0.4684438399819584,0.4693122104467434,0.6015883159034157,0.4295629055817752,0.2733249725785427,0.38769054126104324,0.41832372530033707,0.5631242802549306
AMZN,0.375491221235793,0.439594311060081,0.4505279992073754,0.4124515613146618,0.4055522522707235,0.19233318981130265,0.4260143932093576,0.17380532757656372,0.4894306276013368,0.41909152185609944,0.3460179470882113,0.4493913982462974,0.4835359727718204,0.4161879734986044,1.0,0.36208930665998723,0.6132086513105897,0.49159712682563433,0.667561970762512,0.24448294479869323,0.3450402809593389,0.4214387741851707,0.5815449305500132,0.38485222306358235,0.3822025847634278,0.44828234297360187,0.36778203787614727,0.35849411217955285,0.4206288998694633,0.4182778723200678,0.4253992987923646,0.4068713174305217,0.2893892433304553,0.36975843793037705,0.4753705102253379,0.4431639458683896,0.5015206500864549,0.41750558710762103,0.2520349373628852,0.272599826919217,0.489386204115665,0.4085272662192203,0.5109281774752424,0.5358360841722538,0.4707932667664486,0.4522618388589315,0.31888879207216436,0.46485077126005503,0.4607061119081499,0.39351007046248265,0.474453078547557,0.38156357000799623,0.4463658567633454,0.4331358196816545,0.22590025902309335
ROST,0.2978494743075075,0.4634364500138806,0.3358164965187306,0.3142195427624548,0.6577346907569863,0.3576606230742213,0.5361987645136599,0.23188757421724832,0.3666341748459969,0.21417965913459486,0.23900197428399284,0.4408334194752628,0.3219748648287324,0.5085229384227672,0.36208930665998723,1.0,0.37719020973046863,0.5317068628365847,0.3924954999826301,0.381088905993983,0.3030527223649205,0.4033160451788707,0.41204134808423404,0.2629881585284581,0.3519282799298367,0.1878420943377089,0.4482008900083734,0.21427344899973735,0.37750939514823467,0.34476925823834015,0.2168175500256654,0.40656240763095064,0.26561769839316246,0.288888869905361,0.34832774762682667,0.243318098329845,0.3542280515758402,0.3461566390530168,0.3765337862255987,0.3591405749434027,0.31991942256265354,0.27895433770449796,0.40237460819748294,0.41080824329753723,0.350344410452983,0.33199578659976525,0.25404918222085693,0.46412672322709414,0.5163435991627868,0.4804728713231677,0.3042208327532333,0.23494918205195706,0.3732946051001667,0.3317617088022151,0.35676531821351865
EXPE,0.28428663082609934,0.3614434569703963,0.3928751441630004,0.3633622114714824,0.3500659091318102,0.1746493745253941,0.36689388159948333,0.22631070864123706,0.3348320577233654,0.37232241254111315,0.4841634409779727,0.40923633400012027,0.3323682607593706,0.37532538206619886,0.6132086513105897,0.37719020973046863,1.0,0.42106666006024507,0.48309727641102895,0.25264853902145906,0.3290734360806009,0.429570347639858,0.481477937721584,0.27692694099516263,0.3199689718774635,0.3382469905106761,0.3927808356920526,0.3167704781766325,0.3858148854686082,0.3325596236303605,0.3395170308684927,0.302938970362609,0.22941752872877547,0.3127683040503306,0.40091171050930996,0.42752723078894544,0.3909611798205862,0.32820099252415336,0.32772771113786586,0.3078416129170049,0.4129354466402373,0.3096458929563027,0.32422850435405076,0.45010597573296024,0.3835680803315395,0.31377701612329073,0.2586248286078381,0.35136615149630396,0.47641536030071346,0.3107835540699489,0.38590885830704075,0.32370225645882866,0.3973431292981932,0.3783295217381914,0.2545023668341736
ULTA,0.3859614950894962,0.5578120408149317,0.44912011522794987,0.39147000731278914,0.5020434803408989,0.3413329779454479,0.6177974152365722,0.2625378988186864,0.5210943213116547,0.3942228916127263,0.23376663317819282,0.5856963210519481,0.5501131090289025,0.504498747598089,0.49159712682563433,0.5317068628365847,0.42106666006024507,1.0,0.5520199017215809,0.3952699239333237,0.3567238772810184,0.514926291185697,0.5376083570901478,0.33633819373686397,0.42505074528940184,0.39345673992240304,0.5834888155331842,0.29147274106575355,0.5253248040240843,0.43174844005221463,0.390523445348861,0.5465222669451428,0.43428547996576644,0.40991057180295165,0.43678345527307305,0.43512841388387685,0.43748590408627724,0.381833528113232,0.41178862622079154,0.3236629587263932,0.4559045646840123,0.4485528610032297,0.4630533286859532,0.5013702936734122,0.4260929886070845,0.4445526554992858,0.3455037221991386,0.5286770685966962,0.6181516226121408,0.4843355955139113,0.4673384864576713,0.40435965253999817,0.4980953414248613,0.3885824807441276,0.3166813605888504
EBAY,0.4478092387181432,0.5286463138758466,0.5763473782861628,0.4437188608451397,0.40018726207806227,0.27458839931929546,0.48528215747783954,0.24828307352700227,0.41041149816496825,0.4040046097950218,0.22507671594256382,0.5150083037746294,0.4959779659511068,0.47634783024981076,0.667561970762512,0.39249549998263017,0.48309727641102895,0.5520199017215809,1.0,0.3362447802404335,0.3722040443875432,0.4413917536341828,0.5994236902110681,0.44708632196463155,0.4616693662477189,0.4426405410141448,0.5229054326505785,0.42281590224099397,0.5273511984089557,0.41905015753251457,0.4735030993924234,0.39999760795958766,0.2992410392414878,0.3725776303086642,0.5284123333717295,0.449325146875439,0.4588672694591953,0.34799991798741103,0.313530710297364,0.32594393580471015,0.521996459789911,0.4823454937035687,0.40171132935572273,0.4788475864378515,0.4091061311244609,0.43576705690990236,0.3513539835302525,0.4372672038491241,0.4743868485868644,0.3901919778019259,0.4935551773863954,0.3744899842125766,0.4301427276557653,0.48436293304355543,0.25878047280257516
TSCO,0.29328043521347186,0.4132819387776024,0.3288177960636832,0.4167367190863797,0.4629200582289381,0.3281221167449203,0.4294418359884909,0.2007328172801405,0.4253992987923646,0.207307498776293,0.2383354178199687,0.4263526951387037,0.25415359591030556,0.46224503395260946,0.24448294479869323,0.381088905993983,0.25264853902145906,0.3952699239333237,0.3362447802404335,1.0,0.14587921713254648,0.3712504869497467,0.32754318265512566,0.2976896291327092,0.3374920550304471,0.2106705577229125,0.33941935087035857,0.2328576603175254,0.3786076996152243,0.3584838606059363,0.1909628961378905,0.36319088426511575,0.23887615031731507,0.23703427796350082,0.33741119544205445,0.34630357840038406,0.3385582186865684,0.20050369398369317,0.329700859081869,0.3273894089195087,0.29846773146344624,0.2376060504840041,0.30179607569761957,0.3467218884765478,0.3870549962752615,0.3409194978095804,0.20624904959153387,0.40374797531421075,0.2482625703622534,0.3600147622660078,0.3283818232765396,0.17795023202728286,0.3810649856351093,0.3780165255366698,0.2810503078889276
HRB,0.2574799450276647,0.36583257163475835,0.4501298131740383,0.33956242050199686,0.3395367910862576,0.24515219605707134,0.3453768806193814,0.24639457890100536,0.3526590519447687,0.4300705066521335,0.1741689662255631,0.4362211990211152,0.42872032334808613,0.2805730073820069,0.3450402809593389,0.3030527223649205,0.32907343608060086,0.3567238772810184,0.3722040443875431,0.14587921713254648,1.0,0.39901070462311344,0.4622320336250308,0.39114722787373746,0.4154818758048904,0.5102765765737983,0.3203676967409926,0.37684296863635275,0.3765627536909366,0.33717375895509605,0.46347381109054897,0.3566570556323264,0.3010031387954293,0.38134821443759326,0.35724452088158853,0.38190168724733975,0.33971619699643263,0.2821337343411356,0.29753701320044246,0.3030903122067843,0.4183626221339854,0.457627277996706,0.378471290849655,0.4327338898528573,0.34205018245642294,0.34918199454280646,0.4003215654217908,0.4079963777813048,0.43242670628532826,0.4078511444254489,0.2518243872878637,0.4445387987423694,0.3151019753114684,0.4297642948825328,0.3824968177484378
DRI,0.44909068542021197,0.5931868041744407,0.5422813700558384,0.35992249810345883,0.474644441255066,0.4038436566679652,0.5740061099378755,0.25488680117321577,0.3655061885332731,0.434624377750466,0.14112657959663472,0.5484045134261442,0.5411532336880377,0.595536449598026,0.4214387741851707,0.4033160451788707,0.4295703476398581,0.514926291185697,0.4413917536341828,0.3712504869497467,0.39901070462311344,1.0,0.5689013122881814,0.4277757084740852,0.5233975081841729,0.5054589816081481,0.4188587948250056,0.4072061728141936,0.452972614629679,0.48620821629453453,0.4621716933549299,0.5609138291807078,0.4269863346081648,0.49345093067808615,0.4443764800785931,0.5069168280580826,0.3997669475597837,0.5167305681422099,0.418007914214832,0.38111282635285676,0.500331467546935,0.4582491493324048,0.4634360541009711,0.5193857257088963,0.4101039509564718,0.5524026271365988,0.3790384999870391,0.3779208441829154,0.5821754028660423,0.5636691065411874,0.4418154853436668,0.46564355961973497,0.4647178978106879,0.5173217422207642,0.5037213212228077
MAR,0.42403278456058824,0.5542603440603927,0.5678441758147881,0.45800481995248016,0.4461898712659172,0.2358342353302853,0.5319477750223846,0.32413309982486865,0.4467844630436357,0.49606253470590755,0.2386055797655138,0.5361936387224726,0.5085348694761845,0.45784748498074845,0.5815449305500132,0.41204134808423404,0.481477937721584,0.5376083570901478,0.5994236902110682,0.3275431826551256,0.4622320336250308,0.5689013122881814,1.0,0.4749796462695013,0.598309684926377,0.5733148690331991,0.42154506723771973,0.5510464729860002,0.5422113175762796,0.5644282051787928,0.573808403051422,0.4390566453629338,0.36604937691643924,0.4557578636327735,0.5342835443617846,0.5392986203066935,0.47693778400104203,0.504741783997635,0.2921632632838081,0.29762248515655043,0.6605419157305253,0.6002289522019565,0.5123826300607311,0.5418046714754261,0.45270987765607257,0.5447451670198332,0.4537083153615155,0.4114352984194416,0.5326658408440478,0.49624151361214675,0.50866643144999,0.5421720198438442,0.4910136260732135,0.5509969236711902,0.37543515831446933
HAS,0.31553767978942887,0.41656728301859214,0.6635085989734294,0.31073650973913386,0.27890184768322707,0.2682367574860947,0.3877739315283527,0.31794878804629145,0.3981451422775666,0.30656265831374435,0.09926632654165263,0.4319446959910675,0.5162846803407707,0.3546556131166363,0.38485222306358235,0.2629881585284581,0.27692694099516263,0.3363381937368639,0.4470863219646315,0.2976896291327092,0.3911472278737375,0.42777570847408525,0.47497964626950134,0.9999999999999999,0.3498258935151662,0.4667778400470208,0.3789267932648552,0.3872750199074679,0.4162050595130183,0.45944634479161894,0.43580271804571735,0.37557612150955616,0.2242205333588485,0.4360194917918505,0.4846601238398555,0.3807621564973161,0.40029798009371315,0.2431920775582565,0.16728916712611813,0.22708699437175356,0.41683724204633105,0.4711797134175828,0.3512440327115168,0.4990278057827705,0.38004763581040446,0.5580873232057243,0.3122519311571336,0.4278338009230923,0.3812542341328162,0.4497824950391389,0.39391464510869445,0.362585729079438,0.3908975889063,0.47703468802924803,0.3740231071280769
YUM,0.4206528202079019,0.46434502696163854,0.3859549904277258,0.3655984526958221,0.5294835257211982,0.29970817187104887,0.38188478598131476,0.21267249355225948,0.3939030474511171,0.34954649562483764,0.1912977808760311,0.42231357513378304,0.4158824212850005,0.4199058902350606,0.3822025847634278,0.3519282799298368,0.3199689718774635,0.42505074528940184,0.4616693662477189,0.3374920550304471,0.4154818758048904,0.5233975081841729,0.598309684926377,0.34982589351516624,1.0,0.4153302555750285,0.43715785373054755,0.3615798358381344,0.4848823461067941,0.49365085874014986,0.3429595609592739,0.3827885595401874,0.4756336348473113,0.44285582479575947,0.3382381585396853,0.3642882710793085,0.3868670507589581,0.5060279252865315,0.3535494365051702,0.36415841770256535,0.5334064612251314,0.4629990491659038,0.4814890752397159,0.4190194028116649,0.3356809436915233,0.39203042667049387,0.3058435977780481,0.3650038614260622,0.3344322460107615,0.4377626965739241,0.349725599546197,0.35127016997109056,0.385184413152579,0.41737573384181137,0.2660864275999699
BLL,0.3557649921254245,0.5134654879624836,0.5285921880984121,0.29519165382540263,0.23396904697765408,0.37098521376529237,0.3952781090589207,0.3260868636639568,0.4220245560223794,0.5117094828332115,0.22545679459666823,0.5473299685307571,0.4353482300623087,0.3760097869025,0.4482823429736018,0.1878420943377089,0.3382469905106761,0.393456739922403,0.4426405410141448,0.21067055772291252,0.5102765765737983,0.5054589816081481,0.5733148690331991,0.4667778400470208,0.41533025557502845,0.9999999999999999,0.321374262313204,0.517149232670112,0.4535516698188367,0.5319183835294539,0.5783786739236262,0.431545017996079,0.34415792998810807,0.5947046843177188,0.41818846621741673,0.5035338179517233,0.3331362746357063,0.3490160164319492,0.3236501194331304,0.26790722628055935,0.5595738064597302,0.6017733589529625,0.4731732487717153,0.5346965694731479,0.3156812023105054,0.6299442654246602,0.5254386429542022,0.42230476665876676,0.5098812777290961,0.5161035685879837,0.4696740330197565,0.5208739838123339,0.3769724752628038,0.44209720575578404,0.413177417758882
UA,0.515039058495479,0.5687675558198183,0.4401038485296138,0.33973714965247165,0.49254368878956256,0.32293482049494593,0.5411532336880377,0.1843524972428188,0.3807741988395219,0.29250156550216516,0.13797251211394282,0.5373328139202701,0.49041819585973107,0.5393815546254287,0.36778203787614727,0.4482008900083734,0.3927808356920526,0.5834888155331842,0.5229054326505785,0.33941935087035857,0.3203676967409926,0.4188587948250056,0.42154506723771973,0.37892679326485523,0.43715785373054755,0.32137426231320404,1.0,0.24264449593012527,0.5628865697551241,0.4121508484885763,0.3418694769647141,0.43167168853929805,0.26184317089242776,0.3009530578857567,0.3726664775836163,0.35699597881694395,0.3452661650229977,0.294015131322658,0.2961782133557501,0.267094727184133,0.3372323484988279,0.40388842519477797,0.35575352483272843,0.43781395444200677,0.2952726576862882,0.3838052474388152,0.2583785686371772,0.42517034698159495,0.5421036759613478,0.48169752390325243,0.41652827042284324,0.312830186100233,0.41171721693473917,0.40763332171488326,0.28387290782468444
GM,0.3934280578735503,0.45516645138362066,0.3947816028521343,0.32118521859772137,0.18004838742747012,0.163574108625674,0.36269384017113293,0.2885922954233718,0.37135983706832326,0.45772119284012014,0.17604685652581004,0.4003752075943657,0.44874554910845477,0.2596322406272741,0.35849411217955285,0.21427344899973735,0.3167704781766325,0.29147274106575355,0.42281590224099397,0.2328576603175254,0.3768429686363528,0.4072061728141936,0.5510464729860002,0.3872750199074679,0.3615798358381344,0.517149232670112,0.24264449593012527,1.0,0.37881273108755525,0.445929783555109,0.4511580860995496,0.31028912124272967,0.2342834296428691,0.5535526949802854,0.49706291412517645,0.4600414676508725,0.3252106698378201,0.2900853614363138,0.26463070414641976,0.2206841051778985,0.5413480135867522,0.6291669478734961,0.252913155502703,0.47479479766810867,0.3495103165002494,0.41695200213232725,0.7006439729927522,0.32374811200185893,0.3626394749140831,0.3597755588816216,0.3927001961467752,0.374558328036687,0.43403491176393466,0.4953355340044696,0.30490230250343425
VFC,0.5779153766769866,0.6762860599101961,0.5162782313630253,0.3873454575277305,0.46737607556093186,0.3750196488494317,0.5385561683718451,0.2696917947189958,0.5251846991846582,0.4172855347611324,0.22443428399592666,0.6881676337317778,0.5198778012424906,0.49481439462831234,0.4206288998694633,0.37750939514823467,0.3858148854686082,0.5253248040240843,0.5273511984089557,0.3786076996152243,0.3765627536909366,0.452972614629679,0.5422113175762796,0.4162050595130182,0.4848823461067941,0.4535516698188367,0.5628865697551241,0.37881273108755525,1.0,0.5502190419562736,0.4357636397186968,0.43484627272945353,0.3371549052258465,0.35720705174195444,0.46085764958220393,0.42401057279877696,0.37887082333804906,0.4208270969593832,0.31855398136947355,0.3215613843396293,0.4429055693382267,0.4391572857570389,0.4606168713564198,0.5221980740710366,0.3753545335875723,0.454011440756156,0.42352201451844923,0.48841913900450384,0.4622472664584435,0.5009875682583943,0.4241212692815014,0.42707030529186224,0.40964127150391144,0.3998489601487161,0.33610467540100736
HOG,0.5079449695528263,0.5804577669338911,0.5146140578242382,0.2760646259200787,0.4136339094717706,0.4161011215221536,0.47600106616365606,0.23790334637286342,0.380094177789624,0.41153952284024853,0.3223983214756798,0.5665361299626158,0.5272726030112288,0.3345646654407052,0.4182778723200678,0.34476925823834015,0.33255962363036046,0.43174844005221463,0.41905015753251457,0.3584838606059363,0.33717375895509605,0.48620821629453453,0.5644282051787928,0.45944634479161894,0.49365085874014986,0.531918383529454,0.4121508484885763,0.445929783555109,0.5502190419562736,1.0,0.5128213014030987,0.4527182590744622,0.3590079176611754,0.529922737045915,0.43497575494808643,0.44704246120005964,0.3221557009000881,0.4849951134165761,0.3279512571846445,0.36254891926977545,0.4507172684340379,0.5179133587517514,0.3958816011591112,0.5394309693204573,0.3362994552997218,0.5266096679173586,0.40407467968470584,0.42788017960756974,0.4366934887930441,0.46654228090678584,0.43698699417027176,0.4700312331276184,0.3486819455112583,0.4895160573814747,0.34103568231056797
MGM,0.36442293892112443,0.5033522645726118,0.5613065983457703,0.3062418414559968,0.2676515011720966,0.2723330531236545,0.4665525324804024,0.3716659931947936,0.34403939338021716,0.5522937488415592,0.23376321598698732,0.47398834054360667,0.5202058515982203,0.2989710802137488,0.4253992987923646,0.21681755002566538,0.3395170308684927,0.390523445348861,0.4735030993924234,0.1909628961378905,0.46347381109054897,0.4621716933549299,0.573808403051422,0.43580271804571735,0.3429595609592739,0.5783786739236262,0.3418694769647141,0.4511580860995496,0.4357636397186968,0.5128213014030987,1.0,0.3760566641100407,0.27891551649475815,0.49041987172106705,0.47657336564007374,0.4786720100193878,0.3246160785680602,0.38450235444474057,0.30939932612989424,0.23307143388036883,0.5560453529616797,0.5588376755905883,0.40311237774998465,0.4317518572434202,0.3350829352305579,0.5137439430285882,0.5269352934511782,0.4176627779030747,0.4823369507182566,0.43471456201860315,0.40955378317238356,0.6902008624990602,0.4029486968104527,0.45913381037322554,0.37752103281186994
M,0.33297936776870624,0.5130746565541401,0.3844428155771986,0.4011406633003918,0.49545554343848713,0.3027200103910673,0.5566628251628891,0.17135422273124773,0.4900836959175783,0.34304845773027676,0.14649219553043522,0.5324655908781843,0.4614047962234129,0.5193914277392815,0.40687131743052163,0.40656240763095064,0.302938970362609,0.5465222669451428,0.39999760795958766,0.36319088426511575,0.3566570556323264,0.5609138291807078,0.4390566453629339,0.37557612150955616,0.3827885595401874,0.431545017996079,0.43167168853929805,0.3102891212427297,0.43484627272945353,0.45271825907446217,0.37605666411004074,1.0,0.33872997403781374,0.3908937988610132,0.37542405533172246,0.4760581813984702,0.4061434525946734,0.3681919649564963,0.3142633315905777,0.27689471409230604,0.3224389964721137,0.39974336762735685,0.3991706441554783,0.4777492915748806,0.43393387878029144,0.4642274082159515,0.3849092001050492,0.5503580804580056,0.5122002894405694,0.6336917697510369,0.46888676832712156,0.3605476755771876,0.40400120969424624,0.37333144248286204,0.587732060315627
MCD,0.3189685514837323,0.3705956526366563,0.39152977197968575,0.1653071894541102,0.3426360986498133,0.21484979684854305,0.38304793994147857,0.13581342739806443,0.2941528241490399,0.358034320707649,0.10988699310130896,0.32967123091257516,0.323431418448633,0.2734147541655845,0.2893892433304553,0.26561769839316246,0.2294175287287755,0.43428547996576644,0.2992410392414878,0.23887615031731507,0.3010031387954292,0.4269863346081649,0.3660493769164393,0.2242205333588485,0.4756336348473113,0.34415792998810807,0.2618431708924277,0.2342834296428691,0.3371549052258465,0.3590079176611754,0.27891551649475815,0.3387299740378138,0.9999999999999999,0.35465219590207625,0.25284312251397634,0.3043483089539933,0.21704705830216559,0.40637034961639956,0.26219855999223607,0.25100572638344715,0.3738214921579934,0.3353560344021122,0.33672092045973445,0.2874995301362822,0.18483992113203668,0.314245977099741,0.21588802452228867,0.24080686994608144,0.37780627347851253,0.3479430147267587,0.27818081787496207,0.32005180479757117,0.33775149566937374,0.23301564737336058,0.1900989963686232
SEE,0.34223970311541174,0.45168587704484303,0.5389275270468181,0.2919316422752379,0.3433058704148366,0.3217979954706678,0.43737804857467544,0.29370029567469663,0.4365920919116378,0.3966641236973184,0.2851929181904109,0.4558514473589425,0.5084661201449876,0.3203741166500361,0.3697584379303771,0.288888869905361,0.3127683040503306,0.4099105718029516,0.37257763030866425,0.2370342779635008,0.3813482144375932,0.49345093067808615,0.4557578636327735,0.4360194917918505,0.44285582479575947,0.5947046843177188,0.30095305788575677,0.5535526949802855,0.3572070517419544,0.529922737045915,0.4904198717210671,0.39089379886101316,0.35465219590207625,0.9999999999999999,0.4370309873016306,0.47616712528572586,0.3770302456649165,0.38292492063769873,0.3027470893992122,0.3079107460026669,0.505144598942933,0.5533669301635281,0.3634981222491382,0.4529946657489448,0.35671155732395243,0.48369481644777124,0.550553504274892,0.445083841075327,0.4213107205448561,0.4845422827626988,0.3911398763678834,0.44731185735489454,0.4689260661911078,0.4139599572190369,0.3634776190318416
FBHS,0.4055912273591274,0.5047037797710553,0.582365338600021,0.5720431797789663,0.3710638094315961,0.2892559724180272,0.531405803097038,0.4013764504983935,0.5553193888706787,0.44981705134584876,0.20026517494487084,0.5933528569559344,0.5209457450728721,0.39257302587514853,0.47537051022533783,0.34832774762682667,0.40091171050930996,0.43678345527307305,0.5284123333717295,0.33741119544205445,0.35724452088158853,0.4443764800785931,0.5342835443617847,0.4846601238398555,0.33823815853968536,0.41818846621741673,0.3726664775836163,0.49706291412517645,0.4608576495822039,0.43497575494808643,0.47657336564007374,0.3754240553317224,0.25284312251397634,0.4370309873016306,0.9999999999999999,0.5999895775242742,0.570351664351994,0.2865495477348715,0.21428254117000284,0.23341907672301698,0.5212122868977284,0.5090474795133872,0.3869503856336045,0.5260920526143271,0.610736168020597,0.453712278354327,0.44132034561831524,0.5514408635987321,0.501109310435144,0.43580271804571735,0.42994904950752844,0.4112091088984051,0.6963684499662782,0.668548406391339,0.40009978232651233
LEG,0.3423054612743454,0.3927910872744271,0.5102404852419804,0.4965627298598798,0.333759058768172,0.34313071365548925,0.5252483659406761,0.2887787792063561,0.5064332950894206,0.4808337960787665,0.16848304772715755,0.5465819088619236,0.46271200485941893,0.4165317582306403,0.4431639458683896,0.243318098329845,0.42752723078894544,0.4351284138838768,0.44932514687543895,0.34630357840038406,0.3819016872473397,0.5069168280580825,0.5392986203066935,0.3807621564973161,0.3642882710793085,0.5035338179517233,0.35699597881694395,0.46004146765087256,0.42401057279877696,0.44704246120005964,0.47867201001938786,0.47605818139847017,0.3043483089539933,0.4761671252857259,0.5999895775242742,1.0,0.49899064628556394,0.3478481501448024,0.3165107714231462,0.3018837298705737,0.48882791095835104,0.5074230062790996,0.35205129891833026,0.5575579363908435,0.524710157866017,0.49772115866819355,0.43267879492426226,0.5232305128099703,0.517857417453334,0.5274473303599974,0.4672090323276812,0.4586575040303207,0.5832557344837898,0.6461486940767861,0.43978263228188075
PHM,0.20318618908002378,0.3345464362112917,0.37261597316149336,0.848522748241855,0.3797046179921951,0.2122895864515203,0.41739281979783893,0.22551943486451795,0.47071808855992725,0.35003002859349963,0.16050547092312004,0.38542499607023006,0.33246194957592656,0.3547569172750067,0.5015206500864549,0.35422805157584025,0.3909611798205862,0.43748590408627724,0.4588672694591953,0.3385582186865684,0.33971619699643263,0.3997669475597837,0.4769377840010421,0.40029798009371315,0.3868670507589581,0.3331362746357063,0.3452661650229977,0.3252106698378201,0.37887082333804906,0.3221557009000881,0.3246160785680602,0.4061434525946734,0.21704705830216559,0.37703024566491655,0.570351664351994,0.498990646285564,1.0,0.3248962882469126,0.26389600803723373,0.205718503508252,0.44440571627744857,0.3552771301721598,0.36476465804167607,0.36658602095421644,0.863654070899883,0.37275746827137957,0.32192839922988964,0.5309050772626931,0.4057661733663662,0.37757229067995274,0.36619646115678756,0.3068842734026339,0.6274788539758354,0.47156896917010094,0.29830028909437595
CMG,0.4315741633007333,0.3810441569447577,0.3354761988158938,0.24928068125123873,0.4096187098052884,0.3235909212064052,0.4154416036194889,0.07176449381533198,0.22904065774096322,0.2971865386472926,0.23538638180960778,0.3586068794893349,0.41329219035121884,0.3419902473049693,0.41750558710762103,0.3461566390530168,0.32820099252415336,0.381833528113232,0.34799991798741103,0.20050369398369317,0.2821337343411356,0.5167305681422099,0.5047417839976349,0.2431920775582565,0.5060279252865315,0.3490160164319492,0.294015131322658,0.2900853614363138,0.4208270969593832,0.4849951134165761,0.38450235444474057,0.36819196495649625,0.40637034961639956,0.3829249206376988,0.2865495477348715,0.3478481501448024,0.3248962882469126,1.0,0.4728777534018138,0.40077194415294265,0.3791441986344904,0.38598061938366196,0.4982196433819258,0.4270429677622181,0.33019635180666895,0.39605246071938704,0.36609923916328757,0.24490667650817735,0.32548432319492193,0.45288035046713004,0.32079565880029254,0.37416535104805254,0.3563620893067899,0.37765430326888505,0.3365249899192859
AZO,0.297897060532125,0.34319534715245453,0.29487993261303946,0.22283845570295038,0.4245655041382185,0.47336299455299713,0.4061468435404834,0.21187799591823894,0.3034055727554179,0.23306801668624397,0.33424230619400075,0.27371018117947765,0.29449353809143036,0.37888920403314463,0.2520349373628852,0.3765337862255987,0.3277277111378658,0.41178862622079154,0.313530710297364,0.329700859081869,0.29753701320044246,0.418007914214832,0.29216326328380804,0.1672891671261181,0.3535494365051702,0.3236501194331304,0.2961782133557501,0.26463070414641976,0.31855398136947355,0.3279512571846445,0.30939932612989424,0.31426333159057773,0.26219855999223607,0.3027470893992122,0.21428254117000284,0.3165107714231462,0.26389600803723373,0.4728777534018138,1.0,0.5708644903128902,0.3032962226368414,0.23834416441496512,0.43898946821670454,0.41241738940260664,0.2833398259966238,0.36838688071952375,0.1901676653484137,0.3569427073722483,0.4031571456520666,0.45530997341425244,0.18618566283257812,0.3507302537606189,0.29800666523724917,0.3187145893561328,0.31531448410664364
ORLY,0.35414433031978215,0.2753592111750088,0.35169023108795017,0.1679858459819963,0.3716130266858588,0.5407692616556059,0.3840567390913886,0.19426679765922006,0.28857350085568534,0.2821716287215412,0.27304747934956836,0.34078822708292555,0.2787610279262664,0.28534010167989576,0.2725998269192171,0.3591405749434027,0.3078416129170049,0.3236629587263932,0.32594393580471015,0.32738940891950874,0.3030903122067843,0.3811128263528567,0.29762248515655043,0.22708699437175356,0.36415841770256535,0.2679072262805594,0.2670947271841331,0.2206841051778985,0.3215613843396293,0.36254891926977545,0.23307143388036883,0.27689471409230604,0.2510057263834472,0.3079107460026669,0.23341907672301695,0.3018837298705737,0.205718503508252,0.4007719441529427,0.5708644903128902,1.0,0.327440666831381,0.3341847849301611,0.394872158496442,0.4908133007448711,0.20361009473323843,0.3594649015721259,0.19630343130942962,0.3160409072309835,0.3460168296954424,0.357438505456108,0.29677305815818944,0.2968550708171851,0.27844432104566236,0.37536510583491056,0.2091784125596316
IP,0.4285704522310841,0.5025628934041375,0.4912199468457246,0.345631804481988,0.3336203773945967,0.29959198737006126,0.4473410835229874,0.2516455925458246,0.3393646758110703,0.7056540039693285,0.20191841114277703,0.5252667117735906,0.4868984889180489,0.39793327569883474,0.489386204115665,0.31991942256265354,0.4129354466402373,0.4559045646840123,0.521996459789911,0.29846773146344624,0.41836262213398534,0.500331467546935,0.6605419157305253,0.4168372420463311,0.5334064612251314,0.5595738064597303,0.3372323484988279,0.5413480135867522,0.4429055693382267,0.4507172684340379,0.5560453529616797,0.3224389964721137,0.3738214921579933,0.505144598942933,0.5212122868977284,0.4888279109583511,0.44440571627744857,0.3791441986344904,0.3032962226368414,0.327440666831381,1.0,0.5994424847787547,0.4746888647407377,0.5154901277346072,0.3958235089086174,0.482005071111749,0.4248906066113879,0.36330893458812596,0.4413767533411091,0.3760858125055529,0.5116697079668395,0.46871219732228897,0.4562825541135712,0.5176702957237269,0.2593887328371572
BWA,0.4296899494342267,0.5429306369395541,0.5156413651702193,0.35421267420227853,0.30123762228226597,0.3035168907635205,0.4539708222881309,0.2712861475374824,0.3353531798274003,0.4784229635641366,0.15736862383618244,0.5138879040727141,0.5894916154872807,0.2987885151140011,0.4085272662192203,0.27895433770449796,0.3096458929563027,0.44855286100322983,0.4823454937035688,0.23760605048400413,0.45762727799670594,0.45824914933240474,0.6002289522019565,0.47117971341758286,0.4629990491659038,0.6017733589529625,0.40388842519477797,0.6291669478734961,0.43915728575703883,0.5179133587517514,0.5588376755905883,0.3997433676273569,0.3353560344021122,0.553366930163528,0.5090474795133874,0.5074230062790996,0.3552771301721597,0.3859806193836619,0.23834416441496512,0.3341847849301611,0.5994424847787546,1.0,0.36208588946586234,0.600119089215469,0.359160771295017,0.5793459661306919,0.5864311068829156,0.3560596676267434,0.45627269232412127,0.4848178336528755,0.48155441326367304,0.5444461625339114,0.47881081542864473,0.5668920021427876,0.2922059782103683
SBUX,0.3397542356084992,0.4884054702396817,0.4310927076224651,0.3722414723993466,0.37506065514389786,0.3266390557617261,0.4811371045455477,0.14543919914643796,0.455122027897949,0.4794118325474113,0.23023325747168857,0.4598548377175896,0.4130700729228603,0.45259485301166047,0.5109281774752424,0.402374608197483,0.32422850435405076,0.4630533286859532,0.40171132935572273,0.30179607569761957,0.378471290849655,0.4634360541009711,0.5123826300607311,0.3512440327115167,0.4814890752397159,0.4731732487717153,0.35575352483272843,0.252913155502703,0.4606168713564198,0.3958816011591112,0.40311237774998465,0.39917064415547826,0.3367209204597344,0.36349812224913824,0.3869503856336045,0.35205129891833026,0.36476465804167607,0.4982196433819258,0.43898946821670454,0.39487215849644197,0.4746888647407377,0.3620858894658624,1.0,0.5131049282731566,0.36657918657180544,0.39078998626289135,0.32921217961964966,0.4781641481967482,0.3675961149921336,0.4495520062329567,0.3504192893609169,0.4540421954770057,0.4035723347382322,0.33111899343215845,0.2764917748207683
GPC,0.43385684702601846,0.5373328139202701,0.6087799677248237,0.3471832092892925,0.4112487100103199,0.3811500898721287,0.5386655184904217,0.21268616232875873,0.437034834847149,0.47747940926982585,0.1648999788134145,0.5441945338609476,0.5477108236114243,0.5234300515686475,0.5358360841722538,0.4108082432975373,0.45010597573296024,0.5013702936734122,0.4788475864378515,0.3467218884765478,0.4327338898528574,0.5193857257088963,0.5418046714754261,0.4990278057827705,0.4190194028116649,0.5346965694731479,0.43781395444200677,0.47479479766810867,0.5221980740710366,0.5394309693204573,0.4317518572434202,0.47774929157488055,0.2874995301362822,0.4529946657489448,0.5260920526143271,0.5575579363908434,0.36658602095421644,0.4270429677622181,0.41241738940260664,0.4908133007448712,0.5154901277346072,0.600119089215469,0.5131049282731566,1.0,0.4206323170606688,0.549084534476042,0.4069844329110162,0.46870878013108347,0.5158903798298583,0.561253152358887,0.48883261914037135,0.46680540462961057,0.4417321415300903,0.5665873878306986,0.4138696956649512
LEN,0.21501992222472815,0.3723644912827451,0.41662430769797987,0.8267723262187412,0.3604897518435746,0.2371530696628599,0.4642664315639117,0.2027438360225967,0.5090589738858248,0.36302732644725016,0.19071002398868223,0.4018514341951489,0.3451841524340653,0.36306072028014336,0.4707932667664486,0.350344410452983,0.38356808033153944,0.4260929886070845,0.4091061311244609,0.3870549962752615,0.34205018245642294,0.4101039509564718,0.45270987765607257,0.3800476358104045,0.3356809436915233,0.3156812023105054,0.2952726576862882,0.3495103165002494,0.3753545335875723,0.3362994552997218,0.3350829352305579,0.4339338787802915,0.18483992113203668,0.3567115573239525,0.610736168020597,0.5247101578660172,0.863654070899883,0.33019635180666895,0.2833398259966238,0.20361009473323843,0.3958235089086174,0.359160771295017,0.36657918657180544,0.4206323170606688,1.0,0.3630799827773563,0.31955173056412467,0.549494597420704,0.3674611358242033,0.3593586615545486,0.33528454951168335,0.3030467676788387,0.6340313237101766,0.5102584079989612,0.3035422604036386
KMX,0.45111024542267236,0.5303412407137829,0.513520555704296,0.31959964187836165,0.3692309269472864,0.3767760851290673,0.5841209959062048,0.3393478797593142,0.466781484291172,0.33126108986292907,0.2812006643019703,0.5444269028629228,0.440188902329841,0.3272040104312136,0.4522618388589315,0.3319957865997652,0.31377701612329073,0.4445526554992858,0.43576705690990236,0.3409194978095804,0.34918199454280646,0.5524026271365988,0.5447451670198332,0.5580873232057243,0.39203042667049387,0.6299442654246603,0.3838052474388152,0.41695200213232725,0.454011440756156,0.5266096679173586,0.5137439430285882,0.4642274082159515,0.314245977099741,0.48369481644777124,0.45371227835432704,0.4977211586681935,0.37275746827137957,0.39605246071938704,0.36838688071952375,0.3594649015721259,0.482005071111749,0.5793459661306918,0.39078998626289135,0.549084534476042,0.3630799827773563,1.0,0.41044777395020066,0.4407493216875457,0.5252346971641768,0.5619639281296346,0.4622161168406016,0.4647345867590675,0.4695549360943697,0.4971944860202707,0.3871848495410712
F,0.34569337728317884,0.4111243812770468,0.3792882802489869,0.3593229142686622,0.19159605859397774,0.311545210529779,0.3806873031951363,0.30535348918944666,0.3276368463990635,0.4832347325435249,0.14052929146070378,0.40889636119066475,0.404664148189155,0.2736390492613401,0.31888879207216436,0.25404918222085693,0.2586248286078381,0.3455037221991386,0.3513539835302525,0.20624904959153384,0.4003215654217908,0.37903849998703915,0.45370831536151546,0.3122519311571336,0.3058435977780481,0.5254386429542022,0.2583785686371772,0.7006439729927523,0.4235220145184493,0.4040746796847058,0.5269352934511783,0.3849092001050492,0.21588802452228867,0.550553504274892,0.4413203456183153,0.43267879492426226,0.32192839922988964,0.36609923916328757,0.1901676653484137,0.19630343130942965,0.4248906066113879,0.5864311068829156,0.3292121796196496,0.40698443291101627,0.31955173056412467,0.41044777395020066,1.0,0.345963336772173,0.4001845294322504,0.37587758191970244,0.3898163762944766,0.4281147430400713,0.38668996066287875,0.39618605335125007,0.3822609278113617
HD,0.29858391596443384,0.4798078171666017,0.4667665056885172,0.5335704864029962,0.5321865239647618,0.31236886528748825,0.514939959950519,0.25246913632990603,0.7568497597714582,0.3588720183914698,0.22424975567082878,0.5472836747107347,0.4533109165590251,0.4684438399819585,0.46485077126005503,0.4641267232270941,0.35136615149630396,0.5286770685966962,0.4372672038491241,0.40374797531421075,0.4079963777813048,0.3779208441829154,0.4114352984194416,0.4278338009230923,0.3650038614260622,0.42230476665876676,0.42517034698159495,0.32374811200185893,0.48841913900450384,0.42788017960756974,0.4176627779030747,0.5503580804580056,0.24080686994608144,0.445083841075327,0.5514408635987321,0.5232305128099703,0.5309050772626931,0.24490667650817735,0.3569427073722483,0.3160409072309835,0.36330893458812596,0.3560596676267434,0.4781641481967482,0.46870878013108347,0.549494597420704,0.4407493216875457,0.345963336772173,1.0,0.4904801243177013,0.5492588112275234,0.4018856061072041,0.46539068747052664,0.5211853221262659,0.409536697216356,0.3867713694052036
HBI,0.38346043871660773,0.5856746096498573,0.5009730468583146,0.3525980499783014,0.5061257476181868,0.38860331587446084,0.6120707256670248,0.3645636666524284,0.43445864383541216,0.4241783776857034,0.23191983946030467,0.6469551518902434,0.5213971881620046,0.4693122104467434,0.46070611190815,0.5163435991627868,0.47641536030071346,0.6181516226121408,0.4743868485868644,0.24826257036225338,0.4324267062853282,0.5821754028660423,0.5326658408440478,0.3812542341328162,0.3344322460107615,0.5098812777290961,0.5421036759613477,0.3626394749140831,0.4622472664584435,0.4366934887930441,0.48233695071825666,0.5122002894405693,0.37780627347851253,0.42131072054485613,0.501109310435144,0.517857417453334,0.4057661733663662,0.32548432319492193,0.4031571456520666,0.3460168296954424,0.4413767533411091,0.45627269232412127,0.3675961149921337,0.5158903798298582,0.36746113582420326,0.5252346971641768,0.40018452943225036,0.49048012431770127,1.0,0.5728669660700344,0.5001063601673176,0.43903597536560773,0.4694733245055744,0.5149899491779684,0.4064872013267031
JWN,0.47957203097342105,0.6361682351574299,0.5083605925758188,0.35780383955603845,0.5717063402565626,0.44399907052399207,0.5365844490462619,0.32118036719471194,0.5248361456816955,0.3110705983764337,0.19896937513241614,0.6186653818027733,0.5505641782680308,0.6015883159034158,0.39351007046248265,0.48047287132316774,0.3107835540699489,0.4843355955139113,0.3901919778019259,0.3600147622660078,0.40785114442544884,0.5636691065411874,0.4962415136121468,0.4497824950391389,0.4377626965739241,0.5161035685879837,0.48169752390325243,0.3597755588816216,0.5009875682583943,0.46654228090678584,0.43471456201860315,0.6336917697510369,0.3479430147267587,0.4845422827626988,0.43580271804571735,0.5274473303599975,0.37757229067995274,0.45288035046713004,0.45530997341425244,0.357438505456108,0.3760858125055529,0.48481783365287556,0.4495520062329567,0.561253152358887,0.3593586615545486,0.5619639281296346,0.37587758191970244,0.5492588112275234,0.5728669660700343,1.0,0.45485206979271314,0.43309481338718825,0.4302401176883227,0.5304950143180311,0.6101497413186256
LKQ,0.48100041689732703,0.46869169417505585,0.507323474158936,0.32543962164858975,0.31539307950437057,0.3293215508580567,0.46282779406638913,0.2165185455397437,0.34803408989946627,0.3688997745507523,0.04240734286046241,0.5491460439177414,0.4249277264060033,0.4295629055817752,0.474453078547557,0.3042208327532333,0.38590885830704075,0.4673384864576713,0.4935551773863954,0.3283818232765396,0.25182438728786377,0.4418154853436668,0.50866643144999,0.39391464510869445,0.349725599546197,0.46967403301975647,0.41652827042284324,0.3927001961467752,0.4241212692815014,0.43698699417027176,0.40955378317238356,0.46888676832712156,0.2781808178749621,0.39113987636788333,0.4299490495075284,0.4672090323276812,0.36619646115678756,0.32079565880029254,0.18618566283257812,0.29677305815818944,0.5116697079668395,0.48155441326367304,0.3504192893609169,0.48883261914037135,0.33528454951168335,0.4622161168406016,0.3898163762944766,0.4018856061072041,0.5001063601673175,0.45485206979271314,1.0,0.3866961911986823,0.39306446280441254,0.4753996405114851,0.2482999473752554
WYNN,0.27090808439095404,0.4272514164257546,0.4658763266190017,0.3038703107593682,0.2689192791093432,0.2757058208434995,0.35998059035395263,0.33394871304209955,0.40995017735222355,0.3992632529468349,0.17987411067598874,0.47722442061523107,0.5095305462721861,0.2733249725785427,0.38156357000799623,0.23494918205195706,0.32370225645882866,0.40435965253999817,0.3744899842125766,0.17795023202728286,0.44453879874236946,0.46564355961973497,0.5421720198438441,0.362585729079438,0.35127016997109056,0.5208739838123339,0.312830186100233,0.374558328036687,0.42707030529186224,0.4700312331276184,0.6902008624990602,0.3605476755771876,0.32005180479757117,0.4473118573548945,0.41120910889840506,0.45865750403032074,0.3068842734026339,0.37416535104805254,0.3507302537606189,0.2968550708171851,0.46871219732228897,0.5444461625339114,0.4540421954770057,0.46680540462961057,0.3030467676788387,0.4647345867590675,0.4281147430400713,0.46539068747052664,0.4390359753656078,0.43309481338718825,0.3866961911986823,1.0,0.33280737020440987,0.5110272760202024,0.3795235068583027
MHK,0.319362419920308,0.4594947165909015,0.4215283413779848,0.6107158081965338,0.3273552369782606,0.27880032565870183,0.5227999463502431,0.17754730682157965,0.5502314721872307,0.4314570073896887,0.17434866144241,0.44806420224338056,0.46523047692941083,0.3876905412610433,0.4463658567633454,0.3732946051001667,0.3973431292981932,0.49809534142486134,0.4301427276557653,0.38106498563510927,0.3151019753114684,0.46471789781068795,0.4910136260732135,0.3908975889063,0.38518441315257906,0.3769724752628038,0.4117172169347391,0.4340349117639346,0.4096412715039114,0.34868194551125836,0.40294869681045264,0.40400120969424624,0.33775149566937374,0.4689260661911078,0.6963684499662782,0.5832557344837898,0.6274788539758354,0.3563620893067899,0.2980066652372492,0.27844432104566236,0.4562825541135712,0.47881081542864473,0.40357233473823223,0.44173214153009027,0.6340313237101766,0.4695549360943697,0.3866899606628788,0.5211853221262659,0.4694733245055744,0.43024011768832277,0.3930644628044126,0.33280737020440987,1.0,0.5571547074841148,0.3100095596006773
WHR,0.4092325671990651,0.47307253330052823,0.5337674308938509,0.45343051825121816,0.36184979394337025,0.4130393182020106,0.500105932927371,0.3592154464010141,0.45844353774971125,0.4083939956483524,0.15410507179518723,0.5513603838189162,0.5675339497946268,0.418323725300337,0.4331358196816545,0.3317617088022151,0.3783295217381914,0.3885824807441276,0.48436293304355543,0.3780165255366698,0.4297642948825328,0.5173217422207642,0.5509969236711901,0.47703468802924803,0.41737573384181137,0.442097205755784,0.40763332171488326,0.4953355340044696,0.3998489601487161,0.4895160573814747,0.45913381037322554,0.373331442482862,0.23301564737336058,0.4139599572190369,0.668548406391339,0.6461486940767861,0.47156896917010094,0.37765430326888505,0.3187145893561328,0.3753651058349105,0.5176702957237269,0.5668920021427877,0.33111899343215845,0.5665873878306986,0.5102584079989612,0.4971944860202707,0.39618605335125,0.409536697216356,0.5149899491779684,0.5304950143180311,0.4753996405114851,0.5110272760202024,0.5571547074841148,1.0,0.3707379082689193
KSS,0.29083030911911645,0.41141273518818466,0.36841453298502785,0.2961918821205722,0.38715751201142706,0.30820672639916896,0.39655478782659803,0.3185542535097882,0.32664930733534264,0.18429782213682167,0.10194506523418012,0.41070537660864276,0.4013046836022663,0.5631242802549307,0.22590025902309335,0.3567653182135186,0.2545023668341736,0.3166813605888504,0.25878047280257516,0.2810503078889276,0.38249681774843775,0.5037213212228077,0.3754351583144694,0.3740231071280769,0.2660864275999699,0.41317741775888195,0.28387290782468444,0.30490230250343425,0.33610467540100736,0.34103568231056797,0.37752103281186994,0.587732060315627,0.1900989963686232,0.36347761903184156,0.4000997823265124,0.4397826322818808,0.29830028909437595,0.3365249899192859,0.31531448410664364,0.2091784125596316,0.2593887328371572,0.2922059782103683,0.2764917748207683,0.4138696956649512,0.3035422604036386,0.3871848495410712,0.3822609278113617,0.3867713694052036,0.4064872013267031,0.6101497413186256,0.2482999473752554,0.3795235068583027,0.3100095596006773,0.3707379082689193,1.0
