tickers,EFX,UAL,AYI,CAT,AME,FLS,FAST,URI,NOC,ITW,WM,TDG,PCAR,HII,PWR,FDX,PAYX,ROK,HON,XYL,CMI,GPN,UNP,CHRW,KSU,JBHT,NSC,LUV,MMM,JCI,AOS,RSG,CSX,DAL,DOV,ETN,BA,PH,ALK,SRCL,UPS,MAS,SNA,VRSK,RHI,LMT,TXT,ADP,GWW,PNR,AVY,EXPD,ROP,DE,EMR,FLR,CTAS,GE,SWK
EFX,0.9999999999999999,0.17222323919529117,0.46745862104882213,0.4193018120625068,0.47754271172122287,0.45907937482312944,0.36694528669697585,0.36641493142776316,0.44769050008010514,0.46355803238200005,0.44165539572530416,0.43343789039726616,0.44348803099187983,0.24511038592524112,0.5010737878772465,0.4870661673253035,0.5323393515953168,0.37002757298123107,0.49927167907455505,0.42108071405304465,0.39477976263394365,0.42065121844261877,0.47187855414881796,0.36703537691485405,0.3796380279409539,0.33616082427122124,0.4087710524987727,0.18524547293856408,0.5220811049751681,0.4500662944390665,0.4613707579587735,0.4291043423761645,0.4690314938168148,0.14663320594401905,0.4797237748266184,0.45218200361435446,0.48595223774602286,0.47567908308974816,0.3004627762630548,0.4186815349656421,0.4725923730555978,0.4502064761150207,0.5238875609610629,0.3810786123227255,0.5804960115472677,0.43801748061982765,0.4950134653410837,0.6215435660590737,0.39097807142137175,0.40787183380970515,0.4091791834639694,0.4274608415674192,0.4898656723882239,0.3995797528983745,0.41762743901599775,0.45400429697881206,0.47335238820555403,0.4247302676920365,0.42171043244604195
UAL,0.17222323919529117,1.0,0.21532414051288454,0.1767440238714816,0.2097489897562569,0.19175912706131934,0.039844527066457705,0.18877886214072578,0.049392752671044086,0.17875717080368056,0.009412576499043203,0.1204144476783663,0.1470019342359768,0.1672416767293428,0.2140748040530878,0.3753959311309225,0.17768341001972052,0.12295158306002521,0.15409474453036973,0.07341383172048296,0.11308857479473976,0.17140584189634017,0.19673785780612862,0.20740102520061401,0.1399348158805545,0.27707655096730155,0.19814274723113967,0.564343884925812,0.1957277936569204,0.24573341573111554,0.20515848492733402,0.12516252520017834,0.1939287056238922,0.7664569561186876,0.12354335881728996,0.1025640555092693,0.11699191437977824,0.06368492816347891,0.5327608924645544,0.17521902377972468,0.2586155322741579,0.25069827019845187,0.23013931919085623,0.1316528358395208,0.190805205196709,0.15320103208189126,0.20377846014377707,0.13864863823321208,0.08507350660757154,0.1557822258496974,0.1959524185290264,0.26459210376607123,0.09916904928814978,0.19017181950856055,0.05105908185226656,0.1476093650787825,0.1554509831988569,0.19410899488290054,0.12291941172800311
AYI,0.46745862104882213,0.21532414051288454,1.0,0.5845246440748884,0.6219706451245876,0.649330724989815,0.44550005688929345,0.5515545458215732,0.4744181693392401,0.6473340943040973,0.4415671050381714,0.47709380126918177,0.584363151887073,0.3010856679353591,0.4864410543265238,0.48677782712261297,0.5410771995023278,0.6295427153915175,0.6031623106595856,0.5315728841646845,0.577516250151399,0.5423254631786385,0.509953791212623,0.46738521547522877,0.573904697587527,0.46277054529305334,0.5263665938575688,0.20893887196739686,0.6113751164169627,0.5210382667843539,0.688475462581352,0.3188219090883419,0.5014022784227478,0.20195157893097004,0.5886738922186457,0.5424302372100023,0.5066175094234362,0.6628110336080691,0.3745682836683685,0.43175670467850213,0.4962388767472025,0.6110093628766163,0.5946952544673653,0.31917646324768134,0.6484620593605906,0.43796497821690605,0.6106233463674747,0.5149408074999908,0.5117935392004096,0.5593614816181564,0.5253285815480495,0.541439262421135,0.5525418503334447,0.4753506377797883,0.532262896556463,0.5857486814529893,0.47411100115572885,0.47111616388724814,0.599787490961943
CAT,0.4193018120625068,0.1767440238714816,0.5845246440748884,1.0,0.6247637259183951,0.6594808760217135,0.46768688132893393,0.5901144759394992,0.5254221736114425,0.6604388183176184,0.48090760073128686,0.4474563145280575,0.6890339463919343,0.27476611159844233,0.4720333555393448,0.5447168197783887,0.4413016389958089,0.6033204093645961,0.6807152635809425,0.572730471708864,0.7804256787259735,0.4349036482148886,0.5413897136816916,0.5112395402792977,0.5574655269233169,0.3828080555239504,0.5431324268663136,0.2247201527203195,0.689300673955522,0.6085615673191687,0.5498389435837455,0.38302911185715327,0.5832441377528516,0.17296280034924522,0.7010816306306636,0.6945063293926792,0.598433158750491,0.7250498699814197,0.2987825691204915,0.3449821808051854,0.5157941484675157,0.4931842956187904,0.63478387334609,0.24688301726131273,0.6080687517558784,0.4895690727779226,0.7009938655880456,0.48868910311193886,0.427661460369914,0.5496187268629651,0.6067022928220392,0.5722145350309588,0.5602347509166518,0.7014856829311218,0.6032736133114303,0.6857398727881995,0.5271621267613877,0.6154376229039722,0.6361801225138461
AME,0.4775427117212229,0.2097489897562569,0.6219706451245876,0.6247637259183951,1.0,0.6193023537486375,0.5552266579558759,0.5073332134376182,0.4959571898891209,0.700773327363016,0.4333620690609396,0.5749910995782852,0.6151751272668549,0.3531320308743701,0.483369026843434,0.5476530413750326,0.5906484154599893,0.614231230309593,0.6311371619216103,0.5428378870022699,0.5874516899790427,0.48453778991259705,0.4789417857365696,0.5190599865760103,0.5964713956962333,0.46086567153223057,0.49347080362133233,0.21107130388028672,0.6043217551283242,0.6323238690610395,0.62940232723202,0.39710927658008877,0.5374096134882447,0.2562588574147469,0.6925133689839573,0.5603650457500028,0.5492532821452035,0.6432263996179055,0.3997353730286025,0.4260604347810129,0.48480961320796534,0.6023364983355294,0.6332946577718129,0.32257881002279243,0.6545804223406512,0.48900752039756445,0.6641708771645595,0.5915176072696259,0.5239990677488147,0.5819236022317742,0.47348408384380775,0.5527694075071846,0.6128665230364936,0.5632675757029979,0.5907249305056292,0.5979211551095761,0.4559238527282808,0.5389028207182408,0.6158284365721082
FLS,0.4590793748231294,0.19175912706131934,0.649330724989815,0.6594808760217135,0.6193023537486375,1.0,0.46385144186831784,0.563070039895911,0.47950884353242146,0.6404963682609127,0.4442987525559772,0.5244513853460521,0.6507364410792082,0.36629364418132637,0.4996540757591679,0.5718328262233952,0.5070313976940006,0.5760438157869385,0.6343174569384752,0.613009027509262,0.7084754036387128,0.515269061495605,0.5097959693018033,0.5149786366842143,0.5243376067591822,0.47548254966802356,0.5123553049979184,0.2736211107089386,0.6610459381468784,0.6319504182053828,0.6375310769378252,0.3942473649625693,0.5804712371216929,0.19727380875372716,0.6807849988438628,0.6248389665968092,0.5388186846461303,0.6960784853484819,0.3428479147321249,0.39185712345710727,0.5173154810741355,0.619819862805046,0.6313182127028092,0.3258930701500043,0.6417656266928521,0.4913087840739341,0.6889828786088167,0.5997078454159996,0.5071212680104774,0.5486029772383657,0.5412410674633615,0.5182889902700957,0.5583463934023102,0.6001098330895523,0.5595037049169936,0.7032287426732097,0.5285788543317415,0.5474068915329795,0.6381473909835975
FAST,0.3669452866969759,0.039844527066457705,0.44550005688929345,0.46768688132893393,0.5552266579558759,0.46385144186831784,1.0,0.4546023438388896,0.34974436520724217,0.5445222950976111,0.4373902627469212,0.5215463611038725,0.48809545656410686,0.2478409595572178,0.3745377736432221,0.47264726068876417,0.44672268786071817,0.45178194323827026,0.4285286960606917,0.3892954487168427,0.4735795110456986,0.3642709053534055,0.4529488840522794,0.3671829372414847,0.45321314399597745,0.34338744545050814,0.40371689121894655,0.009158262875453268,0.44846696977084216,0.4526765736664404,0.44962381937462265,0.33649529147533835,0.3687223782358106,0.02757296858104105,0.5046630869231701,0.4041965947170033,0.4340763197398508,0.5047355835851389,0.17226445079810174,0.3956888926407276,0.4511421005408419,0.49119133521006836,0.4671136148529329,0.31830660759967555,0.4696623522489314,0.35449370363981375,0.5547378480514386,0.5170090123825728,0.6427621087258973,0.4806899756890422,0.30980991635438726,0.43848248727331457,0.4656829100892245,0.39250510742221645,0.41266686577932843,0.4649121519201055,0.36720128863488305,0.3924351573817419,0.4879981942237181
URI,0.3664149314277632,0.18877886214072578,0.5515545458215732,0.5901144759394992,0.5073332134376182,0.563070039895911,0.4546023438388896,1.0,0.3788716834459496,0.5464913987058604,0.437560015783802,0.39985098675397035,0.5095830932360466,0.2593032346151164,0.3958272544265699,0.4682025552468445,0.419520180303321,0.44776665836270835,0.5063697657262194,0.4818782284115862,0.5896061425755802,0.4086207584733479,0.4529984327917228,0.4395654206529797,0.5146223835512866,0.40167144414388956,0.42245274630900576,0.1333944434733639,0.5134896566913667,0.4894169808196339,0.559264219233145,0.31168410515352835,0.4260815987040422,0.21720800983269944,0.550600273802664,0.5020333334556759,0.4252291170414632,0.558943839154427,0.2616779038314022,0.29636385658025616,0.44674510063075645,0.4941642595766702,0.5282301778571726,0.27520470969944105,0.4805263920935499,0.35883197104885506,0.5551746112143197,0.4470185367687376,0.45071451248614663,0.4951582142443119,0.40834767799925864,0.4573477110317516,0.4815458472650932,0.5068260301669913,0.4763150035028723,0.5509654663637465,0.45772412442066024,0.42313533016114724,0.4904554446724095
NOC,0.4476905000801051,0.049392752671044086,0.4744181693392401,0.5254221736114425,0.4959571898891209,0.47950884353242146,0.34974436520724217,0.3788716834459496,1.0,0.5537236795260938,0.4475194723367963,0.42234427932276053,0.4747448239918667,0.2600996847232061,0.39930851854569854,0.4610143177505607,0.49167848814632575,0.533619064528602,0.630126000609266,0.4631689828419547,0.43559948469310983,0.3595775321852733,0.491987785318158,0.4025194627997034,0.4478435287511149,0.4082650967668531,0.5043596028942513,0.26046774949066154,0.6148618827623283,0.3696888200100312,0.5256903450108391,0.334074732691428,0.4349921341207142,0.10852830541858148,0.48155318781908474,0.5632076752832538,0.6167496760980551,0.5221914530111543,0.2364062115767877,0.3426588954668409,0.533571167720019,0.4089184060721062,0.48877101177201154,0.2996817869844637,0.6361170600303967,0.6844516055626718,0.5556673461270657,0.5641483014853962,0.42013003815330685,0.4968401194492719,0.5430468437452974,0.42958023041998983,0.551013179964692,0.4782207957072924,0.5641897332212656,0.5080782796677665,0.532083052901159,0.5624202284633588,0.47900418044549825
ITW,0.463558032382,0.17875717080368056,0.6473340943040973,0.6604388183176184,0.700773327363016,0.6404963682609127,0.5445222950976111,0.5464913987058604,0.5537236795260938,1.0,0.4804745010912451,0.5518316517347565,0.6608572298951403,0.30490642628799197,0.5435726908877843,0.5626534634568872,0.5179946156760483,0.6492071509875339,0.715201186233525,0.5820071010717367,0.6599268146767037,0.5119217642683623,0.5665402867954445,0.4082350042736237,0.545878462447561,0.46970920395362237,0.506123171799834,0.2176548662619496,0.695344708144186,0.5685353431779981,0.6426557035443182,0.4342829301102475,0.5354515162192531,0.18969835355888273,0.6818310277876672,0.7171831358112598,0.6458127644893361,0.751894325192075,0.307820626222661,0.4584726509309658,0.5669120251350576,0.5622093599403948,0.719906811624399,0.28673672002025996,0.683247173423892,0.49618107678586504,0.6965932014511179,0.5689710543083113,0.5780806985293732,0.6019486427080684,0.5316084254878716,0.5422026800362624,0.6568144197842612,0.5361689906413046,0.6768177399250416,0.6200767821947523,0.5187893035233845,0.6105497090897606,0.6321960368348999
WM,0.44165539572530416,0.009412576499043203,0.4415671050381714,0.48090760073128686,0.43336206906093955,0.4442987525559772,0.4373902627469212,0.437560015783802,0.4475194723367963,0.4804745010912451,1.0,0.4540077086815744,0.4293614028944521,0.2536238832756422,0.45044188636311705,0.46510313420569516,0.45478448737712796,0.4420756493823879,0.5100546559557075,0.36381854589320334,0.48805649754392544,0.2850570325416838,0.5500448011088857,0.4535234324081022,0.4537324334866326,0.356250146285877,0.5131012701827576,0.10679214328829187,0.48196693488607095,0.3895503653377452,0.4435479135587873,0.6325504318356722,0.4530351913045561,0.008929013836423976,0.5372555155518898,0.4818297726343419,0.4700195491873556,0.48172696968076584,0.1178847670658586,0.5610136000433332,0.4753892054785368,0.34557956214594976,0.4910553872895378,0.24252111707965635,0.510118905390245,0.3961907419039655,0.5015378715221251,0.47863103564018084,0.4532864019309338,0.42760534332952527,0.42898519346136493,0.4839484740514106,0.49650010535677347,0.4419370941373668,0.47693376331023807,0.5585875079919127,0.4331053442477789,0.3783941014009515,0.4660078720130705
TDG,0.43343789039726616,0.1204144476783663,0.47709380126918177,0.4474563145280575,0.5749910995782852,0.5244513853460521,0.5215463611038725,0.39985098675397035,0.42234427932276053,0.5518316517347565,0.4540077086815744,1.0,0.4665656117067155,0.34564099552593236,0.41151221195223786,0.4021008665523987,0.44344143011851855,0.4369044686102169,0.5150554762367916,0.42192147347012315,0.5100418778605222,0.3305685404530149,0.4321329080705721,0.4049757968060744,0.49402845932782546,0.33396767954077494,0.4192293240585832,0.12367095768124106,0.45354113237344007,0.44105922407560644,0.47386601005386075,0.44028477810325634,0.4425125489363915,0.15404526646454228,0.4995760830069846,0.42561816640301847,0.48361588349072704,0.5130432708109139,0.24005630204911566,0.39812045115044836,0.4050488423014361,0.4515615193478652,0.49668505017505576,0.32307062714023027,0.5277262408779396,0.40908540367541535,0.5491269095198891,0.4405478265504733,0.4570127193690403,0.42175814606887774,0.3660073625756536,0.3573216520650814,0.48770090178705794,0.44363667727840655,0.4545374049570345,0.41255381543645103,0.4452433417704333,0.4321688408615252,0.47626431866812996
PCAR,0.4434880309918799,0.1470019342359768,0.584363151887073,0.6890339463919343,0.6151751272668549,0.6507364410792082,0.48809545656410686,0.5095830932360466,0.4747448239918667,0.6608572298951403,0.4293614028944522,0.4665656117067155,1.0,0.26394062959931586,0.4583780649170802,0.5302412473069343,0.5684760686807628,0.6290206182493341,0.6454549124822451,0.5641493601557893,0.7298400860312928,0.4985536794811641,0.48087418657486086,0.43178442985207355,0.5061550545219649,0.4081586587339746,0.4964336360854982,0.3026759543068975,0.612496387068025,0.6164682651648535,0.5378921864814109,0.37055378311339116,0.4660959678715478,0.16707108549870062,0.6587633368690337,0.6920454086669922,0.5333646530303643,0.7087189425190448,0.33837568221273656,0.3487130173714211,0.4874522174944942,0.6487691726094569,0.6738659182969148,0.3230724622787282,0.648946536813121,0.43620324525891974,0.6711132092871602,0.5924939027421491,0.4865731845408502,0.5410660599696578,0.5105795734404076,0.5215408556883788,0.6136354460671147,0.5982453315202786,0.5827696014674387,0.5824215753562921,0.46814037531357133,0.5833565020693033,0.6270081003013298
HII,0.24511038592524112,0.1672416767293428,0.3010856679353591,0.27476611159844233,0.3531320308743701,0.36629364418132637,0.2478409595572178,0.2593032346151164,0.2600996847232061,0.30490642628799197,0.2536238832756422,0.34564099552593236,0.26394062959931586,1.0,0.3278958079859885,0.3835641325850862,0.3471453241305737,0.25654972700011097,0.34255612771095834,0.30975133403163646,0.23416734260934674,0.37469725907960044,0.26021529844857394,0.32128793749151763,0.30098657045647237,0.32832279352122706,0.20787357358062186,0.17537050316311054,0.31201328641504733,0.26883782001965506,0.37800750663750937,0.23945272248885055,0.28479579678989186,0.18787789533376512,0.3174495979211551,0.25305825830675444,0.2887755588914296,0.27730828731761803,0.2686128922149755,0.3009058243625647,0.3948087506911369,0.307671980004331,0.2821581789178572,0.2550824160699408,0.3181218424095631,0.2633387041720039,0.3887513299025812,0.29930796800297044,0.24970775365831702,0.3104211598906767,0.301370114402534,0.34046957523884325,0.28370140094472934,0.2814397218663113,0.22487155171585602,0.3520749910995783,0.3000975835344274,0.2978149823260816,0.29911472918861187
PWR,0.5010737878772465,0.2140748040530878,0.4864410543265238,0.4720333555393448,0.48336902684343397,0.4996540757591679,0.3745377736432221,0.39582725442656996,0.39930851854569854,0.5435726908877843,0.45044188636311705,0.4115122119522379,0.4583780649170802,0.3278958079859885,1.0,0.5170732423478703,0.47209274159301123,0.41766563424636066,0.5329160220739838,0.45135793678618424,0.4928163371677746,0.41536291127310637,0.5698372412688958,0.31632721879105985,0.5327251673199567,0.523681588206058,0.5679243664289877,0.3040987453590974,0.5035156762551978,0.45700191818334795,0.6021892334935763,0.3601592543431007,0.5685713800711992,0.27936836223174305,0.4791720573967039,0.4513182741599438,0.45637225485793026,0.45251378194070274,0.42636401507090294,0.42645210188045396,0.49120414889634373,0.5734598113116791,0.5195582627993508,0.34892286348254903,0.5231265002312283,0.37582237294917364,0.4800338767348366,0.5213023658692348,0.4303213706332719,0.42742125287985844,0.4152063525277813,0.45498672274936824,0.506451441229517,0.4291719790228902,0.4498806469065819,0.5236852584897893,0.47497347071868345,0.4672448613515784,0.4999366876064772
FDX,0.48706616732530356,0.3753959311309225,0.48677782712261297,0.5447168197783887,0.5476530413750326,0.5718328262233952,0.47264726068876417,0.4682025552468445,0.4610143177505607,0.5626534634568872,0.46510313420569516,0.4021008665523987,0.5302412473069343,0.3835641325850862,0.5170732423478703,1.0,0.4595614345969762,0.4736191838126527,0.5831262685394867,0.4532335384560807,0.529211734609611,0.4372498760136988,0.5742533739021284,0.6002869240358465,0.5532887517020909,0.5683497333543763,0.5592421975610669,0.4269515904006146,0.5929383805807962,0.5741426114308681,0.5424405793351953,0.38583596906715395,0.5809924176506466,0.39995118529360246,0.49696651606296727,0.47900234530700037,0.470676321942017,0.578794568715109,0.42174602417244433,0.4237518305506517,0.7126333001184656,0.5957079780811059,0.5878841348075626,0.3715127780693609,0.6278148782302188,0.48099347057722447,0.6186906189053953,0.4876834453695654,0.4745218079091594,0.5405448803971443,0.5454857428090099,0.6778524475242147,0.5200929314135337,0.4721015235786081,0.5084372825073676,0.566342091837671,0.5540570113563593,0.4999408165171794,0.5222051758246196
PAYX,0.5323393515953166,0.17768341001972052,0.5410771995023279,0.44130163899580893,0.5906484154599893,0.5070313976940006,0.44672268786071817,0.419520180303321,0.49167848814632575,0.5179946156760483,0.45478448737712796,0.44344143011851855,0.5684760686807628,0.34714532413057375,0.4720927415930112,0.4595614345969762,0.9999999999999999,0.5011004055426749,0.5778096687237314,0.4391748954471925,0.44991769330208836,0.5482579993551011,0.46642675071194767,0.38273650232614986,0.4470860486174048,0.40208803975905083,0.4746521346946399,0.24913162704516956,0.5877494093288755,0.4873725197475926,0.5608714422843136,0.40820373254385994,0.4774314373036744,0.1855453006079254,0.5319326204590499,0.4507141507182598,0.5285669455713573,0.5262170772670184,0.3626285297071615,0.4671754940893624,0.4659779927893699,0.5225843391733869,0.5585518048743833,0.40533626470518813,0.6155801303862596,0.47743401242207845,0.46304844217645197,0.780505843166344,0.44495808498717687,0.4343181546201509,0.4310559667504504,0.44991035268074114,0.5742935110984211,0.45718328302919137,0.5187013884529929,0.5135572100716641,0.4646633796137452,0.5171014322589957,0.5194407180814473
ROK,0.37002757298123107,0.12295158306002521,0.6295427153915176,0.6033204093645961,0.614231230309593,0.5760438157869385,0.4517819432382702,0.44776665836270835,0.533619064528602,0.6492071509875339,0.4420756493823879,0.436904468610217,0.6290206182493342,0.2565497270001109,0.41766563424636066,0.4736191838126528,0.5011004055426749,0.9999999999999999,0.618660339106288,0.5593479746934168,0.6138733781383249,0.3962337383493099,0.4613384313504679,0.4237026705877495,0.4557605253270353,0.41740978340313545,0.4513224478934884,0.2190735294792331,0.5790209430882087,0.6068881986722761,0.5878733936788596,0.3102207178115148,0.4084607458213777,0.11151779856583793,0.607963311894382,0.5639676813611455,0.4830031688269059,0.6955805634537,0.2697434612838644,0.3801546196651179,0.45556683658602,0.5589127900495663,0.575421049975455,0.20799836305573075,0.621280223080536,0.43262033582136905,0.5772919753907702,0.5502115690154211,0.46962770001150156,0.537912619800245,0.5098888777251783,0.44508919006588704,0.630837406195772,0.5054003587699055,0.6320488881344424,0.5086767681912163,0.46236540393729325,0.5595168239512458,0.5486938166356877
HON,0.49927167907455505,0.15409474453036973,0.6031623106595856,0.6807152635809425,0.6311371619216103,0.6343174569384752,0.4285286960606917,0.5063697657262194,0.630126000609266,0.715201186233525,0.5100546559557076,0.5150554762367916,0.6454549124822451,0.34255612771095834,0.5329160220739838,0.5831262685394867,0.5778096687237314,0.618660339106288,1.0,0.5552856371443797,0.6472258211327209,0.5648720057959105,0.5529932944039286,0.43524917292568455,0.5530116457889077,0.4393853754142825,0.5799168773636632,0.30186115244001005,0.7191822615353057,0.6860906990092346,0.6404608768938738,0.4513241043842362,0.5947137796752489,0.2297952305646369,0.682588939987301,0.7018927618467367,0.6592349674629945,0.7090749600409799,0.43089969499998165,0.3970065220822216,0.6015393169979134,0.591433940519491,0.6898664982009479,0.3428570904246143,0.6713481135670497,0.5936709743484341,0.7094804674651187,0.6688981991764136,0.5620507343329639,0.552625602671287,0.5499689861593854,0.531938750417494,0.6720552450093409,0.6352793609678459,0.693284445221393,0.6666397513020308,0.5427204380845203,0.6543243860814244,0.6272246466440823
XYL,0.42108071405304465,0.07341383172048296,0.5315728841646844,0.572730471708864,0.5428378870022699,0.613009027509262,0.3892954487168427,0.4818782284115862,0.4631689828419547,0.5820071010717367,0.36381854589320334,0.42192147347012315,0.5641493601557893,0.3097513340316364,0.4513579367861843,0.4532335384560808,0.4391748954471925,0.5593479746934168,0.5552856371443797,0.9999999999999999,0.5627895219049706,0.4438584224755363,0.5092649303496338,0.35401322218500964,0.46049701996315295,0.3092686923852595,0.4587657764707502,0.17364830455986452,0.5960749086215094,0.5580771401175406,0.5792730092169915,0.33831132456207,0.4544898163304231,0.1093899535250749,0.4956922397922042,0.5789965549847352,0.5053900336335694,0.6075909760533394,0.31102216802447313,0.3738343997787215,0.4929991599638926,0.5112588092423661,0.5009657425206567,0.23857270202707415,0.600240311938126,0.420779099231075,0.5890313671335569,0.5021721207877335,0.4498421089097228,0.5283983355278551,0.49789073672132816,0.38905871574200385,0.5312434766531838,0.5392219923199384,0.5163506402345308,0.5658954952376436,0.46565305757293535,0.575036209764126,0.5900532695072492
CMI,0.39477976263394365,0.11308857479473976,0.577516250151399,0.7804256787259735,0.5874516899790427,0.7084754036387128,0.4735795110456986,0.5896061425755802,0.43559948469310983,0.6599268146767037,0.4880564975439254,0.5100418778605222,0.7298400860312928,0.23416734260934674,0.49281633716777457,0.529211734609611,0.44991769330208836,0.6138733781383249,0.6472258211327209,0.5627895219049706,1.0,0.4387445983775086,0.5131652835839521,0.44227225117923824,0.5746974774186209,0.39952800237833946,0.5244975044399455,0.1956148427905151,0.6189239655546794,0.5986692487077808,0.5785891540512916,0.3352097710597742,0.5188508152864523,0.13621321749935256,0.6669425491541847,0.6935649033432554,0.5616459724215387,0.7357010333696233,0.2809743851368463,0.31399403212960486,0.42953146993100627,0.5746295772941984,0.660766693689163,0.3115496276503988,0.6226874918576065,0.43396804656847454,0.6695854557867464,0.5133956180491177,0.47577153951966367,0.5813492036184054,0.49300812232299174,0.4736822788015812,0.53935270994902,0.6294289367524477,0.5879144146066699,0.6367416748942043,0.5020023664122315,0.5434282930162869,0.5957556916820513
GPN,0.4206512184426188,0.1714058418963402,0.5423254631786385,0.4349036482148886,0.48453778991259705,0.515269061495605,0.36427090535340556,0.4086207584733479,0.3595775321852733,0.5119217642683623,0.2850570325416838,0.33056854045301487,0.4985536794811641,0.37469725907960044,0.41536291127310637,0.43724987601369875,0.5482579993551011,0.39623373834930997,0.5648720057959105,0.4438584224755363,0.4387445983775087,1.0,0.3772783849294453,0.3064962186903149,0.43834270249331664,0.35306736940367045,0.4144342165872878,0.21916457001717746,0.5604278084680497,0.4783003650099185,0.5744030742298952,0.23688292526613688,0.4625391803509277,0.17963744937309942,0.4758061889217961,0.444008700404014,0.5046830505003476,0.5157352161915333,0.36374697259113703,0.34588279229585506,0.4609579912509976,0.5556531748633151,0.5317635529816871,0.2635776349530797,0.47706505357479684,0.41428675638404516,0.5450178651062915,0.5260065193505061,0.4378471003572111,0.3888188476411806,0.44768632301552413,0.312258420888972,0.4384216135573361,0.4351694845271846,0.421923889326442,0.5706793095654332,0.396428263387068,0.4971915331735784,0.5304796278706058
UNP,0.47187855414881796,0.19673785780612862,0.509953791212623,0.5413897136816916,0.4789417857365696,0.5097959693018033,0.4529488840522794,0.4529984327917228,0.491987785318158,0.5665402867954445,0.5500448011088857,0.4321329080705721,0.48087418657486086,0.26021529844857394,0.5698372412688958,0.5742533739021284,0.46642675071194767,0.4613384313504679,0.5529932944039286,0.5092649303496338,0.5131652835839521,0.37727838492944527,1.0,0.41288616493043895,0.7401755860514794,0.5257781904800355,0.7352917022799168,0.2572828651663756,0.5946991975852058,0.4543575613017305,0.532105074573237,0.42685058509520823,0.6615524297995033,0.19357233270527727,0.5157234666500281,0.5297145625580363,0.5364880587537941,0.5119752182451085,0.28673121460476625,0.4713791799867136,0.5881024082576606,0.5262131183040385,0.5604047583328532,0.2525058816188858,0.5964835011580614,0.413287870835612,0.5654073481732471,0.4790197406218553,0.40479375758211145,0.48712213907516855,0.4885120330031308,0.5076250004587847,0.5514517780656907,0.5200922524546683,0.46662087994018686,0.5446048763300168,0.5364928927347857,0.5227278357892146,0.5170319203990326
CHRW,0.36703537691485405,0.20740102520061401,0.4673852154752287,0.5112395402792979,0.5190599865760103,0.5149786366842143,0.3671829372414847,0.4395654206529797,0.4025194627997034,0.4082350042736237,0.4535234324081022,0.4049757968060744,0.43178442985207355,0.32128793749151763,0.31632721879105985,0.6002869240358466,0.3827365023261499,0.4237026705877495,0.43524917292568455,0.35401322218500964,0.44227225117923824,0.30649621869031485,0.4128861649304389,0.9999999999999999,0.46594279595411736,0.4394011756820643,0.4042263278386177,0.16679222084076947,0.4890421435548755,0.42315579881358184,0.4586446572187533,0.30279020453438676,0.45981999077000224,0.13511403102304476,0.4535877203486691,0.3621537378806632,0.371889152078495,0.4634726313702767,0.2794137280351319,0.4217636514868972,0.4906244853002834,0.42396948897338055,0.4343290498102923,0.3006921686805344,0.545500757685062,0.44195752478245637,0.4564645106828098,0.45079913583172593,0.3558002208597619,0.4528951630292659,0.4756057221480256,0.6657628605418675,0.46296436480556297,0.46451527066023757,0.375149449228553,0.4962822370899616,0.5139034808021398,0.38335594388628463,0.4276562839071117
KSU,0.3796380279409539,0.1399348158805545,0.573904697587527,0.5574655269233169,0.5964713956962333,0.5243376067591822,0.45321314399597745,0.5146223835512866,0.4478435287511149,0.545878462447561,0.45373243348663267,0.49402845932782546,0.5061550545219649,0.30098657045647237,0.5327251673199567,0.5532887517020909,0.4470860486174048,0.45576052532703537,0.5530116457889077,0.46049701996315295,0.5746974774186209,0.43834270249331664,0.7401755860514794,0.46594279595411736,1.0,0.5923845422614046,0.6984384340573233,0.22374477616119648,0.5689778727974978,0.4959794390988887,0.5401172929309624,0.39980969526888643,0.7171765228377146,0.19764634203971396,0.5163951273402604,0.5144223534550153,0.5629929640789991,0.5159079272631858,0.29008034236343816,0.41210787678146077,0.5244395017965694,0.543621242095141,0.5849809443719416,0.2867936093136949,0.5440204655030018,0.42899115096216317,0.5859315465499768,0.4866649416341325,0.39603646059925346,0.529189955731907,0.4805346859527489,0.5716383015426174,0.45901401678784703,0.5229917726116097,0.4828269954502816,0.5616092696515806,0.5313719364069724,0.48627264227717637,0.5657016285019031
JBHT,0.33616082427122124,0.27707655096730155,0.46277054529305334,0.3828080555239504,0.46086567153223057,0.47548254966802356,0.34338744545050814,0.40167144414388956,0.4082650967668531,0.46970920395362237,0.3562501462858769,0.33396767954077494,0.4081586587339746,0.32832279352122706,0.523681588206058,0.5683497333543763,0.40208803975905083,0.4174097834031355,0.4393853754142825,0.30926869238525945,0.39952800237833946,0.3530673694036705,0.5257781904800355,0.4394011756820644,0.5923845422614046,1.0,0.5031575866266585,0.2579003895542305,0.4090857790401186,0.41453962547563145,0.5163357222260233,0.3022266755152555,0.5202161614608944,0.2562854669351745,0.4293471678307562,0.37442881314252785,0.35359999119133523,0.4048800092497968,0.3484616033972084,0.3663230063972928,0.5224006591838378,0.45138167577507077,0.4791172612748024,0.3692684036864262,0.5125532879327866,0.3473183121130152,0.5004140533136032,0.36243684818115895,0.3842438389706186,0.4387423606590631,0.3310387984981226,0.4994347773426461,0.46980646629401124,0.31201681354666444,0.42065522732563604,0.3759776700347575,0.4847777485685276,0.35156643553361244,0.41936584954066486
NSC,0.4087710524987727,0.19814274723113964,0.5263665938575688,0.5431324268663136,0.49347080362133233,0.5123553049979183,0.4037168912189466,0.42245274630900576,0.5043596028942514,0.5061231717998341,0.5131012701827576,0.4192293240585832,0.4964336360854982,0.20787357358062186,0.5679243664289878,0.559242197561067,0.4746521346946399,0.4513224478934884,0.5799168773636632,0.4587657764707502,0.5244975044399455,0.4144342165872878,0.7352917022799168,0.4042263278386177,0.6984384340573233,0.5031575866266585,0.9999999999999999,0.31260970697399143,0.5724346219541275,0.4699803181215505,0.4940435937550179,0.4172089146008265,0.8033175725101682,0.27187693549941044,0.46428107728189555,0.4675402847494448,0.5238084096178369,0.48278108536808456,0.3434674315527797,0.4703608939147733,0.5167000280322943,0.5238258434415654,0.49852317093872006,0.2775299575027899,0.5547122565057622,0.44101518073145046,0.517470993315502,0.48569896227313747,0.4266734322265194,0.48683791583129554,0.5596606093305496,0.5245654045955194,0.4668310033945981,0.5265246574022673,0.4469594021113288,0.544584939653794,0.5495474085526708,0.46115886828665964,0.5063433885206144
LUV,0.18524547293856408,0.564343884925812,0.20893887196739688,0.2247201527203195,0.21107130388028672,0.2736211107089386,0.009158262875453268,0.1333944434733639,0.26046774949066154,0.2176548662619496,0.10679214328829185,0.12367095768124108,0.3026759543068974,0.1753705031631105,0.3040987453590974,0.4269515904006146,0.24913162704516956,0.2190735294792331,0.3018611524400101,0.17364830455986452,0.19561484279051514,0.21916457001717743,0.2572828651663756,0.16679222084076947,0.22374477616119648,0.2579003895542305,0.31260970697399143,0.9999999999999999,0.30376263551946175,0.29769460514665064,0.2988149582276216,0.22858875761150352,0.34510241477422077,0.6006111016805297,0.20313432623549454,0.2136395813863877,0.20903246407372852,0.19560694362964795,0.5939199080962844,0.23048799566542513,0.2706707033691655,0.3187242478337663,0.31197383090100794,0.1143622133799212,0.2833937477608209,0.21728967353332218,0.2702987149430877,0.23449270003192416,0.1405792719714939,0.21644285602866487,0.2928230911913161,0.33804000695521363,0.17272882008341606,0.27824028407970014,0.24537384099427892,0.2446607767869812,0.26292970954318773,0.28406527437306905,0.20076149106908614
MMM,0.5220811049751681,0.19572779365692036,0.6113751164169626,0.6893006739555219,0.6043217551283242,0.6610459381468785,0.44846696977084216,0.5134896566913667,0.6148618827623283,0.695344708144186,0.48196693488607095,0.45354113237344007,0.6124963870680249,0.3120132864150474,0.5035156762551978,0.5929383805807962,0.5877494093288755,0.5790209430882087,0.7191822615353057,0.5960749086215094,0.6189239655546793,0.5604278084680497,0.5946991975852058,0.4890421435548756,0.5689778727974978,0.4090857790401186,0.5724346219541276,0.30376263551946175,1.0,0.579281533113575,0.6268529763005961,0.4179826211455624,0.6295288496173952,0.20862341942746712,0.6359733354134266,0.6048328416689476,0.6964641436550666,0.6779763505053629,0.31152238641642355,0.38385351911085275,0.5956958543192152,0.5442300898762195,0.6230661627981785,0.2625736923480348,0.6662084924940845,0.6162042878052941,0.6700953218126943,0.6319289285608803,0.47228153304241716,0.48305132568298703,0.6634527244952717,0.5023843058813771,0.6240137268488223,0.6155182277676754,0.6748382437884627,0.6504241467747855,0.5810019778232994,0.6612701063513154,0.5914390710522889
JCI,0.4500662944390665,0.24573341573111554,0.5210382667843539,0.6085615673191686,0.6323238690610395,0.6319504182053828,0.4526765736664404,0.489416980819634,0.3696888200100312,0.5685353431779981,0.38955036533774523,0.44105922407560644,0.6164682651648535,0.26883782001965506,0.45700191818334795,0.5741426114308681,0.48737251974759255,0.6068881986722761,0.6860906990092346,0.5580771401175406,0.5986692487077808,0.47830036500991846,0.4543575613017305,0.42315579881358184,0.4959794390988887,0.4145396254756314,0.4699803181215505,0.29769460514665064,0.579281533113575,0.9999999999999999,0.5690384324232567,0.378933237786537,0.5436484305402732,0.2744479668940711,0.6464030580762639,0.5573620973074046,0.5165137307419874,0.6420347695319172,0.40303788966320714,0.37837453450547665,0.5024840950480222,0.5578823593102481,0.5914078736689499,0.26058886868709075,0.5996301269878554,0.37621641064182915,0.6037822239146292,0.5629557175482136,0.5203739837328704,0.48757564218436733,0.5080739249180801,0.4871423256079067,0.5833137202817001,0.5898810370377167,0.5823743961241838,0.5987261380273158,0.44638225052416186,0.5227097241312811,0.6000630370363865
AOS,0.4613707579587735,0.20515848492733402,0.688475462581352,0.5498389435837455,0.62940232723202,0.6375310769378252,0.4496238193746226,0.559264219233145,0.525690345010839,0.6426557035443181,0.4435479135587873,0.47386601005386075,0.5378921864814109,0.37800750663750937,0.6021892334935764,0.5424405793351953,0.5608714422843136,0.5878733936788596,0.6404608768938739,0.5792730092169915,0.5785891540512915,0.5744030742298952,0.532105074573237,0.4586446572187533,0.5401172929309624,0.5163357222260233,0.4940435937550179,0.2988149582276216,0.626852976300596,0.5690384324232567,0.9999999999999999,0.3391857724693438,0.4670688077906038,0.18128340528612125,0.5865545763558512,0.6015825324097709,0.5124360511288711,0.6442874072054722,0.399608014237053,0.4713243420681874,0.5489003595508549,0.7238936518401933,0.6479925860336656,0.37463176782188046,0.6360531218765587,0.45241231360150397,0.6408006716613065,0.5805703348269248,0.5559500602620252,0.6509783591094064,0.49783109469278347,0.48126620944175075,0.6390010235490341,0.5242022875022365,0.5755082191340891,0.6122180824537926,0.5613225855290022,0.6039948414047976,0.597489254112266
RSG,0.4291043423761645,0.12516252520017834,0.31882190908834196,0.38302911185715327,0.39710927658008877,0.3942473649625693,0.33649529147533835,0.31168410515352835,0.33407473269142807,0.4342829301102475,0.6325504318356723,0.44028477810325634,0.3705537831133911,0.23945272248885055,0.3601592543431007,0.3858359690671539,0.4082037325438599,0.3102207178115148,0.4513241043842362,0.33831132456207,0.3352097710597742,0.23688292526613688,0.42685058509520823,0.3027902045343868,0.3998096952688864,0.3022266755152555,0.41720891460082654,0.22858875761150352,0.4179826211455624,0.3789332377865369,0.3391857724693437,1.0,0.42047166136800945,0.16029740404722498,0.45080567538010075,0.4101635941762571,0.39827184215219436,0.4044019749902689,0.1969589780454576,0.4629671940010057,0.42831398320449227,0.2810811951607395,0.40884706383588865,0.23198000424163076,0.4336891383894086,0.3832144616957999,0.40252773252697516,0.3904117067921775,0.3076638628640551,0.366364310783561,0.40964883546595626,0.46044019669589237,0.4145762049388897,0.35171432622161664,0.44385158976934813,0.3978378299062544,0.4090649876322973,0.3927048905054568,0.4436724593125804
CSX,0.4690314938168148,0.1939287056238922,0.5014022784227478,0.5832441377528517,0.5374096134882448,0.5804712371216929,0.3687223782358106,0.4260815987040422,0.43499213412071414,0.5354515162192531,0.4530351913045561,0.4425125489363915,0.4660959678715478,0.28479579678989186,0.5685713800711992,0.5809924176506466,0.4774314373036744,0.40846074582137776,0.5947137796752489,0.45448981633042307,0.5188508152864523,0.4625391803509277,0.6615524297995032,0.45981999077000224,0.7171765228377147,0.5202161614608944,0.8033175725101681,0.34510241477422077,0.6295288496173951,0.5436484305402732,0.46706880779060383,0.42047166136800945,1.0,0.28195604280703324,0.5217319893373585,0.45951514612215316,0.5154925041315743,0.4958261896449652,0.3705832129413003,0.4284296637983953,0.5024960280557661,0.5074371452166364,0.5092477471327574,0.30214156566197164,0.5665710708490853,0.4339653717758212,0.5971254311450431,0.5085400816548782,0.36151184839128014,0.4133926941107111,0.5453337596995905,0.5527532416663509,0.4676870365990227,0.524397774705815,0.5136071306346408,0.5978995874156139,0.5229259895791003,0.46910224865778893,0.5070224029647225
DAL,0.14663320594401905,0.7664569561186875,0.20195157893097004,0.17296280034924522,0.2562588574147469,0.19727380875372716,0.027572968581041045,0.21720800983269942,0.10852830541858148,0.18969835355888273,0.008929013836423976,0.15404526646454228,0.16707108549870064,0.18787789533376512,0.27936836223174305,0.39995118529360246,0.1855453006079254,0.11151779856583793,0.22979523056463688,0.1093899535250749,0.13621321749935256,0.17963744937309942,0.19357233270527727,0.13511403102304476,0.19764634203971396,0.2562854669351745,0.27187693549941044,0.6006111016805297,0.20862341942746712,0.2744479668940711,0.18128340528612125,0.160297404047225,0.28195604280703324,0.9999999999999999,0.12307361982612433,0.15827618021253498,0.11929323278606145,0.12132862496897484,0.5693400517785163,0.16582502588695178,0.2586514362058672,0.29876802508271594,0.25055535929750833,0.19442659006797108,0.18572011229255816,0.1864088662922261,0.24802286584666483,0.1757883199591327,0.08889981818332045,0.19278881665573228,0.21667398428480708,0.2373092085915968,0.1415736595110145,0.26645409626227823,0.11403010547468195,0.1666655197045968,0.1536856496625636,0.25240347008304953,0.1669068405277853
DOV,0.4797237748266183,0.12354335881728996,0.5886738922186457,0.7010816306306636,0.6925133689839573,0.6807849988438628,0.5046630869231701,0.550600273802664,0.48155318781908474,0.6818310277876672,0.5372555155518897,0.4995760830069846,0.6587633368690337,0.3174495979211551,0.4791720573967039,0.49696651606296727,0.5319326204590498,0.607963311894382,0.682588939987301,0.4956922397922042,0.6669425491541847,0.4758061889217961,0.5157234666500281,0.4535877203486692,0.5163951273402604,0.4293471678307562,0.4642810772818955,0.20313432623549452,0.6359733354134266,0.646403058076264,0.5865545763558512,0.4508056753801008,0.5217319893373584,0.12307361982612433,1.0,0.6327557540767602,0.5553642933432187,0.7434783645962271,0.277951912030801,0.3813546258336117,0.44525496543585275,0.5636444382457545,0.6741815622633667,0.2760213463310076,0.6295857901305661,0.4708965385617653,0.6898839320246763,0.5536127520347282,0.4800749471946012,0.501134345504489,0.5093922388322647,0.48783119662040897,0.6607379458927767,0.5696033942737829,0.5900358356835208,0.7171482681797996,0.43550517486359175,0.500609727568533,0.6158449528185892
ETN,0.45218200361435446,0.1025640555092693,0.5424302372100023,0.6945063293926792,0.5603650457500028,0.6248389665968092,0.4041965947170033,0.5020333334556759,0.5632076752832538,0.7171831358112598,0.4818297726343419,0.42561816640301847,0.6920454086669922,0.25305825830675444,0.45131827415994386,0.47900234530700037,0.45071415071825977,0.5639676813611455,0.7018927618467367,0.5789965549847352,0.6935649033432554,0.444008700404014,0.5297145625580363,0.3621537378806632,0.5144223534550153,0.37442881314252785,0.46754028474944487,0.2136395813863877,0.6048328416689476,0.5573620973074046,0.601582532409771,0.4101635941762571,0.4595151461221531,0.15827618021253495,0.6327557540767602,1.0,0.5642078257646105,0.7418652748963249,0.2526838900531823,0.34042920219188944,0.5132946852465072,0.5188046641880063,0.61549747645408,0.28561361525954365,0.5888639921319032,0.5010992479602436,0.6379311373139094,0.5327013104757032,0.4279936210475957,0.5993785300626276,0.5256185334307181,0.4547564954727134,0.6391970902043977,0.613973393232346,0.6264716097063014,0.6003086702953472,0.4487154254014037,0.6347048303886381,0.5926267805431276
BA,0.48595223774602286,0.11699191437977824,0.5066175094234362,0.598433158750491,0.5492532821452035,0.5388186846461303,0.4340763197398508,0.4252291170414632,0.6167496760980551,0.6458127644893361,0.4700195491873556,0.48361588349072704,0.5333646530303643,0.2887755588914296,0.45637225485793026,0.470676321942017,0.5285669455713573,0.4830031688269059,0.6592349674629945,0.5053900336335695,0.5616459724215387,0.5046830505003476,0.5364880587537941,0.371889152078495,0.5629929640789991,0.35359999119133523,0.5238084096178369,0.20903246407372855,0.6964641436550666,0.5165137307419874,0.5124360511288711,0.3982718421521943,0.5154925041315743,0.11929323278606145,0.5553642933432187,0.5642078257646105,1.0,0.5884694366307897,0.26669517248466745,0.46046010592419406,0.47529623777646157,0.44052683155997785,0.5959376438004343,0.2392433356945449,0.6081586737072949,0.5674707020138811,0.6432723103625031,0.6167012590918726,0.46011961454757727,0.4359208339240647,0.46663718210813376,0.4572265918908901,0.54036754153836,0.5819795739816392,0.5580713786622513,0.6003050000183514,0.5218594916389308,0.5847154283615593,0.5578252140689058
PH,0.47567908308974816,0.06368492816347891,0.6628110336080691,0.7250498699814197,0.6432263996179055,0.6960784853484819,0.5047355835851388,0.558943839154427,0.5221914530111542,0.751894325192075,0.4817269696807659,0.5130432708109139,0.7087189425190448,0.27730828731761803,0.45251378194070274,0.578794568715109,0.5262170772670184,0.6955805634537,0.7090749600409799,0.6075909760533396,0.7357010333696233,0.5157352161915333,0.5119752182451085,0.46347263137027667,0.5159079272631857,0.4048800092497968,0.4827810853680845,0.19560694362964795,0.6779763505053629,0.6420347695319172,0.6442874072054723,0.4044019749902689,0.49582618964496517,0.12132862496897484,0.743478364596227,0.741865274896325,0.5884694366307897,1.0,0.27572088960383506,0.400427955083742,0.5425001284601664,0.5861956958592555,0.7020182440718923,0.26987596276175574,0.6712594234707734,0.4955121605684071,0.6939509567293686,0.5867986992490586,0.5397987946766106,0.6225024281237846,0.5606468508057456,0.49802079949874384,0.6802650678922187,0.6276839535586379,0.6804277901172081,0.6825424789474842,0.48822595378147576,0.5979561931298113,0.7092951770648573
ALK,0.3004627762630548,0.5327608924645544,0.3745682836683685,0.2987825691204915,0.3997353730286025,0.3428479147321249,0.17226445079810174,0.2616779038314022,0.2364062115767877,0.307820626222661,0.11788476706585858,0.24005630204911566,0.33837568221273656,0.2686128922149755,0.426364015070903,0.42174602417244433,0.3626285297071615,0.26974346128386434,0.43089969499998165,0.3110221680244731,0.2809743851368463,0.36374697259113703,0.28673121460476625,0.2794137280351319,0.29008034236343816,0.3484616033972084,0.34346743155277965,0.5939199080962844,0.3115223864164235,0.40303788966320714,0.399608014237053,0.19695897804545756,0.37058321294130037,0.5693400517785164,0.277951912030801,0.2526838900531823,0.26669517248466745,0.2757208896038351,1.0,0.20774318337804953,0.37462219016904175,0.38145739358949426,0.352601837616815,0.21960735376698878,0.38776180592706005,0.2264450798101733,0.3454631455848517,0.37113909090804764,0.2988822150901408,0.3544901959975067,0.2037352408986306,0.3565508938959624,0.2563101237250376,0.2982560212069016,0.3086034543745688,0.33170862404985707,0.28160396683722666,0.3251788580098471,0.25249487078789834
SRCL,0.4186815349656421,0.17521902377972468,0.43175670467850213,0.3449821808051854,0.4260604347810129,0.39185712345710727,0.3956888926407276,0.29636385658025616,0.3426588954668409,0.4584726509309658,0.5610136000433331,0.39812045115044836,0.3487130173714211,0.3009058243625647,0.4264521018804539,0.4237518305506517,0.4671754940893624,0.3801546196651179,0.3970065220822216,0.3738343997787215,0.31399403212960486,0.3458827922958551,0.4713791799867136,0.42176365148689726,0.41210787678146077,0.3663230063972928,0.4703608939147733,0.23048799566542513,0.3838535191108527,0.3783745345054766,0.47132434206818746,0.4629671940010057,0.42842966379839537,0.16582502588695178,0.3813546258336117,0.34042920219188944,0.46046010592419406,0.400427955083742,0.20774318337804953,1.0,0.3999544884824055,0.3634913876950293,0.4692726562862504,0.30697462737512804,0.4723251430959823,0.3502416877401738,0.4075495797301948,0.49505704538572715,0.43740973396022026,0.3914425617444513,0.325860037657042,0.4620126330934196,0.4066960533511464,0.3986968675548243,0.3300259534581484,0.44723426276981126,0.45284173620702567,0.3497523928058676,0.4448008691215926
UPS,0.4725923730555978,0.2586155322741579,0.4962388767472025,0.5157941484675158,0.4848096132079654,0.5173154810741355,0.4511421005408419,0.4467451006307565,0.533571167720019,0.5669120251350576,0.47538920547853675,0.4050488423014361,0.4874522174944942,0.3948087506911369,0.49120414889634373,0.7126333001184656,0.4659779927893699,0.45556683658602,0.6015393169979134,0.4929991599638926,0.4295314699310062,0.4609579912509977,0.5881024082576606,0.4906244853002834,0.5244395017965694,0.5224006591838377,0.5167000280322943,0.27067070336916543,0.5956958543192152,0.5024840950480222,0.5489003595508549,0.42831398320449227,0.5024960280557661,0.2586514362058672,0.4452549654358527,0.5132946852465073,0.47529623777646157,0.5425001284601664,0.37462219016904175,0.39995448848240556,1.0,0.5316809715984046,0.5017353568233294,0.3494844168934364,0.5975177825573116,0.4975179706275571,0.5615243062363009,0.5130992666759647,0.4737188851125678,0.507099478957587,0.49015354632072355,0.5833842585210872,0.5002504968655025,0.4565183580799005,0.4782225908824547,0.48378193376320416,0.5385299681103176,0.5225434448910403,0.5034161165837402
MAS,0.4502064761150207,0.25069827019845187,0.6110093628766163,0.4931842956187904,0.6023364983355294,0.619819862805046,0.49119133521006836,0.4941642595766702,0.4089184060721062,0.5622093599403948,0.3455795621459497,0.4515615193478652,0.6487691726094569,0.307671980004331,0.573459811311679,0.5957079780811059,0.5225843391733869,0.5589127900495663,0.591433940519491,0.5112588092423661,0.5746295772941984,0.5556531748633151,0.5262131183040385,0.4239694889733805,0.543621242095141,0.45138167577507077,0.5238258434415654,0.3187242478337663,0.5442300898762195,0.5578823593102482,0.7238936518401933,0.2810811951607395,0.5074371452166364,0.29876802508271594,0.5636444382457545,0.5188046641880063,0.44052683155997785,0.5861956958592555,0.38145739358949426,0.3634913876950293,0.5316809715984047,1.0,0.639426775875876,0.39418224393394974,0.6245776879792209,0.3408421083539175,0.6160085627602244,0.5739296076292841,0.48653281141980603,0.5396796121984115,0.4827643792277004,0.5029472324276313,0.5743286145805424,0.5399732344927853,0.47682700737868666,0.5746240718787047,0.4597638817968884,0.6152036416720171,0.6325704050884721
SNA,0.5238875609610629,0.23013931919085623,0.5946952544673653,0.6347838733460901,0.6332946577718128,0.6313182127028092,0.4671136148529329,0.5282301778571726,0.4887710117720115,0.7199068116243988,0.4910553872895378,0.49668505017505576,0.6738659182969148,0.2821581789178572,0.5195582627993508,0.5878841348075626,0.5585518048743833,0.575421049975455,0.6898664982009479,0.5009657425206567,0.660766693689163,0.5317635529816871,0.5604047583328533,0.4343290498102923,0.5849809443719416,0.4791172612748024,0.49852317093872006,0.31197383090100794,0.6230661627981784,0.5914078736689499,0.6479925860336656,0.4088470638358886,0.5092477471327574,0.25055535929750833,0.6741815622633666,0.6154974764540802,0.5959376438004343,0.7020182440718923,0.352601837616815,0.46927265628625037,0.5017353568233294,0.6394267758758762,0.9999999999999999,0.27654448767729783,0.6280720862412913,0.5088300023260927,0.6989553464515271,0.6211058845233158,0.5232863552098006,0.6180036427532608,0.5300185211438431,0.4947058523970423,0.5951953299374707,0.5912986828281345,0.5748659200704693,0.6325587668965384,0.5049654305468259,0.6098388694440701,0.6965840257544188
VRSK,0.3810786123227255,0.1316528358395208,0.31917646324768134,0.24688301726131273,0.32257881002279243,0.3258930701500043,0.31830660759967555,0.27520470969944105,0.2996817869844637,0.28673672002025996,0.24252111707965635,0.32307062714023027,0.3230724622787282,0.2550824160699408,0.34892286348254903,0.3715127780693609,0.40533626470518813,0.20799836305573075,0.3428570904246143,0.23857270202707412,0.3115496276503988,0.2635776349530797,0.2525058816188858,0.3006921686805344,0.2867936093136949,0.3692684036864262,0.2775299575027899,0.11436221337992121,0.2625736923480348,0.26058886868709075,0.37463176782188046,0.2319800042416308,0.30214156566197164,0.19442659006797108,0.2760213463310076,0.28561361525954365,0.2392433356945449,0.26987596276175574,0.21960735376698878,0.30697462737512804,0.3494844168934364,0.39418224393394974,0.27654448767729783,1.0,0.3785383829103282,0.3008672864541087,0.3051956006204928,0.3975596283477388,0.3258257679615409,0.3244076743692394,0.2531243232926789,0.3053211675885179,0.32936331704953775,0.22804634277377286,0.2999305858545023,0.185031509328009,0.35334873932812844,0.21815400736674048,0.27928789285727396
RHI,0.5804960115472677,0.190805205196709,0.6484620593605908,0.6080687517558784,0.6545804223406512,0.641765626692852,0.4696623522489314,0.4805263920935499,0.6361170600303967,0.683247173423892,0.510118905390245,0.5277262408779396,0.648946536813121,0.3181218424095631,0.5231265002312283,0.6278148782302188,0.6155801303862595,0.6212802230805359,0.6713481135670497,0.600240311938126,0.6226874918576065,0.47706505357479684,0.5964835011580614,0.5455007576850621,0.5440204655030018,0.5125532879327866,0.5547122565057622,0.2833937477608208,0.6662084924940845,0.5996301269878554,0.6360531218765587,0.4336891383894086,0.5665710708490853,0.1857201122925582,0.6295857901305661,0.5888639921319032,0.6081586737072948,0.6712594234707734,0.38776180592706005,0.4723251430959823,0.5975177825573116,0.6245776879792209,0.6280720862412913,0.3785383829103282,1.0,0.5186331129336685,0.638470922393796,0.6734579274603792,0.40450087719942157,0.5686061219448539,0.6075640877428259,0.6041433833052636,0.7276814634167547,0.5852315973041792,0.6026994031662838,0.6529599920732867,0.5869960870175177,0.5912404606616647,0.6340488551478147
LMT,0.4380174806198277,0.15320103208189126,0.43796497821690605,0.4895690727779226,0.48900752039756445,0.4913087840739341,0.35449370363981375,0.35883197104885506,0.6844516055626718,0.49618107678586504,0.39619074190396547,0.40908540367541535,0.43620324525891974,0.2633387041720039,0.3758223729491737,0.48099347057722447,0.47743401242207845,0.432620335821369,0.5936709743484341,0.420779099231075,0.43396804656847454,0.41428675638404516,0.413287870835612,0.44195752478245637,0.42899115096216317,0.3473183121130152,0.4410151807314504,0.21728967353332215,0.6162042878052941,0.3762164106418291,0.452412313601504,0.3832144616957999,0.4339653717758212,0.18640886629222608,0.4708965385617653,0.5010992479602436,0.5674707020138811,0.4955121605684071,0.2264450798101733,0.3502416877401738,0.4975179706275571,0.3408421083539175,0.5088300023260927,0.3008672864541087,0.5186331129336685,1.0,0.5313581728619236,0.5564737382032688,0.4192454997740659,0.45413826215062,0.5890923037961675,0.42037884599150704,0.4774296316142979,0.4450286304676725,0.4884682137809386,0.5065679606839929,0.4565533055218447,0.48781600083462034,0.4587460865671532
TXT,0.4950134653410837,0.20377846014377707,0.6106233463674746,0.7009938655880457,0.6641708771645594,0.6889828786088167,0.5547378480514386,0.5551746112143197,0.5556673461270657,0.696593201451118,0.5015378715221251,0.549126909519889,0.6711132092871603,0.38875132990258127,0.48003387673483655,0.6186906189053953,0.4630484421764519,0.5772919753907702,0.7094804674651187,0.5890313671335569,0.6695854557867466,0.5450178651062915,0.5654073481732471,0.4564645106828098,0.5859315465499768,0.5004140533136032,0.517470993315502,0.2702987149430877,0.6700953218126943,0.6037822239146292,0.6408006716613065,0.4025277325269752,0.5971254311450431,0.24802286584666483,0.6898839320246762,0.6379311373139095,0.6432723103625032,0.6939509567293686,0.34546314558485164,0.40754957973019484,0.5615243062363009,0.6160085627602245,0.6989553464515271,0.3051956006204927,0.638470922393796,0.5313581728619236,0.9999999999999999,0.5592138615674571,0.5421745615275725,0.5777434198754857,0.5317196953118714,0.5478212078795954,0.5767613552688146,0.6272793588020205,0.540752499231535,0.6657105590706821,0.45879513871365846,0.6175987917439801,0.6412096137445271
ADP,0.6215435660590738,0.13864863823321208,0.5149408074999908,0.48868910311193886,0.591517607269626,0.5997078454159996,0.5170090123825727,0.4470185367687376,0.5641483014853962,0.5689710543083113,0.4786310356401808,0.4405478265504733,0.5924939027421491,0.29930796800297044,0.5213023658692348,0.48768344536956537,0.7805058431663439,0.550211569015421,0.6688981991764137,0.5021721207877335,0.5133956180491178,0.526006519350506,0.4790197406218553,0.45079913583172593,0.4866649416341325,0.36243684818115895,0.48569896227313747,0.23449270003192418,0.6319289285608803,0.5629557175482136,0.5805703348269248,0.39041170679217746,0.5085400816548782,0.17578831995913272,0.5536127520347282,0.5327013104757032,0.6167012590918725,0.5867986992490586,0.3711390909080476,0.49505704538572715,0.5130992666759647,0.5739296076292841,0.6211058845233158,0.39755962834773884,0.6734579274603792,0.5564737382032688,0.5592138615674571,1.0,0.517266881501002,0.49146865094577047,0.4562382895017381,0.4553097077177218,0.6152845295715945,0.5598451506588648,0.5705513732148892,0.5759574393908219,0.5318720703672157,0.5829932952806424,0.5652915948676931
GWW,0.3909780714213718,0.08507350660757154,0.5117935392004096,0.427661460369914,0.5239990677488146,0.5071212680104774,0.6427621087258972,0.45071451248614663,0.4201300381533069,0.5780806985293732,0.4532864019309338,0.4570127193690403,0.4865731845408502,0.24970775365831702,0.4303213706332719,0.47452180790915943,0.44495808498717687,0.4696277000115015,0.562050734332964,0.44984210890972276,0.47577153951966367,0.4378471003572111,0.4047937575821115,0.3558002208597619,0.3960364605992534,0.38424383897061853,0.4266734322265194,0.14057927197149392,0.4722815330424172,0.5203739837328704,0.5559500602620253,0.30766386286405517,0.3615118483912802,0.08889981818332046,0.4800749471946012,0.42799362104759575,0.4601196145475773,0.5397987946766106,0.2988822150901408,0.43740973396022026,0.4737188851125678,0.486532811419806,0.5232863552098005,0.3258257679615409,0.40450087719942157,0.41924549977406594,0.5421745615275725,0.517266881501002,1.0,0.5028465357327693,0.3673495229554906,0.34666747412967136,0.4981272377269513,0.41564238941125325,0.43490771755543295,0.4707377453821994,0.39196170791263496,0.4026319725403366,0.4931833655409036
PNR,0.40787183380970515,0.15578222584969736,0.5593614816181562,0.5496187268629651,0.5819236022317742,0.5486029772383657,0.4806899756890422,0.4951582142443119,0.496840119449272,0.6019486427080685,0.42760534332952527,0.42175814606887774,0.5410660599696578,0.3104211598906767,0.42742125287985844,0.5405448803971443,0.4343181546201509,0.537912619800245,0.552625602671287,0.5283983355278551,0.5813492036184054,0.3888188476411806,0.4871221390751686,0.4528951630292659,0.529189955731907,0.4387423606590631,0.48683791583129554,0.21644285602866487,0.4830513256829871,0.48757564218436733,0.6509783591094064,0.366364310783561,0.4133926941107111,0.19278881665573228,0.501134345504489,0.5993785300626275,0.43592083392406467,0.6225024281237846,0.3544901959975067,0.39144256174445125,0.507099478957587,0.5396796121984115,0.6180036427532608,0.32440767436923945,0.5686061219448539,0.45413826215062003,0.5777434198754857,0.49146865094577047,0.5028465357327693,0.9999999999999999,0.48633486429837874,0.4756699520249199,0.5348623714313411,0.4666421981309097,0.5024797331706176,0.49156959926526195,0.47308354016892457,0.4806040939434757,0.5668516028336983
AVY,0.4091791834639694,0.1959524185290264,0.5253285815480495,0.6067022928220392,0.47348408384380775,0.5412410674633615,0.30980991635438726,0.40834767799925864,0.5430468437452974,0.5316084254878716,0.428985193461365,0.3660073625756536,0.5105795734404076,0.301370114402534,0.4152063525277813,0.5454857428090099,0.4310559667504504,0.5098888777251782,0.5499689861593854,0.4978907367213282,0.49300812232299174,0.44768632301552413,0.4885120330031308,0.47560572214802566,0.4805346859527489,0.3310387984981226,0.5596606093305496,0.2928230911913161,0.6634527244952716,0.5080739249180801,0.4978310946927835,0.40964883546595626,0.5453337596995905,0.21667398428480708,0.5093922388322647,0.5256185334307181,0.46663718210813376,0.5606468508057455,0.2037352408986306,0.325860037657042,0.4901535463207236,0.4827643792277004,0.5300185211438431,0.2531243232926789,0.6075640877428259,0.5890923037961675,0.5317196953118715,0.45623828950173817,0.3673495229554906,0.4863348642983788,1.0,0.46150429972950063,0.5268590870553002,0.5668479325550186,0.4750276532559771,0.5275234071915407,0.4935267753711974,0.5542336380653118,0.6104624916042414
EXPD,0.42746084156741915,0.26459210376607123,0.541439262421135,0.5722145350309588,0.5527694075071846,0.5182889902700957,0.43848248727331457,0.4573477110317516,0.42958023041998983,0.5422026800362624,0.48394847405141067,0.3573216520650814,0.5215408556883788,0.34046957523884325,0.45498672274936824,0.6778524475242147,0.44991035268074114,0.44508919006588704,0.531938750417494,0.38905871574200385,0.4736822788015812,0.31225842088897204,0.5076250004587847,0.6657628605418674,0.5716383015426174,0.4994347773426461,0.5245654045955194,0.33804000695521363,0.5023843058813771,0.4871423256079067,0.48126620944175075,0.46044019669589237,0.5527532416663509,0.23730920859159682,0.48783119662040897,0.4547564954727134,0.4572265918908901,0.49802079949874384,0.3565508938959624,0.4620126330934196,0.5833842585210873,0.5029472324276313,0.4947058523970423,0.3053211675885179,0.6041433833052637,0.42037884599150704,0.5478212078795954,0.4553097077177218,0.3466674741296713,0.4756699520249199,0.46150429972950063,1.0,0.46507547924641884,0.4810331467455916,0.47719954066467346,0.5726109249465058,0.5182332563034141,0.45122225373032643,0.48414256823962504
ROP,0.48986567238822387,0.09916904928814978,0.5525418503334447,0.5602347509166518,0.6128665230364936,0.5583463934023102,0.4656829100892245,0.4815458472650932,0.551013179964692,0.6568144197842612,0.49650010535677347,0.48770090178705794,0.6136354460671147,0.28370140094472934,0.5064514412295169,0.5200929314135337,0.5742935110984211,0.6308374061957721,0.6720552450093409,0.5312434766531838,0.53935270994902,0.4384216135573361,0.5514517780656907,0.46296436480556297,0.45901401678784703,0.46980646629401124,0.4668310033945981,0.17272882008341608,0.6240137268488223,0.5833137202817001,0.639001023549034,0.4145762049388897,0.4676870365990227,0.1415736595110145,0.6607379458927767,0.6391970902043977,0.54036754153836,0.6802650678922189,0.2563101237250376,0.4066960533511464,0.5002504968655025,0.5743286145805424,0.5951953299374707,0.32936331704953775,0.7276814634167547,0.4774296316142979,0.5767613552688146,0.6152845295715945,0.4981272377269512,0.5348623714313411,0.5268590870553002,0.46507547924641884,1.0,0.5908460497020586,0.6124428870229225,0.6010574068024914,0.5790396807592213,0.5594170105332077,0.5860606549976326
DE,0.3995797528983745,0.19017181950856052,0.47535063777978837,0.7014856829311218,0.5632675757029979,0.6001098330895522,0.3925051074222165,0.5068260301669915,0.4782207957072924,0.5361689906413046,0.4419370941373668,0.4436366772784066,0.5982453315202787,0.2814397218663113,0.4291719790228902,0.47210152357860813,0.4571832830291913,0.5054003587699055,0.635279360967846,0.5392219923199384,0.6294289367524477,0.4351694845271846,0.5200922524546683,0.46451527066023757,0.5229917726116097,0.3120168135466644,0.5265246574022673,0.27824028407970014,0.6155182277676754,0.5898810370377167,0.5242022875022365,0.35171432622161664,0.5243977747058148,0.26645409626227823,0.5696033942737829,0.6139733932323461,0.5819795739816392,0.627683953558638,0.2982560212069016,0.3986968675548243,0.4565183580799005,0.5399732344927853,0.5912986828281345,0.2280463427737729,0.5852315973041792,0.4450286304676725,0.6272793588020205,0.5598451506588648,0.4156423894112532,0.4666421981309097,0.5668479325550186,0.4810331467455916,0.5908460497020586,0.9999999999999999,0.46567783196538926,0.6286480849633475,0.5447907252015214,0.6324332086557273,0.6328156864041156
EMR,0.41762743901599775,0.05105908185226656,0.532262896556463,0.6032736133114301,0.5907249305056294,0.5595037049169936,0.4126668657793285,0.4763150035028723,0.5641897332212658,0.6768177399250416,0.4769337633102381,0.4545374049570345,0.5827696014674387,0.22487155171585602,0.4498806469065819,0.5084372825073677,0.5187013884529929,0.6320488881344424,0.6932844452213931,0.5163506402345308,0.5879144146066699,0.421923889326442,0.4666208799401869,0.375149449228553,0.4828269954502816,0.4206552273256361,0.4469594021113288,0.24537384099427892,0.6748382437884627,0.5823743961241838,0.5755082191340891,0.44385158976934813,0.5136071306346408,0.11403010547468195,0.5900358356835208,0.6264716097063014,0.5580713786622513,0.6804277901172081,0.30860345437456876,0.3300259534581484,0.47822259088245467,0.47682700737868666,0.5748659200704693,0.2999305858545022,0.6026994031662837,0.4884682137809386,0.540752499231535,0.5705513732148892,0.43490771755543295,0.5024797331706176,0.4750276532559771,0.4771995406646735,0.6124428870229226,0.46567783196538926,0.9999999999999999,0.5419212349020216,0.48935939844104837,0.5519757430216241,0.5222109208225093
FLR,0.454004296978812,0.1476093650787825,0.5857486814529893,0.6857398727881995,0.5979211551095761,0.7032287426732097,0.4649121519201055,0.5509654663637465,0.5080782796677665,0.6200767821947523,0.5585875079919127,0.41255381543645103,0.5824215753562921,0.3520749910995783,0.5236852584897893,0.566342091837671,0.5135572100716641,0.5086767681912163,0.6666397513020308,0.5658954952376436,0.6367416748942043,0.5706793095654332,0.5446048763300168,0.49628223708996166,0.5616092696515806,0.3759776700347575,0.544584939653794,0.24466077678698123,0.6504241467747855,0.5987261380273158,0.6122180824537925,0.3978378299062544,0.5978995874156139,0.1666655197045968,0.7171482681797996,0.6003086702953472,0.6003050000183514,0.6825424789474842,0.33170862404985707,0.44723426276981126,0.48378193376320416,0.5746240718787047,0.6325587668965386,0.185031509328009,0.6529599920732867,0.5065679606839929,0.6657105590706821,0.5759574393908219,0.4707377453821994,0.49156959926526195,0.5275234071915407,0.5726109249465058,0.6010574068024914,0.6286480849633475,0.5419212349020216,1.0,0.4866275690230827,0.5631597926710281,0.6580769950708181
CTAS,0.47335238820555403,0.15545098319885692,0.47411100115572885,0.5271621267613879,0.45592385272828084,0.5285788543317415,0.367201288634883,0.45772412442066024,0.532083052901159,0.5187893035233845,0.43310534424777886,0.4452433417704333,0.4681403753135713,0.30009758353442734,0.47497347071868345,0.5540570113563593,0.4646633796137452,0.46236540393729325,0.5427204380845203,0.46565305757293535,0.5020023664122315,0.39642826338706805,0.5364928927347857,0.5139034808021398,0.5313719364069724,0.4847777485685276,0.5495474085526708,0.26292970954318773,0.5810019778232994,0.44638225052416186,0.5613225855290022,0.40906498763229737,0.5229259895791003,0.1536856496625636,0.4355051748635918,0.44871542540140363,0.5218594916389308,0.48822595378147576,0.28160396683722666,0.4528417362070256,0.5385299681103176,0.4597638817968883,0.5049654305468259,0.35334873932812844,0.5869960870175177,0.45655330552184475,0.45879513871365846,0.5318720703672157,0.39196170791263496,0.47308354016892457,0.4935267753711974,0.5182332563034141,0.5790396807592214,0.5447907252015214,0.48935939844104837,0.4866275690230827,0.9999999999999999,0.5293887444010038,0.46813028204720225
GE,0.4247302676920364,0.19410899488290054,0.47111616388724814,0.6154376229039721,0.5389028207182408,0.5474068915329795,0.39243515738174184,0.42313533016114724,0.5624202284633587,0.6105497090897606,0.3783941014009514,0.4321688408615252,0.5833565020693033,0.2978149823260816,0.46724486135157833,0.4999408165171794,0.5171014322589957,0.5595168239512458,0.6543243860814245,0.575036209764126,0.5434282930162869,0.49719153317357834,0.5227278357892146,0.38335594388628463,0.48627264227717637,0.3515664355336124,0.46115886828665964,0.2840652743730691,0.6612701063513154,0.5227097241312811,0.6039948414047978,0.3927048905054568,0.46910224865778893,0.25240347008304953,0.500609727568533,0.6347048303886381,0.5847154283615593,0.5979561931298112,0.3251788580098471,0.3497523928058677,0.5225434448910403,0.6152036416720171,0.6098388694440701,0.21815400736674048,0.5912404606616647,0.4878160008346203,0.61759879174398,0.5829932952806424,0.40263197254033667,0.48060409394347564,0.5542336380653118,0.45122225373032643,0.5594170105332077,0.6324332086557273,0.5519757430216241,0.5631597926710281,0.5293887444010038,1.0,0.6309317683266823
SWK,0.42171043244604195,0.12291941172800311,0.599787490961943,0.6361801225138461,0.6158284365721082,0.6381473909835975,0.4879981942237181,0.4904554446724095,0.47900418044549825,0.6321960368348999,0.4660078720130705,0.47626431866812996,0.6270081003013298,0.29911472918861187,0.4999366876064772,0.5222051758246196,0.5194407180814472,0.5486938166356877,0.6272246466440823,0.5900532695072492,0.5957556916820513,0.5304796278706058,0.5170319203990326,0.4276562839071117,0.5657016285019031,0.41936584954066486,0.5063433885206144,0.20076149106908614,0.591439071052289,0.6000630370363865,0.5974892541122659,0.4436724593125804,0.5070224029647225,0.16690684052778526,0.6158449528185892,0.5926267805431276,0.5578252140689058,0.7092951770648572,0.25249487078789834,0.4448008691215926,0.5034161165837402,0.6325704050884721,0.6965840257544189,0.27928789285727396,0.6340488551478148,0.4587460865671532,0.641209613744527,0.5652915948676931,0.4931833655409036,0.5668516028336983,0.6104624916042414,0.48414256823962504,0.5860606549976326,0.6328156864041156,0.5222109208225094,0.6580769950708181,0.4681302820472022,0.6309317683266824,1.0
