tickers,ORCL,MSFT,FISV,CDNS,IBM,AAPL,AMAT,TXN,GLW,MSI,HPQ,XRX,SWKS,KLAC,LRCX,MU,INTC,AMD,ADBE,CSCO,XLNX,QCOM,SNPS,INTU,MCHP,FLIR,IT,NTAP,CTXS,ANSS,APH,ADSK,VRSN,CTSH,NVDA,FFIV,JNPR,AKAM,FIS,CRM
ORCL,1.0,-0.08956953369051333,0.8065279070891329,0.9346642991167478,0.19503824166340053,0.4780277012363302,0.025029482935569215,-0.14771936339321218,-0.4293775363787566,0.5276691608965273,-0.6911962923034034,-0.43582987738414253,0.06859508686433247,0.019336076703800248,-0.5910825936673988,-0.1128619159561749,-0.5615992771372141,-0.6337324450730059,0.5716337709292056,0.15102247793243423,0.2426073290704899,0.4071977308090702,0.8923691907853513,0.7225637807942306,-0.15461575651543272,-0.336393533531891,0.81938347475523,-0.133652240514556,-0.1364086004415667,0.7519656525865241,0.8880944988751621,-0.11120064943807675,0.39305827536536986,0.1862785381393623,-0.1044012306094664,-0.4337360247052445,-0.0958547108752073,0.7289384083415079,0.26489277853029825,0.5696133069895393
MSFT,-0.08956953369051333,1.0,-0.32889428639072577,-0.047256692901573104,0.6964607186954551,0.33343311192280845,0.6901773782865063,0.40472700985318294,0.47198438122716335,-0.06340069256905381,0.5351750920830854,0.6715305471056872,0.6456574202703577,0.678540117907742,0.4038358520071496,0.5714566049597294,0.7719687951235509,0.7116464620455486,0.17903810064000003,0.43086480058766335,0.46985789763615454,0.4848107179197812,-0.058873654769553745,0.04671135573717553,0.6403492670383916,0.42459646806672113,-0.11496339118009731,0.6619434601664492,0.7511808347779544,0.02616539840473313,-0.07107101514209296,0.6410348720787337,0.16468302007998825,0.3263442103184693,0.6513820003661702,0.7183498909344357,0.4193629773434836,0.10112379182732971,-0.172797629552297,0.11568439437102372
FISV,0.8065279070891329,-0.32889428639072577,1.0,0.7780980873178877,0.08496231809704964,0.4632183780092521,-0.37929078652351644,-0.4260893724559477,-0.46728502357688095,0.6160151776963636,-0.8921007464957835,-0.658790720668094,-0.09152703136021059,-0.30676619431547086,-0.6406472095473497,-0.48829974147682736,-0.6632446185235529,-0.7605854123744642,0.5481631686808135,-0.13289002737204547,-0.08349817037723482,0.18964207636953903,0.7801674531080509,0.7092123304395648,-0.5553575128113488,-0.6618922403739113,0.8197303558738088,-0.49793403187212437,-0.180728607753193,0.7026047179804759,0.7783749772956398,-0.3173218729594968,0.4627076246749546,-0.005054514838592878,-0.5338042220747987,-0.6425010022649004,-0.4675407562345059,0.5418334710010703,0.6374371802640622,0.6240057309424767
CDNS,0.9346642991167478,-0.047256692901573104,0.7780980873178877,1.0,0.2524211055139413,0.4542365175495279,0.07778939651998582,-0.05002460572811383,-0.3501070168549197,0.6250066482659697,-0.6702894460389783,-0.40322916994970853,0.03434722210399681,0.0416471780046029,-0.510438235406152,-0.09292565637202596,-0.537764139312343,-0.5975208295211831,0.6488580559409125,0.24945027895148836,0.3387621543186428,0.5145520655215163,0.9395741365251778,0.731347765679782,-0.12288518793705816,-0.2799818360563352,0.7811206775465426,-0.05382719102817401,-0.15670288290525716,0.8507351351807725,0.9040364213850659,-0.05839123284068629,0.3679611055927008,0.27839548249959367,-0.09095487604852254,-0.3628934226854829,-0.014331283264188263,0.8336917137677297,0.27973416070981655,0.6277014726191189
IBM,0.1950382416634005,0.6964607186954551,0.08496231809704963,0.2524211055139413,1.0,0.5917364968980906,0.38526082798990896,0.12975196916189263,0.36606808049078254,0.2876991605360542,0.09422695202682925,0.2685302065415149,0.4992169096072238,0.45740660596500976,0.051304614295214074,0.22648279384473904,0.4301409626554517,0.3368447468799407,0.3856967748089298,0.290373611185555,0.3203001051281611,0.5917823542728835,0.24793424611043707,0.35342449026352335,0.29958899364772684,0.201723216968884,0.23549791396230546,0.40068810549858774,0.5936275970546707,0.4120650804000766,0.2377745166804438,0.4773361586174618,0.42570394322680244,0.3729300013680607,0.28733314427854634,0.5288600686201401,0.16795653285565468,0.347006517992272,-0.03673028164646914,0.5197900474365083
AAPL,0.47802770123633026,0.33343311192280845,0.4632183780092521,0.4542365175495279,0.5917364968980905,0.9999999999999998,-0.0467296233646061,-0.44942077945525377,-0.18485029558876745,0.06449910871596538,-0.40710645181888777,-0.19280215791098498,0.5972277743309302,0.23235900907006546,-0.5430775029329532,-0.25469757391106723,-0.05117227393580486,-0.19268527867988028,0.17280925002637088,-0.17672903990610572,-0.16800206137393617,0.26709342713556367,0.5437752608563288,0.4320103836893713,-0.09544767257327604,-0.4440437933720578,0.7047967617457641,-0.16347070294108712,0.4564947292114772,0.5301105347418462,0.45151032349119974,-0.1335743364694518,0.8314468282967766,-0.1328683265114261,-0.01166316897118402,-0.11875144002602417,-0.3754739174345245,0.2762382248722868,0.09882957150258409,0.3918811838225681
AMAT,0.025029482935569215,0.6901773782865062,-0.37929078652351644,0.0777893965199858,0.38526082798990896,-0.0467296233646061,0.9999999999999998,0.7630010789781428,0.5637759074534024,-0.04267371623294151,0.6268175034324809,0.7596669224377469,0.26385477284367526,0.7462044744544369,0.5750164648078053,0.8685532532239562,0.5997474699695209,0.6146661436609901,0.24823745232519265,0.8056011794230324,0.821269800314845,0.5049009133014023,-0.02220273956672892,0.14146345304372154,0.9175095851961114,0.717821765112955,-0.2676469724605643,0.8141143912207989,0.2883046678483075,0.061886965488188034,0.03716113141954824,0.751667398996341,-0.23224088783543317,0.6663984318230428,0.8559606810825076,0.6963676536690089,0.8180056055802586,0.3342460777495624,-0.3794763077915356,0.042123772698062834
TXN,-0.14771936339321218,0.4047270098531829,-0.4260893724559477,-0.050024605728113826,0.12975196916189263,-0.44942077945525377,0.7630010789781428,1.0,0.566412715373031,0.19098060118096274,0.6067709628411587,0.6242672559012227,-0.10495258429663652,0.503548935802625,0.7956798769706546,0.8159836562609674,0.49376220078987204,0.5888693809635158,0.3741948453590501,0.8449415826046205,0.835487583509461,0.5538744200054736,-0.15193008003625555,0.01781115373042974,0.6892300579234745,0.8260563022002879,-0.45453822815026124,0.8218462376331381,-0.026373476989513332,-0.1124520778176882,-0.03329264091987989,0.7491591603844008,-0.6457828998121705,0.7452055846752875,0.5788422598011319,0.6815379068060489,0.9104505983198927,0.21893913764187414,-0.1231053194885665,0.13731895627381663
GLW,-0.4293775363787566,0.47198438122716335,-0.467285023576881,-0.3501070168549197,0.36606808049078254,-0.18485029558876745,0.5637759074534023,0.5664127153730311,0.9999999999999998,0.008631597785252626,0.6932512664642416,0.7873571573481615,-0.06422116115576537,0.30013231310346794,0.6517784678076529,0.5688295988186431,0.5970105350340303,0.6981935692360418,0.07746247516487208,0.57130711095801,0.4681293053750019,0.26857449965865904,-0.35422599792858844,-0.10715192962017218,0.5787045278224716,0.652321485156207,-0.5764109753055752,0.6241439800854802,0.2904628148711632,-0.18306101742807582,-0.38906338210288594,0.5651417818973453,-0.3386961997019292,0.5888245215490551,0.42701919409608097,0.8057833944949757,0.5891674910658313,0.008858892879843887,-0.21942966820108423,0.06141480860837519
MSI,0.5276691608965273,-0.06340069256905381,0.6160151776963636,0.6250066482659699,0.28769916053605415,0.06449910871596538,-0.0426737162329415,0.19098060118096274,0.008631597785252626,1.0,-0.4853678959541052,-0.26656674319922524,-0.2643787273167691,-0.20022633665756479,-0.0658831548492299,-0.08404818685926356,-0.3189024447624925,-0.32513409808785765,0.8133823308898541,0.32652357064396764,0.4076189137627832,0.6025234170402206,0.5760161640096693,0.5634359043592692,-0.26377544780377216,-0.0506035269823532,0.35802416512355884,0.04539511100168406,-0.21782362619888243,0.6157673717936808,0.6102362673476746,0.16044519992674383,-0.046358353401670285,0.465336772807149,-0.3367819119933051,-0.08702742183481448,0.09308020610861889,0.5989355566177723,0.5705230904674594,0.7623797735971706
HPQ,-0.6911962923034034,0.5351750920830856,-0.8921007464957834,-0.6702894460389783,0.09422695202682925,-0.40710645181888777,0.626817503432481,0.6067709628411587,0.6932512664642416,-0.4853678959541051,1.0,0.8552054841364899,0.14812289598999423,0.47514150762259516,0.7766623580799049,0.711362459597263,0.8176111605874646,0.8980677810134019,-0.30862278185697334,0.40110941720818344,0.35279876456190895,0.012571125752544335,-0.6929714898877137,-0.49731287058699997,0.7487996789685455,0.7845403869958036,-0.8006799665989386,0.6744070084733191,0.316608636448154,-0.5940956207152158,-0.6660291459790356,0.5821628407175162,-0.471343142874092,0.27831863283752106,0.6800769561025773,0.8105765603028118,0.6462647756270147,-0.35437004399033034,-0.5247138477136284,-0.4412573043200738
XRX,-0.43582987738414253,0.6715305471056872,-0.658790720668094,-0.40322916994970853,0.2685302065415149,-0.19280215791098496,0.7596669224377469,0.6242672559012227,0.7873571573481615,-0.26656674319922524,0.8552054841364899,0.9999999999999998,0.21253137246371356,0.49936444063974805,0.6684022622192838,0.7942643643874512,0.7339516908492175,0.8234882534262848,-0.08613806334512555,0.588108214787053,0.5216645378244494,0.2260195972709985,-0.4351953638568171,-0.25387060760801916,0.8059651717537252,0.73422322579988,-0.5975685511149319,0.7592174688693905,0.4208387307683811,-0.32785459344060985,-0.4661312732223885,0.5947942924574887,-0.354338313781616,0.44434739365738385,0.7417231237096014,0.8107804061801084,0.6597059240334643,-0.07574666311951851,-0.389943588438377,-0.19483797152793642
SWKS,0.06859508686433247,0.6456574202703576,-0.09152703136021059,0.03434722210399681,0.49921690960722387,0.5972277743309302,0.26385477284367526,-0.10495258429663652,-0.06422116115576537,-0.2643787273167691,0.14812289598999423,0.21253137246371356,1.0,0.5470279706525322,-0.04090328102942376,0.17378398030149392,0.4766810766540441,0.36020510868768524,-0.01383302334095726,-0.057318636626217646,0.0014590503942031087,0.2217543288352477,0.06772649196368466,0.058626169775503355,0.2327416828750334,-0.008298495461194027,0.2445705872623666,0.20731785523654528,0.7514369126467801,0.04096454617529757,0.0835120577030084,0.21907217731990508,0.4406083171873243,-0.20568070914023723,0.32277608237743055,0.21764098471969567,-0.05904357960916406,-0.10161080418121034,-0.08325086662532082,0.014440411725254563
KLAC,0.019336076703800244,0.6785401179077419,-0.30676619431547086,0.0416471780046029,0.45740660596500976,0.23235900907006546,0.7462044744544368,0.503548935802625,0.30013231310346794,-0.2002263366575648,0.47514150762259516,0.49936444063974805,0.5470279706525322,1.0,0.4228444200727639,0.636099920863953,0.6623073753534269,0.5520945317312828,0.1440852658712896,0.4991056308341361,0.47831110833558615,0.4359210130939636,-0.0444983770637958,0.1533839206214019,0.7583496377834296,0.46882721052146814,-0.039785361421627176,0.654437003417796,0.5051449577842632,0.016653347930822654,0.1428690197394844,0.6574438491876613,0.057712700849361157,0.36402536455046774,0.6788584847215547,0.5470887818593929,0.5616769527827609,0.1656413918291,-0.2693597903243479,0.043530402506272325
LRCX,-0.5910825936673987,0.4038358520071496,-0.6406472095473495,-0.510438235406152,0.051304614295214074,-0.5430775029329533,0.5750164648078052,0.7956798769706546,0.6517784678076528,-0.0658831548492299,0.7766623580799049,0.6684022622192838,-0.04090328102942376,0.4228444200727639,1.0,0.6538940454462357,0.7340751777532758,0.8031593109679842,0.10244050517525201,0.5540526529638716,0.5207493908229394,0.20373145547730892,-0.5787645476720071,-0.2140174541431064,0.5786873530461594,0.7486655576615422,-0.7569037754118093,0.6456999183027271,0.13285255394848733,-0.4522465125227715,-0.42952220930068186,0.7042757492497943,-0.6740162962293187,0.5032565841147262,0.4470471292435553,0.710239143171255,0.683369670531042,-0.22923366436915135,-0.07929887674657299,-0.12682629363701672
MU,-0.1128619159561749,0.5714566049597294,-0.48829974147682725,-0.09292565637202596,0.22648279384473907,-0.25469757391106723,0.8685532532239562,0.8159836562609674,0.5688295988186433,-0.08404818685926357,0.711362459597263,0.7942643643874511,0.1737839803014939,0.636099920863953,0.6538940454462356,0.9999999999999998,0.610739668793496,0.6891164172332422,0.17199023287455195,0.7588227715685695,0.75749885475886,0.45566689091799156,-0.19164199005953075,-0.010490876718916659,0.8540605856471106,0.8193415083222978,-0.41438467038832044,0.8588623492688796,0.20085789530797118,-0.21131543213416348,-0.12776843549493513,0.7503653449075206,-0.49109787793932486,0.6227824221092045,0.8219200493035932,0.7000198154773684,0.8572114323838338,0.17866122030244205,-0.31433694277496405,-0.03586559504221541
INTC,-0.5615992771372141,0.7719687951235509,-0.6632446185235529,-0.537764139312343,0.43014096265545176,-0.05117227393580486,0.5997474699695209,0.49376220078987204,0.5970105350340303,-0.31890244476249247,0.8176111605874647,0.7339516908492176,0.476681076654044,0.6623073753534268,0.7340751777532758,0.6107396687934961,1.0,0.9390659972423607,-0.07917681579279033,0.3346322650542592,0.32030243316404067,0.2107516794232977,-0.567654308252156,-0.2517496629350134,0.6564417177916048,0.5910772539246114,-0.5327717939262483,0.6338210709076539,0.6112645232786107,-0.43265143270761997,-0.45537839204292363,0.7255393042399094,-0.16725705193450474,0.24490150148197704,0.5900904178901464,0.8044541675839605,0.4706437817573582,-0.3163047458208889,-0.23951568881418894,-0.182193952319621
AMD,-0.6337324450730057,0.7116464620455486,-0.7605854123744642,-0.5975208295211831,0.3368447468799407,-0.19268527867988028,0.6146661436609901,0.5888693809635158,0.6981935692360418,-0.3251340980878577,0.898067781013402,0.8234882534262848,0.3602051086876852,0.5520945317312828,0.8031593109679842,0.6891164172332422,0.9390659972423607,1.0,-0.1147201004900267,0.4258052413408994,0.383359286348348,0.2121414426139056,-0.611179658157319,-0.3367168978731259,0.6764584409907637,0.7195381981339115,-0.6819567931564144,0.7207805124953303,0.5262682831012215,-0.5182566431057026,-0.5655307043698916,0.7141590998908093,-0.3568528721990968,0.33789405150203283,0.6120830118810122,0.871473330811933,0.5700567844278636,-0.3174986761237801,-0.27996106073036675,-0.18584845107577572
ADBE,0.5716337709292055,0.17903810064000003,0.5481631686808134,0.6488580559409125,0.3856967748089298,0.17280925002637085,0.24823745232519265,0.37419484535905007,0.07746247516487208,0.8133823308898541,-0.30862278185697334,-0.08613806334512555,-0.01383302334095726,0.1440852658712896,0.10244050517525201,0.17199023287455195,-0.07917681579279033,-0.11472010049002669,0.9999999999999998,0.5273542084439308,0.5745954467932687,0.7367253659469094,0.5718257530430336,0.6790205332472005,-0.00040090857249357236,0.07590707937450761,0.36639365367386045,0.24851219934578575,-0.021279961967829303,0.591878893638414,0.6909269788678782,0.4193959278772336,-0.04804984471547863,0.5896957755539528,-0.055617307122056196,0.07077538379579171,0.28201310218171394,0.6718316217015359,0.5353092941438832,0.8017381046541153
CSCO,0.15102247793243423,0.43086480058766335,-0.13289002737204547,0.24945027895148836,0.290373611185555,-0.17672903990610575,0.8056011794230324,0.8449415826046205,0.57130711095801,0.32652357064396764,0.40110941720818344,0.588108214787053,-0.057318636626217646,0.49910563083413606,0.5540526529638717,0.7588227715685695,0.3346322650542592,0.4258052413408994,0.5273542084439308,1.0,0.9151573708357859,0.6883372103271318,0.1630560945146616,0.3019498473553878,0.6900353870133071,0.671532096908421,-0.202517330105404,0.8069973394378444,0.03647286385889579,0.2089347794428617,0.2132845199860385,0.6936954148923816,-0.427155786116153,0.8957064250540374,0.5590511328081028,0.5974687773928856,0.8393070718166823,0.5147614204773342,-0.05682118195679722,0.39450865780570293
XLNX,0.24260732907048993,0.46985789763615454,-0.08349817037723482,0.3387621543186428,0.32030010512816115,-0.16800206137393617,0.8212698003148451,0.8354875835094611,0.46812930537500197,0.40761891376278314,0.35279876456190895,0.5216645378244494,0.0014590503942031087,0.4783111083355862,0.5207493908229393,0.75749885475886,0.32030243316404067,0.38335928634834804,0.5745954467932687,0.915157370835786,0.9999999999999998,0.7318206098316806,0.23756047770382324,0.33710986259480497,0.6598485876917268,0.673995902950564,-0.14024138997147845,0.7749342189345513,0.029761073880738634,0.2522361479828088,0.2869397504336201,0.737983275935246,-0.3873557842254701,0.8367673818422875,0.5713736847993488,0.5486013561900808,0.8282651713668371,0.5191819775523283,-0.04082236105684994,0.3683481513432014
QCOM,0.4071977308090702,0.4848107179197812,0.18964207636953906,0.5145520655215163,0.5917823542728834,0.2670934271355636,0.5049009133014022,0.5538744200054737,0.26857449965865904,0.6025234170402206,0.012571125752544337,0.22601959727099852,0.2217543288352477,0.4359210130939635,0.20373145547730892,0.4556668909179916,0.21075167942329767,0.2121414426139056,0.7367253659469095,0.6883372103271318,0.7318206098316806,1.0,0.48063323832188265,0.47229456057782676,0.3293920446540721,0.37116940714863517,0.23408481468296324,0.622651787099873,0.17162630315861177,0.4566723250439921,0.5256149819080039,0.589628761200354,-0.04488537306563321,0.6781826954675435,0.29173087668889675,0.4268698326883461,0.5331631134835363,0.5785631970502594,0.19039456945227567,0.6888566877018057
SNPS,0.8923691907853512,-0.058873654769553745,0.7801674531080509,0.9395741365251777,0.2479342461104371,0.5437752608563288,-0.02220273956672892,-0.15193008003625552,-0.35422599792858844,0.5760161640096693,-0.6929714898877136,-0.4351953638568172,0.06772649196368466,-0.0444983770637958,-0.5787645476720071,-0.19164199005953075,-0.5676543082521561,-0.6111796581573191,0.5718257530430336,0.1630560945146616,0.23756047770382324,0.48063323832188265,1.0,0.6993069456193963,-0.20071791534570838,-0.3734107715512371,0.8005780180739743,-0.1337603942846446,-0.13881855576952168,0.833709954857274,0.8509566367854224,-0.17443522664037842,0.4286392071071202,0.1950199677254742,-0.1365729602495425,-0.37512422816819463,-0.10852140874296091,0.7403682542050879,0.27809864560953135,0.5970833885203491
INTU,0.7225637807942306,0.04671135573717553,0.7092123304395647,0.731347765679782,0.35342449026352335,0.43201038368937134,0.14146345304372154,0.01781115373042974,-0.10715192962017217,0.5634359043592693,-0.49731287058699997,-0.25387060760801916,0.05862616977550336,0.1533839206214019,-0.2140174541431064,-0.010490876718916659,-0.2517496629350134,-0.3367168978731259,0.6790205332472005,0.3019498473553878,0.33710986259480497,0.4722945605778268,0.6993069456193963,1.0,-0.021259756343775985,-0.22410775933912944,0.582491272839232,-0.053870543039668185,-0.06027649656563266,0.6877721929764232,0.7573400725246063,0.13173908051831718,0.30003696127232876,0.4119386180483448,-0.04413142925719062,-0.21732161458920102,0.001223857894238655,0.681196822616816,0.39899383903572694,0.6493851405806568
MCHP,-0.15461575651543272,0.6403492670383917,-0.5553575128113488,-0.12288518793705816,0.29958899364772684,-0.09544767257327605,0.9175095851961114,0.6892300579234745,0.5787045278224716,-0.26377544780377216,0.7487996789685454,0.8059651717537252,0.23274168287503344,0.7583496377834297,0.5786873530461594,0.8540605856471106,0.6564417177916048,0.6764584409907637,-0.00040090857249357236,0.690035387013307,0.6598485876917269,0.3293920446540721,-0.20071791534570838,-0.021259756343775985,1.0,0.7551894586928518,-0.4177409528501886,0.7866324667641098,0.2627024789402043,-0.13330537737507428,-0.14953476132878937,0.6631188611212593,-0.25541815430915243,0.5600137782680877,0.9134052270054955,0.7187462859167651,0.7871689972244573,0.16492917785032984,-0.5589750511983763,-0.1791023483716882
FLIR,-0.336393533531891,0.42459646806672113,-0.6618922403739113,-0.2799818360563352,0.201723216968884,-0.44404379337205774,0.717821765112955,0.8260563022002879,0.652321485156207,-0.050603526982353195,0.7845403869958036,0.73422322579988,-0.008298495461194027,0.46882721052146814,0.7486655576615422,0.8193415083222978,0.5910772539246115,0.7195381981339115,0.07590707937450761,0.6715320969084209,0.673995902950564,0.3711694071486351,-0.3734107715512371,-0.22410775933912946,0.7551894586928518,1.0,-0.6478398037364302,0.8339719767820515,0.07609045019899233,-0.2923697132619296,-0.2807401691363517,0.7052901499220342,-0.6276211997479155,0.6191437773725474,0.6363110437548805,0.8023804481759089,0.8737526461059894,0.026095775457542165,-0.432792504470431,-0.06694000560302926
IT,0.81938347475523,-0.11496339118009731,0.8197303558738088,0.7811206775465426,0.2354979139623055,0.704796761745764,-0.2676469724605643,-0.4545382281502612,-0.5764109753055752,0.35802416512355884,-0.8006799665989387,-0.5975685511149319,0.24457058726236658,-0.039785361421627176,-0.7569037754118093,-0.4143846703883205,-0.5327717939262482,-0.6819567931564144,0.36639365367386045,-0.202517330105404,-0.14024138997147845,0.2340848146829632,0.8005780180739744,0.582491272839232,-0.4177409528501886,-0.6478398037364302,1.0,-0.3935666547894027,0.06204328057114566,0.7120108121831961,0.7783485023791358,-0.3344356969193791,0.6900258285409342,-0.18911695398002254,-0.3342803084913377,-0.55069532500158,-0.44463666425928744,0.46950747226389805,0.3789478029761878,0.5171257199497618
NTAP,-0.133652240514556,0.6619434601664491,-0.4979340318721243,-0.05382719102817401,0.40068810549858774,-0.16347070294108712,0.8141143912207989,0.8218462376331381,0.6241439800854802,0.04539511100168406,0.6744070084733192,0.7592174688693903,0.20731785523654528,0.654437003417796,0.6456999183027271,0.8588623492688796,0.6338210709076539,0.7207805124953304,0.24851219934578575,0.8069973394378444,0.7749342189345514,0.622651787099873,-0.1337603942846446,-0.053870543039668185,0.7866324667641098,0.8339719767820515,-0.3935666547894028,1.0,0.32327915676339447,-0.1093975995223027,-0.07715590467996897,0.7842150202270532,-0.41680475004449585,0.6804007123349295,0.7098164501630118,0.8278020193442588,0.8663703887290849,0.1973456129255424,-0.2898339991009506,0.14465021054197852
CTXS,-0.1364086004415667,0.7511808347779545,-0.180728607753193,-0.1567028829052572,0.5936275970546707,0.45649472921147716,0.2883046678483075,-0.026373476989513332,0.2904628148711632,-0.21782362619888243,0.316608636448154,0.420838730768381,0.7514369126467801,0.5051449577842632,0.13285255394848733,0.20085789530797118,0.6112645232786107,0.5262682831012215,-0.021279961967829303,0.03647286385889578,0.029761073880738634,0.17162630315861177,-0.13881855576952168,-0.06027649656563266,0.2627024789402043,0.07609045019899234,0.06204328057114566,0.32327915676339447,1.0,-0.0553161471277808,-0.13904911156517544,0.35039203473284125,0.3849695893081838,-0.08675324775077341,0.2596736935177256,0.4703903693801892,-0.023022495247267558,-0.16267952689272389,0.02591357138040298,0.10514574246799184
ANSS,0.7519656525865241,0.02616539840473313,0.7026047179804757,0.8507351351807724,0.4120650804000766,0.5301105347418462,0.061886965488188034,-0.11245207781768823,-0.18306101742807582,0.6157673717936809,-0.5940956207152157,-0.32785459344060985,0.04096454617529757,0.016653347930822654,-0.4522465125227716,-0.21131543213416348,-0.43265143270761997,-0.5182566431057025,0.591878893638414,0.2089347794428617,0.2522361479828088,0.45667232504399213,0.833709954857274,0.6877721929764231,-0.13330537737507428,-0.2923697132619296,0.712010812183196,-0.1093975995223027,-0.0553161471277808,1.0,0.7801908106817487,-0.09141474380442188,0.48927219918952797,0.2889559496003996,-0.15043469228612896,-0.23282113629362552,-0.0732321549866658,0.7714457531292203,0.23551545605963864,0.6380491699328796
APH,0.8880944988751621,-0.07107101514209295,0.7783749772956396,0.9040364213850659,0.23777451668044378,0.45151032349119974,0.03716113141954824,-0.03329264091987989,-0.38906338210288594,0.6102362673476746,-0.6660291459790356,-0.4661312732223885,0.0835120577030084,0.1428690197394844,-0.42952220930068186,-0.1277684354949351,-0.45537839204292363,-0.5655307043698917,0.6909269788678782,0.21328451998603853,0.2869397504336201,0.5256149819080038,0.8509566367854224,0.7573400725246064,-0.14953476132878935,-0.2807401691363517,0.7783485023791358,-0.07715590467996898,-0.13904911156517544,0.7801908106817488,1.0,-0.013187658007973684,0.3483898059057987,0.24913065158207148,-0.14738443236106885,-0.37035493179070283,-0.002405648983824859,0.7242458710255417,0.3626295325724872,0.6651298649384577
ADSK,-0.11120064943807678,0.6410348720787337,-0.3173218729594968,-0.05839123284068629,0.47733615861746187,-0.1335743364694518,0.7516673989963409,0.7491591603844008,0.5651417818973453,0.16044519992674386,0.5821628407175162,0.5947942924574887,0.2190721773199051,0.6574438491876612,0.7042757492497943,0.7503653449075205,0.7255393042399094,0.7141590998908093,0.4193959278772336,0.6936954148923816,0.7379832759352462,0.589628761200354,-0.1744352266403784,0.13173908051831718,0.6631188611212593,0.7052901499220343,-0.3344356969193791,0.7842150202270531,0.35039203473284125,-0.09141474380442188,-0.013187658007973684,1.0,-0.3264127094948509,0.6471456658904533,0.568652795787959,0.742335626695905,0.7104776018392117,0.17917485167175579,-0.0367398537582873,0.2334870900440109
VRSN,0.39305827536536986,0.16468302007998822,0.46270762467495447,0.3679611055927008,0.42570394322680244,0.8314468282967766,-0.2322408878354332,-0.6457828998121706,-0.3386961997019292,-0.046358353401670285,-0.47134314287409196,-0.354338313781616,0.44060831718732424,0.057712700849361157,-0.6740162962293187,-0.4910978779393248,-0.1672570519345047,-0.3568528721990968,-0.04804984471547862,-0.427155786116153,-0.3873557842254702,-0.04488537306563322,0.4286392071071202,0.30003696127232876,-0.25541815430915243,-0.6276211997479155,0.6900258285409342,-0.41680475004449585,0.3849695893081838,0.48927219918952797,0.3483898059057987,-0.32641270949485085,1.0,-0.37916047532138986,-0.16910060367089544,-0.29395704090489594,-0.5775477923595407,0.16625385546463414,0.05518583573457316,0.17797069515583844
CTSH,0.1862785381393623,0.3263442103184693,-0.005054514838592878,0.27839548249959367,0.3729300013680607,-0.13286832651142608,0.6663984318230428,0.7452055846752874,0.5888245215490551,0.46533677280714897,0.27831863283752106,0.44434739365738385,-0.20568070914023723,0.3640253645504677,0.5032565841147262,0.6227824221092046,0.24490150148197704,0.3378940515020329,0.5896957755539527,0.8957064250540374,0.8367673818422875,0.6781826954675435,0.19501996772547422,0.4119386180483448,0.5600137782680877,0.6191437773725474,-0.1891169539800225,0.6804007123349294,-0.08675324775077341,0.2889559496003996,0.24913065158207148,0.6471456658904533,-0.37916047532138986,1.0,0.4093718745255033,0.5497815092232029,0.7451798375056434,0.5637089203981251,0.01179052054287274,0.5100360275538846
NVDA,-0.1044012306094664,0.6513820003661702,-0.5338042220747987,-0.09095487604852254,0.28733314427854634,-0.01166316897118402,0.8559606810825074,0.5788422598011319,0.427019194096081,-0.3367819119933051,0.6800769561025772,0.7417231237096014,0.32277608237743055,0.6788584847215549,0.4470471292435553,0.8219200493035931,0.5900904178901464,0.6120830118810122,-0.0556173071220562,0.5590511328081028,0.5713736847993488,0.29173087668889675,-0.13657296024954246,-0.04413142925719062,0.9134052270054955,0.6363110437548805,-0.33428030849133766,0.7098164501630118,0.2596736935177256,-0.15043469228612896,-0.14738443236106885,0.568652795787959,-0.16910060367089544,0.40937187452550333,1.0,0.626948953406079,0.6777224667761573,0.13285761848672545,-0.6037626259636105,-0.24959242056359557
FFIV,-0.4337360247052445,0.7183498909344357,-0.6425010022649004,-0.3628934226854829,0.5288600686201401,-0.11875144002602415,0.6963676536690089,0.6815379068060489,0.8057833944949757,-0.08702742183481448,0.8105765603028118,0.8107804061801085,0.21764098471969567,0.5470887818593928,0.710239143171255,0.7000198154773684,0.8044541675839605,0.871473330811933,0.07077538379579172,0.5974687773928856,0.5486013561900809,0.42686983268834616,-0.37512422816819463,-0.21732161458920102,0.7187462859167651,0.8023804481759089,-0.55069532500158,0.8278020193442589,0.4703903693801892,-0.2328211362936255,-0.3703549317907028,0.742335626695905,-0.293957040904896,0.5497815092232029,0.626948953406079,1.0,0.6962836893751134,-0.047098505207058584,-0.3531564266226296,0.044756027807530754
JNPR,-0.09585471087520729,0.4193629773434836,-0.46754075623450597,-0.014331283264188263,0.1679565328556547,-0.37547391743452446,0.8180056055802586,0.9104505983198927,0.5891674910658313,0.0930802061086189,0.6462647756270147,0.6597059240334643,-0.05904357960916406,0.5616769527827609,0.6833696705310421,0.8572114323838338,0.47064378175735827,0.5700567844278636,0.28201310218171394,0.8393070718166823,0.8282651713668371,0.5331631134835363,-0.10852140874296091,0.001223857894238655,0.7871689972244573,0.8737526461059894,-0.44463666425928744,0.8663703887290849,-0.023022495247267558,-0.0732321549866658,-0.002405648983824859,0.7104776018392117,-0.5775477923595407,0.7451798375056433,0.6777224667761573,0.6962836893751134,1.0,0.2794993930742454,-0.33067882154692313,0.06967343505880827
AKAM,0.7289384083415079,0.10112379182732971,0.5418334710010704,0.8336917137677295,0.347006517992272,0.2762382248722868,0.3342460777495624,0.21893913764187417,0.008858892879843887,0.5989355566177723,-0.35437004399033034,-0.07574666311951851,-0.10161080418121034,0.1656413918291,-0.22923366436915135,0.17866122030244208,-0.3163047458208889,-0.3174986761237801,0.6718316217015358,0.5147614204773343,0.5191819775523283,0.5785631970502594,0.740368254205088,0.6811968226168159,0.16492917785032987,0.026095775457542162,0.46950747226389805,0.1973456129255424,-0.16267952689272389,0.7714457531292203,0.7242458710255417,0.17917485167175579,0.16625385546463417,0.5637089203981251,0.13285761848672545,-0.047098505207058584,0.2794993930742453,1.0,0.11570442479988195,0.6191713520566534
FIS,0.26489277853029825,-0.17279762955229702,0.6374371802640622,0.2797341607098165,-0.03673028164646914,0.09882957150258408,-0.3794763077915356,-0.1231053194885665,-0.21942966820108425,0.5705230904674594,-0.5247138477136284,-0.389943588438377,-0.08325086662532082,-0.2693597903243479,-0.07929887674657297,-0.31433694277496405,-0.23951568881418894,-0.27996106073036675,0.5353092941438832,-0.05682118195679723,-0.040822361056849936,0.19039456945227567,0.27809864560953135,0.39899383903572694,-0.5589750511983763,-0.43279250447043105,0.3789478029761878,-0.2898339991009506,0.02591357138040298,0.23551545605963867,0.36262953257248726,-0.0367398537582873,0.05518583573457316,0.011790520542872742,-0.6037626259636104,-0.3531564266226296,-0.33067882154692313,0.11570442479988192,1.0,0.5762058687089752
CRM,0.5696133069895393,0.11568439437102372,0.6240057309424767,0.6277014726191189,0.5197900474365083,0.39188118382256804,0.04212377269806284,0.13731895627381663,0.06141480860837519,0.7623797735971706,-0.4412573043200738,-0.1948379715279364,0.014440411725254563,0.043530402506272325,-0.12682629363701672,-0.03586559504221541,-0.182193952319621,-0.18584845107577574,0.8017381046541153,0.39450865780570293,0.3683481513432014,0.6888566877018057,0.5970833885203493,0.6493851405806568,-0.1791023483716882,-0.06694000560302926,0.5171257199497618,0.14465021054197852,0.10514574246799184,0.6380491699328796,0.6651298649384577,0.23348709004401086,0.17797069515583847,0.5100360275538846,-0.24959242056359557,0.04475602780753076,0.06967343505880827,0.6191713520566534,0.5762058687089752,1.0
