date,MLM_return,NEM_return,SHW_return,IFF_return,CF_return,NUE_return,ECL_return,VMC_return,APD_return,PPG_return,FMC_return,EMN_return,FCX_return,MOS_return,ALB_return,avg_return
2012/01/04,-0.0003960918933192392,-0.003060567010309212,0.010219780219780317,0.001323751891074032,0.027176451466094598,0.008884501480750151,0.0008617718028265386,-0.009576612903225867,0.008569774174869815,0.002114661654135208,-0.0019419693854237918,-0.002736318407960181,0.008354430379746702,-0.005514356341509874,0.014602692964157171,0.003925460006112424
2012/01/05,0.0023774930656452753,0.0033931168201648543,0.007723267703687586,-0.0009442870632673239,0.01057022529462448,0.001712328767123239,0.0024108834165661452,0.008142493638676918,-0.0067746009874842805,-0.00890973036342313,-0.004807142039601753,0.00024943876278360477,-0.013306552849610909,0.019120458891013437,0.0014953271028037562,0.0014968480106467934
2012/01/06,-0.02240084332586645,-0.0020933977455717123,-0.001511226252158937,0.0032136105860114395,-0.010459664286608938,0.005372405372405353,0.001374334306820213,-0.00832912670368502,-0.002080924855491384,0.0026023184291459334,0.011730879815986084,0.030423940149626016,-0.010941475826972025,-0.01181988742964346,-0.0020530048525568834,-0.001131470841237318
2012/01/09,0.009030866693624517,-0.00790705179925777,0.007783783783783749,0.002826455624646673,0.011456357272209727,-0.0021860578090843186,0.004460456338994723,0.005344871468567103,0.0,-0.005073147711184611,0.0,0.003146176185866434,0.004373552868536246,0.00740459464590848,-0.0007480830372170733,0.0026608516350262587
2012/01/10,-0.0012022441891531566,0.01903057905009753,0.013730959021669209,0.015783540022547893,0.040112703379224124,0.012171372930866564,0.005636208368915652,0.005063291139240533,0.01146895273401305,0.0214632989446224,0.012276912583835342,0.04366706875753912,0.03995901639344268,0.03373539389370528,0.03106868800299467,0.020264382735570727
2012/01/11,0.01163568276046556,0.01101356743814863,0.013968253968253963,0.002959674435812021,0.005715600402165899,0.012746512746512728,0.0076426630434782705,0.0176322418136019,0.00721566830832665,0.005340143951706455,0.004267265581134216,0.03351826167360161,0.025862068965517127,0.003463992707383623,0.0050825921219821435,0.01120427932787272
2012/01/12,0.02882072977260708,0.011051468266498388,0.005322479649342515,0.015861305791220914,-0.005204654223498473,0.0037995725480883813,0.008090342154053687,0.0024752475247524774,0.024903343188537708,0.01616628175519641,0.011852845801185063,0.030865578170431673,0.019207683073229287,-0.008175872093023173,0.0382878815242913,0.013554948860194215
2012/01/13,0.014777692109997576,-0.010149906308557277,-0.01245717844908134,-0.00925925925925919,0.037645140275731626,-0.009699550508635024,-0.0020063534526000293,0.003950617283950519,-0.00244091867302787,-0.00545454545454549,-0.003978340148082626,-0.019310045563028844,-0.010600706713780994,0.010807840263784563,-0.012002087319533894,-0.0020118401277778863
2012/01/17,-0.010257059642902355,-0.03864962927906612,0.0025228634500158442,0.009345794392523255,0.0007533468559837164,0.0031055900621117516,-0.0008376612497905667,0.006148548942449539,0.0058947836725613545,0.00594149908592323,0.0011095084877399408,-0.0019911504424779958,0.02547619047619043,0.002174700978615496,0.00950704225352128,0.0013496245362265866
2012/01/18,0.02085465711361323,-0.009681654085986202,0.008702946419209434,0.01125635439360928,-0.028318278220887172,0.015003572279113975,0.015090543259557387,0.00879980444879025,0.012383900928792713,0.021126760563380254,0.009198714396542185,0.021281312347594783,0.03250522405386569,-0.020795660036166286,0.020404604115800362,0.00918752013178866
2012/01/19,0.010778293019175322,-0.012427506213753103,0.011122661122661137,0.005745062836624681,0.020203827415449682,0.006569685593618146,-0.006442021803766074,0.008965350133268712,0.003058103975535076,-0.023804226918798688,0.008126509993410913,0.009333622747992099,-0.0022487069934787884,-0.005540166204986097,0.027003930951974064,0.004029627976995139
2012/01/20,0.0030998140111593298,-0.0055369127516777805,-0.017271512285391144,0.002320599785790689,0.025178293327391854,-0.0006993006993006867,0.003823773898586902,0.025936599423631135,-0.012957317073170715,0.013217866909753795,-0.002941176470588225,-0.010967741935483777,-0.02862294343024563,0.021541318477251492,-0.007488766849725437,0.0005755062891987868
2012/01/23,-0.010877626699629328,-0.0001687194196052788,-0.005439899571084927,0.005520926090828215,-0.011453700412918266,0.0006997900629810427,0.0004968532626696831,-0.013576779026217234,-0.008052950910093837,-0.006635177687809302,-0.001966568338249819,0.0065231572080886036,0.018097447795823784,0.0010907107798583393,0.007545271629778805,-0.0012131510157053012
2012/01/24,0.001999500124968856,-0.030037124535943316,0.0036814978436943147,-0.00017711654268504073,-0.006456075628314406,0.006993006993007089,0.009601059427247316,0.0018984337921215122,-0.026023131672597954,0.0019246009283369059,0.0049261083743843415,-0.0008641175199827211,0.002051048313582493,-0.0018158707100054405,0.04276917956398729,0.0006980665834534161
2012/01/25,0.018583187827388326,0.04819067501739749,0.006707189268497116,0.006023029229406562,0.050475748433511214,0.012499999999999956,-0.0008198065256600495,0.024869729985788736,0.0018269011189768758,0.010395480225988685,0.010239651416122042,0.014918918918918944,0.047987264043666045,0.0191013279970893,-0.009096712416214348,0.017460172302725126
2012/01/26,-0.003183543528835653,0.003319502074688785,0.020508015823443637,-0.0005282620179609676,-0.03871644758643533,0.008916323731138487,-0.0029537249753855965,-0.0004622140050843937,0.00478687029860958,-0.00659807649295463,-0.013370713823592784,0.0038346825734980605,0.009114583333333481,-0.011602998928954,0.014978257368336356,-0.0007971830770769979
2012/01/27,0.002579535683577161,0.017535153019023975,-0.008466795878812605,0.003171247357293794,0.03182993392703248,0.008384319057330503,-0.004114549045424631,0.0046242774566473965,0.0003402903811251523,0.002589215355172758,0.01595628415300543,0.06982173174872663,-0.007956989247311808,0.02149178255372952,0.0036496350364962904,0.010762338103840804
2012/01/30,0.009801519235481448,-0.0047146805397496605,-0.004526748971193428,-0.009308043554618894,-0.014087644078178085,0.0022471910112360494,-0.003966286564204169,0.007825086306098905,0.0015874815738745607,0.004603637996855925,-0.0011833046471600994,-0.002578853402102621,-0.0006503360069369801,-0.004950495049504955,0.0026877470355730626,-0.001147581976968596
2012/01/31,0.0010919679689396222,0.00424697811172825,0.007957833815626314,-0.010636411983690697,0.0018072969614819634,-0.002466367713004458,0.0028206404513024808,0.0015985384791048496,-0.003396354579418004,0.0012294623896278445,-0.0018309100700052428,0.0007955449482894839,0.0023861171366594824,-0.005508173418621198,0.014033427940712828,0.0009419726959155679
2012/02/01,0.004241910071506316,-0.005855562784645385,-0.00010253255408598783,0.008421429851281026,0.03624985905964606,0.007417397167902795,0.002812706816677668,0.0034199726402188713,0.015108485743496436,0.01428890377316372,0.005610703495899871,0.04213036565977735,-0.00108201687946341,0.018045381454350418,0.03249883377390761,0.012213722485975556
2012/02/02,0.004706734250543132,0.019142670157068054,-0.006357670221492917,-0.004264392324093813,-0.008215004624340327,-0.0058009817045960865,-0.001814882032667886,-0.0013633265167006803,-0.00906445837063563,-0.011666299801893043,0.0008583690987125081,-0.004576659038901476,-0.014081455805892484,0.0022815022815023678,-0.010993975903614506,-0.003413988703800186
2012/02/03,0.012492492492492513,-0.02054904479049613,0.008978328173374406,0.006245538900785164,0.024410312671420575,0.019075403949730507,0.01702479338842977,0.019112627986348052,0.020892151326934005,0.015812917594654863,0.018439108061749643,0.028160919540229923,0.02131399692375302,0.00525302048677978,0.02010050251256268,0.014450871281249918
2012/02/06,0.015304306560683267,-0.00196689067365996,-0.00030684258975144374,-0.001773364071643968,0.0035876840696116297,-0.006166042721867271,-0.003900536323744541,0.009153828979683087,-0.0051991150442477485,-0.0037272527954396173,-0.012842105263157877,0.01173840134153159,0.005378657487091321,-0.0006967427277477789,0.0076130765785940024,0.0010798041870623129
2012/02/07,0.007712082262210762,-0.0004926917392018559,0.0075711070186208485,-0.012257949902291676,0.005762458649023694,0.004431641923332563,0.006363191385217792,0.011725663716813939,0.001223173579450787,0.004291373239436735,-0.007784175730432996,-0.002209944751381143,-0.0209715386261502,-0.016559177270350278,-0.008888888888888835,-0.0013389116756393241
2012/02/08,0.0020871985157699946,-0.0026289845547157187,0.004874086108854536,0.011690647482014427,0.005358037135278382,-0.00044120891241994364,0.0029182879377431803,0.0026240979663241237,0.007774322523322885,0.0037252109126766353,0.022031166039763628,0.005352528608342455,0.01704918032786895,-0.003367600141793825,-0.0025411061285500747,0.005100390921365309
2012/02/09,0.021638509604258394,-0.000988467874794119,0.005456750202101901,0.017244444444444396,-0.01994612526759143,0.0019863164864266647,-0.003394762366634385,0.03380588876772084,0.003416354419219836,0.0045846523305315134,-0.024185068349106165,0.0011015237745548578,-0.0023640661938534313,-0.004090343233149496,-0.003296867975423279,0.0020645825845804064
2012/02/10,-0.012345679012345734,-0.016820580474934066,-0.011356783919597935,-0.020971688220901674,-0.030043665535993025,-0.020484581497797305,-0.007299270072992581,-0.009704641350210985,-0.007138934651290452,-0.013039226339237264,-0.017456896551724,-0.01412066752246477,-0.031882809133994106,-0.028214285714285636,-0.019245226281762173,-0.017341662418635446
2012/02/13,0.008944954128440319,-0.0035223079503522436,0.007929246721561478,0.004998214923241484,0.011990064501252506,-0.012367888464133059,0.004084967320261423,0.0036216446527481683,0.0013274336283184418,0.0027523945832874652,0.028076332529063164,0.008556547619047672,-0.006230529595015577,0.011760382212421927,0.013950636210332545,0.005724806201365048
2012/02/14,0.004319163446237839,-0.010772597205857437,0.006555723651033629,0.001776198934280604,-0.02418962207229447,-0.01252276867030977,-0.0022782750203417246,0.0006368074718743344,0.0028722934158198488,-0.0061484409310496035,-0.013228077661617155,-0.0014754703061600205,-0.03806538289296901,-0.002542680711950629,-0.0134563048079831,-0.007234628890752445
2012/02/15,0.00690357627885918,0.014122851795133506,-0.005811623246492981,-0.007446808510638281,0.007195053805230778,-0.004842056721235943,0.006524221171097633,0.0031820110309714877,-0.0005507821105970034,-0.006407423773751586,0.01664864864864879,-0.009974141115626112,-0.013035381750465591,-0.0012745812090313446,-0.008275862068965578,-0.0002028198517908697
2012/02/16,0.005957064178936822,0.01392617449664435,0.0052408788550695196,0.005894962486602484,-0.018361369481045386,0.022706209453197568,0.00437530384054452,0.005075068724889054,0.012785186818031535,0.01623304425172356,0.012228838792003316,0.016604477611940283,0.03396226415094361,0.01185050136736554,0.025807448616906203,0.011619070277583531
2012/02/17,-0.0014525139664803843,-0.01621711070660259,0.005815119310206507,0.006215592257147851,0.016771846040138927,-0.005210693248754006,-0.0020974507905775486,0.0031559015358719744,0.0018500380890194013,0.007877461706783384,0.015022586406135074,0.002202238942925261,-0.018248175182481896,0.0023423423423423184,-0.0015064778547754232,0.0011013803253932567
2012/02/21,-0.016000895154973827,0.03515559293523962,0.002591706539075034,0.012177903282739155,0.030530082755535703,0.0102482350261901,-0.003233629749393785,-0.018246644295301984,-0.0033673691071041123,-0.0016283108988276451,0.01956116746015324,-0.004028566196667249,0.021607806691449793,0.023009167715261514,-0.007694628847314533,0.006712107877070735
2012/02/22,-0.013418239708892332,0.020149496262593436,-0.006064824020680093,0.0012205754141239034,0.009441074335322819,-0.01780883678990075,0.004703974047039816,-0.014526810510574695,-0.009809264305177146,-0.001848428835489857,0.0011166379047813368,-0.008457437028865589,0.003411416875142015,0.03321033210332103,0.006385890223506108,0.0005137037310833333
2012/02/23,0.012793914246196358,0.016247212488053497,0.009902970891267238,0.0010449320794148065,0.006880348682022586,0.0013770943309616701,0.0037132709073297576,0.005853024062432155,0.011667583929554137,0.004357298474945592,-0.0005069965524235887,0.0022251066196921077,-0.007706255666364403,0.0023809523809523725,0.005892128720350609,0.00507483903962566
2012/02/24,-0.0015932627745532946,-0.02021943573667706,0.0009904912836768975,0.0026096033402924768,-0.01836434879541171,0.005271602108640749,0.008364162779475492,-0.004956896551724044,0.00032640626700031206,-0.005748373101952309,-0.00010145074566292323,-0.0046253469010175685,0.0029693924166285246,-0.004411265693926025,-0.006608591168519085,-0.0030731542182486377
2012/02/27,0.00034195828108973814,-0.015837466005439005,0.022461903819513074,-0.00017352073572796112,0.028551229062432126,0.006611947104423255,-0.0011166055192215474,-0.004331817197314347,0.0007613661083316625,0.013854041671211847,0.006696428571428603,0.006133828996282675,-0.013664313368253134,0.004942058623040202,0.011339582703356443,0.004438041474343576
2012/02/28,-0.010255241567912576,0.007802340702210531,-0.009290622278137928,-0.00034710170079821356,0.012848305398403204,-0.0027180067950168807,-0.013893324816352526,-0.013269523602349342,-0.008368655580915263,-0.00010759629868717369,0.0077605321507761005,0.015333456493626496,0.008081274532440341,0.004917754790571438,-0.002391986844072269,-0.00025989302774760415
2012/02/29,-0.01139765139304627,-0.041532258064516214,0.007619419751880407,-0.009895833333333326,-0.02902484861140109,-0.01135589370883483,-0.028340080971659964,-0.017636684303350858,-0.010960105217010074,-0.018078123318627015,-0.010201020102010183,-0.015101892285298346,-0.02519468621163523,-0.025480931488356395,-0.003147010340176948,-0.01664850663982509
2012/03/01,-0.0008151857458950085,0.004122843920908892,0.0039747939893359785,-0.00964404699281085,0.017365591397849434,0.006891798759476098,0.0018333333333333535,-0.009425493716337607,0.018062943262411535,0.015452054794520498,0.012731130645650346,-0.006281174949196444,0.008223684210526105,0.004502164502164563,0.01773902585688525,0.005648897551254809
2012/03/02,-0.007575757575757458,-0.01189877660465899,-0.010814986481266997,0.00708215297450443,-0.005178882840987109,-0.005932010038786184,-0.009316253535185504,-0.01155414589941095,0.00010884946119515959,-0.0017267429311460525,-0.0022947221390801076,-0.004461795872838903,-0.020508040083896395,-0.009136355800724028,-0.0262924667651403,-0.007966662275545293
2012/03/05,0.010217263652378072,-0.017978290366350125,0.002440452948067051,-0.006680731364275716,-0.054555112881806145,-0.024099150791829227,-0.0025188916876573986,0.004125601650240673,-0.010666086199390357,-0.009513513513513483,-0.0023999999999999577,-0.024463118580765553,-0.037592196050440174,-0.019485038274182243,-0.05339805825242727,-0.016437791314130125
2012/03/06,-0.025807951639153726,-0.012607944732296983,0.0039925990846236825,-0.018761061946902746,-0.05062366558040221,-0.028457196613358438,-0.0010101010101009056,-0.008445560374343852,-0.025852585258525962,-0.013206723422833577,-0.030172413793103536,-0.0405819295558959,-0.024969097651421635,-0.024130589070262554,-0.03766025641025639,-0.022552965198282315
2012/03/07,0.008114558472553712,-0.008570928808815825,0.02958292919495653,0.006132756132756212,0.040658104989051314,0.003389009924957609,0.0003370407819345278,0.008747697974217372,0.0038396386222474543,0.0015485012719831381,0.0012403100775193465,0.020949720670391248,-0.01140973630831632,-0.0036363636363636598,0.024146544546211457,0.008337985593685609
2012/03/08,0.02260890151515138,0.004763585038814355,-0.006594441827602493,0.007350304768734217,0.040718835304822454,0.004825090470446325,-0.0005053908355795445,0.024874486535828355,0.012599842501968883,0.026394257316399772,0.023330236399297988,0.025405511041625806,0.01308027699410097,0.01405109489051104,0.02325203252032515,0.015743641508989645
2012/03/09,0.010417872438939657,-0.001229148375768263,0.005500237079184345,0.000177967609895191,-0.023333333333333428,0.014405762304922076,0.006404854205292576,0.024048096192384794,-0.006332629707810344,-0.0018291370776845062,-0.00010087763542809824,-0.007432818753573489,-0.018227848101265764,-0.0007198128486592958,0.001906880661051824,0.0002437376438764849
2012/03/12,-0.005155229694123076,-0.019866385372714568,0.009242667169669039,-0.002846975088968029,0.007105690147149346,0.001656804733727757,-0.008038854463239042,-0.015438138725810013,-0.0012298747763863638,0.0034493909669075506,-0.00817191283292984,-0.00748847926267282,-0.01340897369778249,-0.00972447325769854,-0.004758128469468659,-0.004978191508289317
2012/03/13,0.02763703362505754,-0.015964125560538167,0.002149331838145807,0.006959314775160541,0.0015000000000000568,0.030245746691871522,0.013506668917778297,0.020538869257950454,0.01578417105115859,0.013105596734343194,0.01729223883633413,0.008318823757012872,0.021693674856246847,0.012729587197672254,0.014501992031872524,0.01266659493400443
2012/03/14,-0.009861048857014776,-0.010207801676996087,-0.0004662439388287698,0.0024809498493709725,0.006823098685305284,0.007110091743119051,-0.0034982508745626806,-0.014066219433023108,0.004408199250606204,-0.006680097550630815,-0.0065993400659934975,-0.011511895625479607,-0.024814530570478555,-0.012390016160890638,0.003927112786679343,-0.005023066162587845
2012/03/15,0.013128112267994485,-0.008471454880294549,0.0062505830767796144,0.011490189146190488,-0.0019284297520660854,-0.010475973582327325,0.0,0.009438103599648917,0.005266622778143493,-0.000426985482493647,0.006542526421741357,0.008346273291925499,0.0060335781741869265,0.004727272727272691,0.010796432483179519,0.004047790017992092
2012/03/16,-0.009159964253797948,-0.0016716196136702388,-0.01131095865010201,0.00034952813701516483,0.016892189726314788,0.01795166858457975,0.004179204279505244,-0.005870841487279899,0.0009823182711197198,-0.0005339598462195116,-0.0009999999999998899,0.0015399422521655826,0.005475880052151272,0.04071661237785018,-0.003560371517027705,0.0036653085541736336
2012/03/19,0.0032694475760990382,-0.0040930232558139545,0.008720930232558155,-0.0019217330538084942,-0.005645784395755804,0.012887180646619978,0.002330614283336141,0.0019685039370078705,0.003271180896303738,0.00929586494283563,0.00320320320320322,-0.0032673457620603363,0.015041493775933557,-0.0005216484089723972,0.00015535187198989497,0.0029796157659650823
2012/03/20,-0.008540285425328586,0.002802167009153811,-0.0037185088779398967,-0.0031507089095046403,0.004476770213462933,-0.02165178571428572,0.0046503903006145375,-0.010914647456887194,-0.009129442451907388,-0.005610840567435771,-0.01017760925962874,-0.007134593135364353,0.00025549310168626604,0.009916492693110568,-0.005591798695246952,-0.004234593811700075
2012/03/21,0.003966904680947403,-0.009500745156482804,-0.0009330969487730822,0.0026338893766462146,0.01114180057928138,-0.005703855806525215,-0.00545544718135238,-0.004193334804678983,-0.002742130086651362,0.002235707441711865,0.002318548387096886,-0.00038842493688096,0.016602809706258048,-0.011541774332471944,0.004061230865354704,0.0001668054522319847
2012/03/22,-0.01580492210431239,-0.014293774684972838,0.0018679368637339877,-0.008056042031523658,-0.019350624561955687,-0.015832950894905884,-0.002327127659574324,-0.02083333333333326,-0.014518257809063018,-0.012534523050775515,-0.019913506989842178,-0.012628715756751507,-0.03693467336683409,-0.019344719414430056,-0.013223397635345413,-0.014915242161992389
2012/03/23,0.004702913512273366,0.017363098645296837,0.003076349398713596,0.008121468926553632,0.03464147116860339,0.0060620191186755434,0.004165278240586545,-0.0004526935264826948,0.006696428571428603,0.007422547332186058,0.020625962031810996,0.007870916961826069,0.003913383772501833,0.02541318642260526,-0.011981712123600774,0.00917604123019855
2012/03/26,0.005365909350382392,0.002438109527381993,0.018587360594795488,0.014010507880910739,-0.0038672920039887204,0.014136732329084634,0.023560643769702905,0.0029438405797101996,0.012527716186252702,0.018793379604911786,0.016790669615926124,0.013861772745021428,0.010395010395010562,0.016291161178509483,0.02744534865166748,0.012885391360351946
2012/03/27,-0.005564387917329161,-0.017960710944808223,0.0,0.012435233160621673,-0.0026591501356166836,-0.006627056672760534,-0.0040525206678554415,-0.0038383382253330822,0.004160735793277137,0.0034587569437165566,0.045090477603085155,0.0007702676680145792,-0.003343621399176988,-0.0010231923601637938,0.003727286845783384,0.0016382519794303052
2012/03/28,-0.014502683567431673,-0.018860735378167348,-0.011313868613138656,-0.0025588536335721113,-0.023516237402015694,-0.021164021164021163,0.0,-0.03105167724388025,-0.00632428306618682,-0.010027156883225308,-0.015422461916926866,-0.016355589763325074,-0.035870967741935544,-0.006145442130419898,-0.022744855330341984,-0.015723922255639226
2012/03/29,-0.007415990730011646,-0.003106796116504773,0.007844222960502023,-0.005814947836497275,-0.019768457841852327,0.006110458284371401,0.00439453125,-0.007953216374269045,0.005706134094151327,0.009601181683899451,0.012973284643474914,0.001956181533646406,0.006691648822269913,-0.05066987289591196,0.008391386953768176,-0.0020706834379308945
2012/03/30,-0.0003502218071445018,-0.0013634592910011234,-0.004944602142660903,0.00808532599346301,0.017548690807799527,0.003270263957019459,0.00016204829039057067,0.007545390238151484,0.0016366612111291534,0.001149545407043595,0.004269044682667644,0.0091761030847326,0.011433129486838611,0.00036185996019533206,0.003611241953210831,0.004106068122122353
2012/04/02,0.001051033516290989,0.016383850204798156,0.010490475752277462,0.017235494880545987,0.028141255304749757,0.01257275902211874,0.009721322099805585,0.010765270301895669,0.009586056644880214,0.019624217118997977,0.01766484035518623,0.02166763397175475,0.028128286014721393,0.0068728522336769515,0.01971214017521916,0.015307832506461267
2012/04/03,-0.003849743350443302,-0.033966609096142686,-0.0037337218832528274,-0.005703740983056482,0.0026093510096039108,-0.015405840423085793,-0.00224646983311938,-0.004399166473720739,-0.009926629261976738,-0.020475020475020478,-0.0002784739626845445,0.010035978034463211,-0.013551521350038342,-0.012574097359439596,-0.011660018410555417,-0.00834171492123128
2012/04/04,-0.004801499004567278,-0.0359555025824394,0.004844606946983632,-0.010291884595917122,-0.006267208413001879,-0.01681457262961228,-0.011257639112254747,-0.011627906976744207,-0.012859633827375871,-0.018394648829431537,-0.011420612813370479,-0.009936257967754103,-0.014256091238983859,-0.020556667273057938,-0.012108040981061774,-0.01278023728657259
2012/04/05,0.0012944222169921638,-0.01648464867092525,0.007641226234876619,-0.0011933174224342258,-0.002458631616321205,-0.00973871733966758,0.00032530904359151513,0.0,0.0025391918745860664,0.025234241908006938,-0.0015027707335398821,-0.013823139556902175,-0.006047856955035624,-0.01634472511144136,-0.009742300439974816,-0.002686781104545921
2012/04/09,-0.014807850511223464,0.0056568196103079504,0.009569377990430672,-0.010240655401945742,-0.020895788684097583,-0.013672343487646899,-0.004390243902439028,-0.011294117647058788,-0.020482325735051155,-0.021186000623117707,-0.015520647163954515,-0.008064516129032251,-0.007671957671957608,-0.025113293051359453,0.00015867978419548123,-0.010530324174930005
2012/04/10,-0.020398425384707042,0.020208333333333384,-0.025395689886434814,-0.02069322296947751,-0.020247454293124023,-0.01021400778210102,-0.02139474113996398,-0.01856258924321752,-0.022259696458684752,-0.02291777188328914,-0.021975922033250495,-0.03387533875338755,-0.02346041055718462,-0.029244625217896614,-0.027288592733618944,-0.01984801033353364
2012/04/11,0.00815879201169012,-0.019808045742291225,0.05349114597669513,0.01267828843106189,0.01569492938421191,0.011056511056510843,0.006174899866488559,0.011639185257031892,0.004254340577210636,0.026604408730589668,0.0008792497069167737,0.020236425566019012,-0.023205023205023267,-0.0027952857236918094,0.010928070461588613,0.009065859490333917
2012/04/12,0.012441116076820746,0.03229166666666661,0.0066190559136038996,0.01773604590505995,0.038713168066364156,0.026731470230862753,0.02537734284292581,0.00934803451581967,0.024616441493015673,0.024222551301036566,0.02557345046364068,0.03633150039277311,0.05897149245388489,0.023809523809523947,0.028073572120038692,0.026057095483469142
2012/04/13,-0.01360057265569059,-0.017558022199798184,0.008998096556497748,-0.00888433282077572,-0.01397638837418591,-0.01609467455621305,-0.0033969589129732025,-0.011398717644264922,-0.013744552463962334,-0.011463389445419803,-0.0027600647187588923,-0.011938601478112654,-0.025072578516759148,-0.018174711745163163,-0.01365348399246702,-0.011514596864536457
2012/04/16,0.004837929366231064,-0.010476581758422254,0.006431143886125978,0.005343906223065131,-0.018630872483221483,0.00264613904257871,0.0029216036357733177,-0.0024021138601969527,0.010083843190573205,0.01232762223150874,0.00496277915632759,0.005945531261986936,-0.0005414185165131258,-0.0023885350318472165,0.008273667462211476,0.0019556429204120743
2012/04/17,0.015045739046702034,0.003321569441561145,0.0018744142455482393,0.010288065843621519,0.02172010066746899,0.015355086372360827,0.012623401844958693,0.0192631832410306,0.010880538418395869,0.014860681114551078,0.025071225071225056,0.020972354623450817,0.022751895991332427,0.014964086193136383,0.011835253274420143,0.014721839692650921
2012/04/18,-0.020514644847622443,-0.009104076143182205,-0.003741814780168329,0.00373387644263401,-0.002570281124497975,-0.002835538752362865,-0.001917852005753562,-0.023151429246397237,-0.018752774079005774,0.0013219442749643484,-0.006763016490643037,-0.01195144724556485,0.014036016949152463,-0.0060939650088459585,0.01762320648783522,-0.0047121197046305465
2012/04/19,-0.008595641646489072,-0.0016704948841094192,-0.0035851472471191137,0.001521812647953924,-0.002523218983196407,-0.04999999999999993,-0.003042433947157752,-0.007980652962515045,0.009385954992649603,0.02569310449883222,-0.004850293815875317,-0.0030240030240029636,-0.006790284669626501,0.005537974683544222,-0.023295019157088204,-0.004881222900946651
2012/04/20,0.002198070582488665,-0.01171303074670571,0.014220851537736667,0.00354550059091685,0.004682454251883517,-0.010476428036916952,-0.0006424670735624138,0.003900536323744541,0.005489580999327837,0.002871287128712874,0.0042178273502671,0.00018957345971570838,-0.012095713910071026,0.008457907159716838,0.026831947277577317,0.0027785264596554542
2012/04/23,-0.006214207383940407,-0.020105820105820182,-0.0031252639581046404,-0.007570659488559839,-0.02335672577275394,-0.018905974287874994,-0.002892960462873684,-0.008013598834385571,-0.011364902506963759,-0.0027643400138217533,-0.01624043307821532,-0.010235026535253988,-0.01091296247005602,-0.01716403354788376,-0.015739608801956018,-0.011640434483230926
2012/04/24,0.0002452182442373996,0.0015118790496759793,0.0011862396204034287,0.0023732836073910857,-0.0049915528495420025,-0.0005138746145940676,0.001128304319793605,0.006364749082007348,-0.04519328299335068,0.00980100980100973,-0.006451612903225823,-0.008425890463423902,-0.004574811625403519,0.0017860686644175505,-0.01832013662474774,-0.004271627312356774
2012/04/25,0.01642559450845793,0.023722234203148673,0.018111035883547677,0.007102993404363156,0.05975755566469432,0.011311053984575992,0.0093382708098535,0.016054487959134223,0.00885269121813037,0.021274509803921537,0.03896103896103886,0.041328698339127,0.008921330089213253,0.0538827258320127,0.02103431915230125,0.023738569320901362
2012/04/26,-0.002050168837433697,0.005477143459026612,0.0012468827930174342,0.009739714525608845,0.003901373080452908,0.004067107269954073,0.0044664220768861895,0.003830500359109257,0.00959400959400969,0.010079677450321567,0.012775735294117574,0.005378338278931638,0.011521972132904512,-0.010526315789473717,0.008828996282527868,0.005222092531330717
2012/04/27,0.007854984894259953,0.002723653886444577,0.004483188044831721,0.006818559787127754,0.025804392672967857,-0.00430379746835452,0.01333968556455467,0.010255187216789974,-0.008459844709699849,0.004181714502946132,0.016879934658317497,-0.0029514849658734965,0.010066225165562992,0.006838905775075954,0.016889298326424163,0.007361373556758358
2012/04/30,-0.006235011990407768,-0.0043877977434183535,-0.005868253574675575,-0.005450941526263575,-0.024801737637015653,-0.0030511060259343914,-0.0018805829807241325,0.010623229461756534,-0.0008181393174381268,-0.003975014196479276,-0.014279339580544392,-0.0014801110083255686,0.004458431681090946,-0.0033962264150942945,-0.014041974935829815,-0.004972305052620229
2012/05/01,-0.012789575289575361,0.008394543546694555,0.002577319587628857,0.002989536621823552,0.011136486066507967,0.005865850548329332,0.010205683780813324,0.00467180565288472,0.007369282957071066,0.017103762827822333,-0.008510638297872353,0.0077821011673151474,0.004177545691906204,0.005111700113593409,0.01179173047473192,0.005191809029978312
2012/05/02,0.003788804693229064,-0.019771071800207984,0.007877933493656286,-0.0004967709885742577,0.02520357434539333,-0.01140973630831632,-0.005129002175940256,-0.006277609858172384,0.0006967022758941344,0.0014013452914798386,-0.007579216509907782,-0.005148005148005175,-0.008840353614144703,-0.005839141081182886,-0.00015135462388360388,-0.0021115934672455133
2012/05/03,-0.012784609765006616,-0.032059447983014855,0.002961987822938994,-0.006295559973492404,-0.013241393094488574,-0.010515516799179392,0.0015622558975159073,-0.0009358914365933391,0.0015084706428405426,9.329228472809703e-05,-0.008649245491350821,-0.022361855479578696,-0.03279118572927597,-0.00852595680181889,-0.008477141992128456,-0.010034119859860299
2012/05/04,-0.02035027133695111,0.012502741829348407,-0.006480721903199371,-0.018339446482160682,-0.06871581932347581,-0.019440124416796323,-0.009358914365933613,-0.031147540983606725,-0.009153052948673412,-0.014272388059701546,-0.015500278448115856,-0.04139886578449903,-0.01274749118524543,-0.026371106439900593,-0.028091603053435166,-0.02059099219348975
2012/05/07,0.0046581896009063595,-0.00043327556325811756,0.004293617372636449,0.010190217391304213,0.0,-0.007401533174729136,0.022831050228310446,0.002417210539038095,0.00280636108512633,0.011640011356108593,-0.0011313283680587372,0.010254387694734746,0.0,0.004710500490677116,0.009267986176562992,0.00494022632195729
2012/05/08,-0.011152882205513803,-0.02990897269180759,0.011099235386006878,-0.013618022864828383,-0.005491871023870387,-0.005326231691078487,-0.0012315270935960854,-0.014227152158186596,-0.006063432835821003,-0.0036482694106642066,-0.002831524303916866,-0.011711887565879264,-0.021428571428571463,-0.009181480757960547,-0.015564202334630295,-0.00935245286535454
2012/05/09,-0.016347737929286454,0.039767649687220796,0.008294031549845426,-0.00426112152718594,-0.04215413024352821,-0.002409638554216942,-0.003545006165227904,-0.021281800391389494,-0.020647583294228,-0.005351610177448229,-0.002934216753431196,-0.009678056488248155,-0.0025266704098819703,-0.024250788643533028,-0.010118577075098778,-0.007829683761042538
2012/05/10,-0.008116464828652581,-0.007305543618392751,-0.00830645161290322,-0.001711742553919926,-0.017238426850847755,-0.005636070853462183,0.0024748646558390153,-0.0004998750312420475,-0.005270723526593191,-0.0019822541060977583,0.002658059616480024,-0.002792181890706069,-0.006191950464396245,-0.011921600323297699,0.004631847947612178,-0.004480567562705347
2012/05/11,-0.0035069489544096166,-0.0181818181818183,-0.0020330161828088222,-0.005829903978052164,5.8024046001081686e-05,-0.00431848852901473,-0.0015429717636168405,0.0007501875468867159,0.0015655105973024774,-0.0051073489075949,0.003503124408255953,-0.006399999999999961,-0.016142735768904015,0.0006134969325153339,0.0060413354531001495,-0.0033687702188105093
2012/05/14,-0.010818561001042726,-0.01521164021164012,-0.017764015645371556,-0.006726457399103047,-0.03717034714661094,-0.004608294930875667,-0.006954102920723071,-0.02473763118440786,-0.0034868341950222703,-0.019678676680292773,-0.018869704689121636,-0.028784219001610323,-0.012665515256188975,-0.017780502759043526,-0.036504424778761146,-0.017450728519987708
2012/05/15,-0.015417050994861015,-0.0286545780165659,-0.017504562800730095,-0.0032991838860914058,-0.013391241404270726,-0.025326797385620936,0.0,-0.016910069177555775,-0.01158301158301156,-0.009115593483320361,-0.006250601019328728,-0.020725388601036232,-0.04810495626822153,-0.015189346650020918,0.014433327866163692,-0.014469270226964766
2012/05/16,-0.0819057815845825,0.0027656141968195325,-0.00337752258718238,-0.005400696864111376,-0.01852531181217898,-0.02011735121542324,0.005757858699035001,-0.08105290591608028,-0.0108642578125,-0.004208259933450864,-0.026224114573253465,-0.019470899470899528,-0.00245022970903519,-0.010775406718782965,0.015521422797089679,-0.01735518950030244
2012/05/17,-0.02988338192419826,0.04022063893357841,-0.020842158773193287,-0.026449465755824186,-0.03912041362985108,-0.007984031936127733,-0.029398112331734505,-0.038570618264322176,-0.020856472911267354,-0.028501228501228604,-0.03329027129086748,-0.04101014461472041,-0.012281240405280891,-0.024348568987612174,-0.04505651966247426,-0.023824799337008266
2012/05/18,0.027648384673178095,0.007070260715863919,0.0043263822791381745,-0.0032385750269880997,0.01789296596434342,-0.011497556769186512,0.002391200382592107,0.020353982300885143,-0.019284093773632494,-0.01305007587253404,-0.010690789473684292,-0.0042763898266936495,-0.01119055020205173,0.017294220665499127,-0.01133711237079027,0.00082748357772926
2012/05/21,0.010235414534288667,0.03927161035541893,0.023692599293529737,0.032490974729241895,0.058212856392131584,0.020645536493166583,0.023536895674300284,0.05088175773344883,0.028916591697725202,0.02029520295202958,0.041458852867830576,0.03684448462929457,0.023577491354920044,0.034430815579943985,0.04030354131534564,0.032319641706841075
2012/05/22,-0.012302793457808825,-0.0037998733375553817,0.0026931493014643593,-0.0019230769230769162,-0.02810707361462983,0.008262108262108159,0.007147296457426844,-0.031636863823933936,-0.001998501124156893,-0.002812939521800284,0.006584854833882048,-0.008720296490080659,-0.013206388206388198,-0.018514666111920097,-0.03436537526341377,-0.008846695934658892
2012/05/23,0.00849941383352859,0.029243483788938374,0.043310391136478055,-0.0028025923979682066,0.03616553133514988,0.014128284826222082,-0.0004628201172475199,-0.017897727272727315,-0.004505632040050056,0.015514809590973178,0.014966795519873122,0.01143611172201453,0.018674136321194856,0.02522255192878342,0.008897095853617643,0.013359322268585376
2012/05/24,0.0043591979075852105,0.001235330450895633,0.008286403861625047,0.007201826804848155,0.004542134559996747,-0.004458066313736575,0.004630344188917945,0.01330633497251954,0.011440784510937885,0.03373015873015883,0.015234374999999911,0.021961295933898617,-0.004888481515429199,0.00764936944387018,0.006489184692179739,0.008714679548551178
2012/05/25,-0.00983796296296302,0.003907053259304849,0.007819356897789786,-0.005406348099058267,-0.009043312708234219,0.010635320458998176,-0.011368873866953622,0.02083928061661422,-0.0063393412057178855,-0.009788867562379955,-0.505675259715275,0.013191489361702002,-0.004912496162112534,-0.005949938448912562,0.015539758637791223,-0.03309267609996046
2012/05/29,0.017241379310344973,-0.013109381401065101,0.025017813316443593,0.013150973172014746,0.03986551392891435,0.013846579894766009,0.0010878010878012656,0.009228187919463338,0.014635976982737109,0.018608257414227447,0.022377894532010112,0.03926921461570787,0.025300833076211005,0.020846233230134015,0.03662705518476317,0.01893295548429826
2012/05/30,-0.02772191898879639,-0.007056870070568655,-0.0152158801266703,-0.020941502249913424,-0.0035796766743647623,-0.019120458891013437,-0.009158646383110924,-0.02964810196730394,-0.025027740106028817,-0.027021883920075984,-0.01484583174724019,-0.04162457062032743,-0.02467649714113751,-0.030934088152042127,-0.045540201005025094,-0.022807591202907932
2012/05/31,-0.0032501107992317646,-0.014214046822742632,0.016784313725490163,-0.003358670673501818,-0.009386893035114197,-0.004177109440267279,-0.009713300955663473,-0.010565391205025865,-0.0005058168942841945,0.011539213768824386,-0.015262751159196286,-0.01834282099936746,-0.01141622955877808,-0.005215939912372236,-0.0013162224415925738,-0.005226785093521554
2012/06/01,-0.024010671409515405,0.06658184902459707,-0.03879975316260409,-0.03600567577155023,-0.05188353697452408,0.00027964205816566334,-0.020408163265306145,-0.048484848484848464,-0.027327935222672184,-0.04331013147718488,-0.03825779870512058,-0.06335910652920973,0.000936329588014928,-0.03586409395973156,-0.06260296540362442,-0.02816779064634094
2012/06/04,-0.01032649962034915,0.0248508946322068,0.010111548029853257,-0.0007359705611775791,-0.014436424208772891,-0.0027956388034666713,0.005652454780361804,-0.012132241431604407,0.007804370447450637,-0.012025060630557749,-0.001223990208078396,-0.008025682182985605,0.008107265357031324,-0.007613661083315182,0.006326889279437697,-0.0004307830802644075
2012/06/05,-0.009360135031456163,-0.0038797284190106307,0.01914673869865724,0.0036825630638923634,0.044381846635367816,0.0011213905242499767,0.005781275092339833,0.010746085354620849,0.002323180175529016,0.012478265316559156,0.005923202614379175,0.03467406380027738,0.008042066192391228,0.018632178868917215,0.037024100593782805,0.012714472898699817
2012/06/06,0.03299256505576209,0.006815968841285214,0.0042874961022763,0.024032287653641626,0.012467034284344258,0.029683562027443378,0.03640427909947297,0.012454434993924623,0.01403553953129033,0.028487726032932592,0.023553299492385715,0.03865058087578199,0.03283215710340581,0.031848504411448264,0.019029976423037942,0.023171694128562206
2012/06/07,-0.0005997900734742156,-0.019535783365570714,0.009625164946052811,0.0046578287352203596,-0.015214243428842034,0.014413924394886868,0.011708519488522695,0.013501350135013634,0.01612698412698399,0.007563107749729792,0.0093235469152948,0.01763820176382014,-0.0017825311942957223,-0.005422314911366133,-0.002809452982977967,0.00394630081993322
2012/06/08,0.013203300825206155,-0.008088380351154001,0.010378948998312376,0.007310984308131374,0.02506756687300471,-0.002144772117962379,0.013248058474189195,0.013321492007104752,-0.004998750312421807,0.010723337882628359,0.02063679245283012,0.008666243923060701,0.00684523809523796,0.016775005242189334,0.008120649651972123,0.009271047730155265
2012/06/11,-0.009625351695542794,-0.015910898965791676,-0.009207046111702755,-0.010798371393166972,-0.024044100398780355,-0.02928533046749049,-0.014577697625488661,-0.028629856850715618,-0.006154232604873244,-0.016589506172839608,-0.022722896206431753,-0.038977367979882604,-0.026012415016257617,-0.02289131779748399,-0.03550879500246584,-0.0207290122859276
2012/06/12,-0.0013456937799041224,0.021018593371059158,0.02150356950283605,0.009484609878310568,0.013940692224492457,-0.0005535566011625193,0.01586091200244022,0.021052631578947434,0.00265386073549867,0.021479011377010693,0.016157635467980214,0.03270824247710413,0.018512898330804273,0.02574926129168431,0.01755582069200612,0.015718565903273845
2012/06/13,-0.019613714627938372,0.003958828186856556,-0.02270491111231554,-0.018968268037581892,-0.027260932365714696,-0.001384657989476512,-0.005254466296351845,-0.02886597938144342,-0.013612301487269995,-0.02150744119059056,-0.020942408376963373,-0.030405405405405372,-0.006257449344457711,-0.022839506172839474,-0.03283082077051924,-0.017899295624800762
2012/06/14,0.011301160659743292,-0.0005914826498423231,-0.005154242237538242,0.007950849295265572,-0.002010478859510112,0.013033832501386566,0.009055236945366696,0.01455868971792551,0.002427804753386109,-0.0014718869590815142,-0.009506833036244888,0.017857142857142794,0.01649175412293835,0.0021057064645189083,0.0032906130931762423,0.005289191111242197
2012/06/15,0.026276049531863466,-0.008088380351154001,0.0017010515232716017,0.011832197920401466,0.00793602344179245,0.02956474130851361,0.002393060125635671,0.02690582959641241,0.013129381771829207,0.02338836477987427,0.005998800239952029,0.01326486949080019,0.012979351032448516,0.044337045597814706,0.023303987571206664,0.01566149157204415
2012/06/18,0.00662154208357868,0.011336515513126422,0.021151846622807557,0.0038979447200566675,0.03512809642056802,-0.0018612071257644303,-0.0008952551477171555,0.009606986899563186,0.0015098137896325525,0.0061455732667563545,0.008745776187636611,0.008868243243243201,-0.002329644729178959,0.01046277665995965,0.01754385964912286,0.009062191203559415
2012/06/19,0.02748136237392207,-0.002949852507374562,-0.003326277592984539,0.01676667843275692,0.05821777543736473,0.02370804475226418,0.005824372759856589,0.006632064590541997,0.02487437185929653,0.013361328497804914,0.03586206896551736,0.03244035161155279,0.03473438412142449,0.04101951413779381,0.0237068965517242,0.02255687226609743
2012/06/20,-0.006544316403471417,-0.006706114398422169,-0.010088061286407934,-0.010762020482555035,-0.007740738692911697,-0.005204267499349546,-0.014847809948032697,-0.012603838441707205,-0.018999754841872996,-0.0013185157280090065,-0.004375118889100138,-0.006689641191972351,-0.00394922425952049,-0.005929609793420054,0.0011336032388664652,-0.007641695241192418
2012/06/21,-0.019619074896176536,-0.05083399523431298,-0.03156838798317274,-0.021231795051763536,-0.024406607355031307,-0.022756997122678424,-0.020045214770158193,-0.00435161009573537,-0.02711483193802322,-0.034138061109015516,-0.04069545280855946,-0.048979591836734615,-0.0657037666383461,-0.032518760823551984,-0.04480750566159819,-0.032584776888323876
2012/06/22,0.01723634238971683,0.0033472803347280866,0.011709787166706231,-0.0023305844388670227,0.014907470870459072,-0.011777301927194839,0.023223623500461477,0.027972027972027913,0.0015412278448498906,0.017281780902167476,0.003385779725154414,0.008369098712446288,-0.02091542891785403,0.005966587112171684,-0.005249788314987236,0.006311193528799082
2012/06/25,-0.0010051694428490077,0.01730608840700576,-0.003988425744897217,-0.02264150943396226,0.03359783893297319,-0.02329360780065004,-0.006162633398466788,-0.016723356009070378,-0.014106181072069846,-0.027449851233323774,-0.014688368400158858,-0.024473292189827633,-0.021671826625386914,0.010280743376828827,-0.01770514130064693,-0.008848312795633457
2012/06/26,0.04455943653873806,-0.017524082803853203,0.023084170854271502,-0.0014708586137157642,0.02869427202439301,0.012201885745978913,0.007713248638838266,0.02219659844335542,0.0040322580645162365,0.014901805980459981,0.01349717969379527,0.028795811518324443,0.00031645569620253333,0.043248532289628105,0.013344887348353485,0.015839440094619083
2012/06/27,0.025319939452318696,0.004485240429748627,-0.0062163468917881826,-0.00018412815319468478,0.00772778318571854,0.0046575342465753344,0.003902146180399191,0.05245346869712342,0.0001295504599041486,0.006223259432127648,0.01987676406281058,0.022688719253604717,0.016766845934830688,0.006002626148940093,-0.012314007183170883,0.010101293017063195
2012/06/28,0.03932358072741904,-0.021391484942886785,0.005096763835295004,0.0047882136279926435,-0.0018383843689269153,0.0114535042268884,-0.0037374794438630454,0.010450160771704242,0.011010362694300335,0.00019327406262070745,0.00896511401286304,-0.002073398299813234,0.0037336652146857663,0.00783143762819316,0.00242424242424244,0.005081971478047653
2012/06/29,0.01782024793388426,0.02949915110356538,0.016903727768246446,0.004398826979472137,0.019469691615959572,0.021838770558101794,0.028361344537815025,0.053036329885971956,0.034336963484945526,0.025314009661835835,0.03303071276801228,0.046540619156451246,0.05610663360198398,0.013135985198889921,0.030229746070133068,0.028668184021684563
2012/07/02,-0.0015224562293832955,-0.000412286126571737,-0.0006801661745247101,-0.00839416058394149,-0.0015485185532921886,-0.0007915567282321678,0.0035021158616663772,0.004532863258625008,-0.013749535488665865,-0.013381078024877535,0.00205684367988046,-0.012904506650784131,-0.00557675374229516,0.002191380569759094,0.009221998658618391,-0.00249705441826793
2012/07/03,0.0036848792884369708,0.025572282944936964,0.0017391502902730505,0.011225616488774293,0.030552160876757606,0.027198310007921833,0.0027628326305073614,0.0208072198546001,0.007661391610148227,0.0017191977077362086,0.008397089009143377,0.0235317779565567,0.03925619834710736,0.014395043731778356,0.028410034889516655,0.01646087904227967
2012/07/05,0.0005063932143309913,-0.013874924592801041,0.0037738694411753038,0.0009099181073701779,0.0020565837945027976,-0.0010282776349613831,-0.004930394431554408,0.010068762278978571,-0.0021189081391000952,0.005816170861937531,-0.0062916358253145566,-0.012379642365887289,0.007384265833569881,0.007724088377941474,-0.00533117932148619,-0.0005143273600865491
2012/07/06,0.008983930153106279,-0.02304241435562815,-0.0012782915047530041,-0.017090909090909046,-0.01797151671863817,-0.013124034997426648,-0.01165840862722256,-0.00024313153416011257,-0.002997751686235395,0.0007583657218692696,-0.021042830540037305,-0.0021886191802625854,-0.012968705948689041,-0.011051693404634633,-0.02566184830274476,-0.010038524001091058
2012/07/09,-0.007775269626285275,-0.003965769150490406,-0.01972601869251489,0.006104328523862446,-0.002650813070296132,-0.0023468057366363704,0.0019168386906518453,0.0038910505836575737,-0.0023803558005511816,-0.02083925357582639,0.011223131063343939,-0.015154536390827533,-0.013710368466152478,-0.002343186733958058,-0.00900150025004165,-0.0051172352421376376
2012/07/10,-0.015419615773508588,-0.027242246437552353,-0.002995391705069017,-0.009009009009009028,-0.023920215891654273,-0.01463669628855191,-0.006769683590875708,-0.018895348837209336,-0.012558081125204068,-0.011899003579375123,-0.015048908954100826,-0.011135857461024412,-0.04170286707211113,-0.01084010840108407,-0.009587888982338089,-0.015444061540577862
2012/07/11,0.003337612323491612,-0.009478672985782088,-0.012941992142361913,0.0022263450834880683,0.01947949939781113,0.0023872679045091605,-0.004889613276040872,0.014814814814814836,-0.00025435584382549337,-0.012336009398864367,-0.024637127578304052,-0.028050778050778158,-0.022061045633121945,0.01315068493150684,-0.026834239130434923,-0.005739173972259478
2012/07/12,0.037743091095189474,-0.011309264897781612,0.005619370951377434,-0.0035172158459830793,-0.006163593404900025,-0.0023815824292139354,0.0025312686122691552,0.014111922141119226,-0.01132171479455546,-0.002180808881839802,0.012727628744859887,0.0008426374552348292,0.0,-0.018568595637281415,-0.013438045375218088,0.0003130065155517725
2012/07/13,0.006780914807052119,0.015398152221733241,0.010011563056921746,0.01393275125394755,0.00883761389024662,0.019098143236074172,0.0053467993465023955,0.0347888675623802,0.027277406073082933,0.026624279753626245,0.0375096674400619,0.026941696484950484,0.02688504326328789,0.009184423218221882,0.024942508402618024,0.01957065533404716
2012/07/16,0.00036737692872890193,-0.014298093587521543,-0.02236053480866751,-0.007511909124221283,0.017674129098360636,-0.010150963040083338,-0.0031023784901756946,0.002550428935775617,-0.0048847695390781265,-0.01170892200503204,0.000372717107715248,-0.004099200655871993,-0.013842913030394088,0.007826720058245362,-0.010700724887814927,-0.004924602469335652
2012/07/17,0.003060350104051812,-0.009450549450549461,0.011711074432130708,0.011445449510799177,0.025119608614125655,0.006573757559821258,0.009780675755779455,0.013876040703052706,0.01044682190056645,0.019582884558895453,0.01881520119225044,0.007203128215682142,0.003967043027158779,0.05129131298537115,-0.0015701325889742046,0.012123511101344102
2012/07/18,0.013546497437149085,-0.009096960284002753,-0.008312616532007433,0.0014601204599378192,0.012669416617560492,0.011233019853709392,-0.003962430290578189,0.0045620437956204185,0.015695067264574147,0.0005762028233937677,0.0038398244651673963,0.02084184715978754,0.0036474164133739606,-0.0010307507301151597,-0.028306832081076316,0.0024907910914996113
2012/07/19,0.007344972907886715,0.010971786833855912,0.03744606345475909,0.009841443411700457,-0.012462467267966182,-0.012399896667527832,0.0008840430234271501,0.0018165304268846771,-0.0004905567819475376,0.07457529513389005,0.0036429872495447047,-0.0024019215372297342,0.042398546335554066,-0.009114359415305251,0.0345261643589283,0.012438575431096973
2012/07/20,-0.002510160172125242,0.0,-0.00649384629569183,-0.0061360765204836465,-0.004321090317755405,-0.007062516348417369,-0.010304725452671915,-0.0009066183136898776,-0.013128834355828123,0.01688102893890675,-0.010344827586206917,-0.013041733547351608,-0.018884369552585656,-0.0020826102047899475,-0.007995828263514748,-0.005755480532813702
2012/07/23,-0.009706411024565598,-0.01439645625692132,-0.0031923688384609683,-0.020337751952061,-0.0238200917295458,-0.002897787144362507,-0.009222073479101645,-0.0027223230490017736,-0.010568195946786152,-0.02722880983750542,-0.013203741059967022,-0.02012604187843048,-0.034053893988747586,-0.00017391304347824654,-0.006483266164359569,-0.013208875026219672
2012/07/24,-0.008833494675701936,-0.0038202247191011507,0.002973694469972754,-0.011492122335495902,-0.020056582802869594,-0.019286657859973633,-0.01801531301606374,-0.027979981801637965,-0.008796179944709714,-0.019774266365688464,-0.004460137520906904,-0.0056016597510374355,-0.028816676885346393,-0.00921899460775788,-0.032804232804232836,-0.014398855374703387
2012/07/25,-0.004395067757294591,0.033160387999097596,-0.014672268106451725,0.009938121132570865,0.008351806980460896,-0.008081896551724088,0.00015288182235129177,-0.012871518839222995,0.0003803245436104774,-0.009856300663227735,0.00896023893970499,0.011475067807218853,-0.007891414141414144,0.008426966292134797,0.00547045951859948,0.0019031859317609312
2012/07/26,-0.04022072348252603,0.0063318777292578066,0.027467016433917024,0.004084663943557443,-0.004959353750191742,0.0130363932645301,0.008865790278202335,-0.10312944523470846,0.012292485109618445,0.006884361335938394,0.021461609620721633,0.022896039603960583,0.027998727330575957,0.009401114206128103,0.022306855277475446,0.0023144941110971357
2012/07/27,0.014692730292577005,-0.033955304838359845,0.015544116542764996,0.024963017751479244,0.029133645051895973,0.03163538873994631,0.017727272727272814,0.051810732223103395,0.017275913870806292,0.020234685392220175,0.0009056330374932475,0.04335551522484371,0.035902197462085894,0.012935494998275177,0.031044882029448218,0.020880394700390173
2012/07/30,-0.017879627297909817,0.01650758001122954,0.0014787783585641368,0.007937939743821065,-0.013929752555282393,0.0005197505197505059,0.014589846657734107,-0.02513194269917063,0.0009844942160963654,0.005162108313711222,-0.007600434310531923,-0.014302280633939013,0.015536301165222755,-0.006470287757534443,0.0017205781142464183,-0.0013917965435994736
2012/07/31,-0.036666666666666625,-0.017454706142288945,-0.008047770230360296,-0.0023268301413995607,-0.008810177215189952,0.0181818181818183,-0.039618488628026416,-0.001288992008249501,-0.011187607573149738,-0.013785025677989005,-0.0025528811086797942,0.02509803921568632,-0.009414533686378346,-0.004113110539845755,0.0,-0.007465795481381288
2012/08/01,-0.008384349214799025,-0.0013492241960872953,-0.00662448778381175,-0.0035880875493362607,-0.005823406509164575,-0.0048469387755103455,0.0038197097020626902,-0.03278265358802279,0.010070869078701916,-0.012790060295998495,-0.03345521023766007,-0.005738332058148554,-0.005346005346005378,-0.0024092238857339465,-0.008072827207145306,-0.007821348524443945
2012/08/02,-0.015836800429472664,-0.017788786309389737,0.006818446964000691,-0.008282319049333853,-0.0011817901551742782,-0.013586259933350497,-0.033789954337899664,-0.01521216973578865,-0.010339734121122435,-0.0038867295946696245,-0.008700586343862282,0.014236244709503687,-0.023887727679904547,-0.016905295842677193,-0.021125541125541103,-0.011297933532312144
2012/08/03,0.0200463657438974,0.024071526822558642,0.012726054922973962,0.0072621641249090985,0.03925099027727774,0.02494802494802495,0.01465028355387532,0.04092140921409215,0.022885572139303312,0.01449275362318847,0.029765311963365848,0.008535660091047115,0.024778219639033372,0.006667836462537213,0.035379444542720684,0.021758774537920352
2012/08/06,0.005347593582887722,0.03246026415939096,-0.004923574368018935,0.006308579668349079,0.0071280566280567115,0.0197768762677486,0.0003105107902501292,0.006508721687060737,0.005836575875486361,0.0064102564102563875,0.0031498980915323216,0.021064510062065,0.025074626865671634,-0.000522921387484665,0.009909448146249833,0.009589294831966792
2012/08/07,0.0202127659574467,0.01105810928013895,0.024887379070969606,0.012358946802794257,0.012828073683865293,0.011188463451019537,0.0007760360080706352,0.022762545266425294,0.006165377176015507,0.014740673339399324,0.019948282231252223,0.010683367102597208,0.02708211997670351,0.013777467736309612,0.018947724581289016,0.015161155444286445
2012/08/08,0.0006517205422313932,0.006219172206733736,0.014555411442570998,0.09713375796178325,0.006599601756704043,-0.0027046963363658305,-0.004652605459056991,-0.00961052099140114,0.008410428931875602,-0.003676470588235281,-0.009779065555957978,-0.00874794969928916,0.009923447689254239,-0.0020643385515225487,-0.0008301510874978435,0.0067618494841217664
2012/08/09,0.011723329425556983,0.0059676044330776445,0.0023437499999998668,-0.015320109659732184,0.026177555135590724,0.002958579881656709,0.005453412277968139,0.01864147088866197,0.001310615989515096,0.0023400234002339815,-0.008229700073152935,0.0053318624747196175,0.010668163952835652,0.011032580589553476,0.011465603190428775,0.0061243161271275675
2012/08/10,0.011844985193768531,0.0059322033898303594,0.0021965563664705368,0.0060596134949229,-0.023066804472423263,0.001966568338249708,0.012552301255230214,-0.002757583354224047,-0.0036887196573061054,-0.004938493310586489,0.007007191591370088,-0.002560351133869765,0.008611111111111125,-0.0023870417732310134,0.0019714144898965724,0.00124953010194729
2012/08/13,-0.006616617890316978,-0.011794439764111098,-0.0032522624434390135,-0.0014650822073905,0.003702813176244435,-0.01521099116781155,-0.0035200489745944585,-0.009049773755656076,-0.0011943150603129782,-0.0061360765204836465,-0.004761032777879426,-0.002750275027502691,-0.022858716606995455,-0.01726200649461629,0.001311690441055946,-0.006723809004920652
2012/08/14,-0.016907903163827287,-0.012361466325660708,0.0026954177897575704,-0.0037495924356049093,-0.002922575699501606,-0.011459890383657245,-0.004914759637536403,-0.007356671740233356,-0.0015544661006815508,-0.015071726893045145,-0.010487580496780113,-0.016179444750873406,-0.013246899661781275,0.002260869565217538,-0.010316030784345842,-0.008104848047903583
2012/08/15,-0.011074918566775116,0.006258092360811318,-0.021151669496321523,0.005236458844706249,0.016385565326029417,-0.003024193548387011,0.004630344188917945,0.00025555839509316947,0.0008383233532933687,0.008757374631268355,0.014503532911863237,0.00784900018688095,-0.0071408169094544505,0.012493492972410092,0.007114493712772951,0.0027953758908739303
2012/08/16,0.028722002635046096,0.020587604546429272,0.005492520054925176,0.013511313690379279,0.021605521936459926,0.010111223458038276,0.025810416346596865,0.017373530914665203,0.013162618164413109,0.00557433976057764,0.01869501466275647,0.01631744854440953,0.015822784810126667,0.022107969151671014,0.005421389847215519,0.016021046568247335
2012/08/17,0.004610655737704805,-0.009035511662114026,0.011068784589951752,-0.00578220366206228,0.002498958767180204,0.00025025025025016134,0.0002995357196347026,0.014565544952285236,-0.002952639659855927,0.00190839694656475,-0.011694854264123755,0.016420361247947435,0.000849617672047609,-0.0005030181086519425,0.0017973856209150263,0.0016200842765115833
2012/08/20,-0.0068842427332992395,0.016327396098388514,-0.005687069026800162,0.003392568659127626,-0.004846974103309698,0.006254691018263703,-0.00988171882018285,0.0,0.0017768301350389315,-0.0098866213151928,0.0,-0.003231017770597755,0.0005659309564232107,-0.01224626740479784,-0.002446582939161779,-0.0017862051497400091
2012/08/21,-0.016431322207958954,0.006676403087836347,-0.014799456638306951,-0.007406214780228626,-0.019389600148436825,0.002983590253605284,-0.004385301678511921,-0.007920792079207928,-0.0015371881281778244,-0.015481861487724458,-0.0076460950300382136,0.0037817396002162162,0.03195701357466074,-0.0078125,-0.037606278613472766,-0.006334524285049725
2012/08/22,0.009658052727747224,0.021761658031087983,0.011393323657474586,-0.0012976480129764933,0.011352933365796236,0.005205751115517909,0.022023086269744807,0.005988023952095967,0.006631927996210374,0.03331162184795766,0.020179783525958506,0.0034086831718693755,0.013976431899150432,0.009243409791167334,-0.015460414542983303,0.010491774986387906
2012/08/23,-0.009048603929679433,-0.005273833671399553,0.0031570639305444903,-0.009420172161767049,-0.033068288119738165,-0.03477188655980268,-0.0074305245950364585,-0.01810515873015861,-0.017529411764705793,-0.01855020261143636,-0.020140262542708065,-0.006257822277847325,-0.006216216216216153,-0.023066485753052923,-0.021570319240724722,-0.015152808282915254
2012/08/24,0.0275241325332638,0.0038743882544860497,0.020170231027823338,0.0008198065256599385,0.004160015479127477,-0.01124169647419515,-0.004042521335529403,0.03738317757009346,-0.002155430487366883,0.0014680245894118649,-0.0051385575334923494,-0.005577545879812851,-0.017405493608920297,-0.00434027777777779,-0.005291005291005346,0.0026804831727843905
2012/08/27,-0.01320299606449149,-0.003859435303676606,-0.0002102643202691601,-0.0018020969855832014,-0.007948359747579348,-0.0051679586563307955,-0.005562236921226593,-0.019722425127830623,-0.009480379215168533,0.002107191937700259,-0.009776793949455853,0.0019902297810747704,-0.013285358427899352,-0.006277244986922392,-0.019326241134751676,-0.00743495794149404
2012/08/28,0.0024443586774731685,-0.004078303425774754,-0.0006312762530662486,-0.001641227638273457,0.00417597358453925,-0.0051948051948053076,-0.01708238851096011,0.0022354694485842153,-0.003392294645020555,-0.004479795209361814,-0.001304023845007496,0.005417118093174356,0.0005610098176718203,-0.004211265134234088,-0.014283131440969044,-0.002764305445068671
2012/08/29,-0.014373716632443578,-0.00757575757575768,0.01417451506382128,-0.0004931777083676536,0.0033849129593810368,-0.0015665796344646044,0.0015379883112889292,-0.00892193308550182,-0.0027960126428397958,0.007530535402699989,0.008207423988061846,-0.010775862068965525,-0.002523128679562725,0.018678414096916285,0.0038517975055023523,0.0005559612866512224
2012/08/30,-0.02630208333333328,0.0016505054672992792,-0.017505016259600104,-0.008552631578947256,-0.018987951807228898,-0.014121338912133852,-0.017045454545454586,-0.03725931482870726,-0.00329147872729485,-0.011120226050496784,-0.003885291396854673,-0.009622367465504711,-0.025014052838673417,-0.01764400622729634,-0.006029599853827894,-0.014315353890536975
2012/08/31,0.021396095212623534,0.04387229660144176,0.00760563380281698,0.003981420039814276,0.01694827078011385,-0.0013262599469496816,0.00031245117950318146,0.01090909090909098,0.010029354207436336,0.014102682274863998,0.008915304606240682,0.013015582034830553,0.040933986739694506,0.019721782003873978,0.006066176470588269,0.01443225779439888
2012/09/04,-0.01505629746006798,-0.02387529597474347,0.00041934582051972313,-0.008261731658955718,-0.010917299208603404,-0.014342629482071656,-0.008745900359206638,-0.031346351490236346,-0.013199321869702185,-0.016815124522813973,-0.011413843888070652,-0.013029315960912058,-0.013569648296870684,-0.020031082714557003,-0.01187648456057,-0.014137398775124136
2012/09/05,-0.0031902166688821953,0.003032140691328067,-0.0077546458013132424,0.0018327224258580799,0.017142808302808232,-0.0029641606036108215,0.006774854261855978,0.006366047745357983,0.007608295496380091,0.00554682444300636,0.010614525139664766,0.009534286762009625,-0.010387422796181878,0.03629955947136576,-0.00036982248520700534,0.005339053092295987
2012/09/06,0.032404320576076895,0.025796049979846858,0.014996831655283982,0.016464327290869774,0.02218385778276466,0.02945945945945949,0.016275430359937282,0.014496573537164048,0.01717208622579469,0.03888939965063898,0.022664455500276404,0.029422448238285437,0.030921985815602904,0.038088760414895395,0.031261561228264956,0.025366503181010785
2012/09/07,0.04792043399638324,0.015520628683693527,-0.00645116537180912,0.002781413612565453,0.00981773769259675,0.034392228931477975,0.004927625500461996,0.04832424006235381,0.0010775862068965747,0.0012389380530972716,0.008108108108108247,0.0121736062103035,0.08503026967528893,-0.0006552006552006384,0.020986547085201757,0.019012866519427952
2012/09/10,0.03759398496240607,-0.006384213580963416,0.003630524331494911,-0.0026105400554738978,-0.013118156021770466,-0.006852791878172448,-0.009653692920625345,0.027013630731102856,-0.00454491089582576,0.02342230864415784,0.013047363717604954,-0.003486142583231544,0.007101191985797728,-0.015735125389280458,-0.0029866479269150537,0.003095785541353731
2012/09/11,-0.0009503444998814059,0.012461059190031154,-0.013217321739130483,-0.0026173728120399975,-0.004053735755537913,0.0038333759263990963,-0.00665325700139241,0.01278957528957525,0.00913132284032181,0.0006909059504274229,0.009880028228652193,-0.011019765611334664,0.005540166204986097,0.004662781015820183,0.0005286343612334043,0.0014004034392086492
2012/09/12,0.03317479191438766,0.010769230769230864,0.015509269262653058,-0.010332950631458004,0.01561839252299646,-0.007128309572301483,-0.0009345794392523477,0.10698117703121279,-0.007143707584236103,-0.0008630361612151916,0.0015723270440251014,-0.0033604527767951975,0.004257450538442287,-0.008121995690369532,-0.036984853821768304,0.007534183560370137
2012/09/13,0.01427091725169749,0.05498477929984791,0.011384935786185268,0.00861783228372559,0.027307889463628277,0.03769230769230769,0.011849080137199985,0.01076194575979339,0.010792660990526448,0.02427226397166793,0.021629164486307362,0.032298136645962705,0.042144638403990076,0.017546791443850296,-0.021945866861741048,0.020240498450329956
2012/09/14,0.03177124702144574,0.03155996393146987,0.0036378612121628073,-0.010023003614853754,0.014697210251757742,0.006918705213738496,-0.012018489984591652,0.04706132879045999,0.014236564242495975,0.002192612582222919,-0.0003414717432133063,0.00807976620250983,0.020339794209141004,-0.0016423057973394828,0.007666417352281352,0.010942413324645834
2012/09/17,-0.03860112174199937,-0.004195804195804231,-0.001436260429489855,-0.0024896265560165887,-0.014663149894943883,-0.02208588957055213,-0.0042108546475359,-0.059995932479154024,0.0015206456895544562,-0.0028609895658028295,-0.005123825789923098,-0.014836289222373789,-0.028846153846153966,-0.018259582168119737,-0.007979216923362453,-0.014937603422778493
2012/09/18,0.001258293296728441,-0.003335674157303292,-0.003561263171102058,0.0009983361064891394,-0.0027221995372260777,-0.0005018820577165073,-0.003445575567736836,-0.0002163565556035918,-0.0033870590983415827,-0.008860759493670822,-0.004978540772532125,-0.0038082049506665827,0.0016904129437333992,-0.011394101876675555,-0.014590347923681302,-0.0037903281876870234
2012/09/19,0.027990403290300447,0.00140919499735781,0.024468965257477215,0.005319148936170137,0.0136936900050042,-0.0062766758724579486,-0.0006286342920006627,0.02943085912140231,-0.0010547287003398464,-0.001787994891443212,0.0008626639061422026,0.01059947871416167,0.0014464802314368974,0.015423728813559245,0.03018223234624151,0.010071920790867465
2012/09/20,-0.02022671704823298,-0.004045734388742339,-0.006440791680644153,0.001984126984126977,-0.012970199579472208,0.0032844871147044152,-0.0003145148608272308,0.004414546983392942,-0.0022290004692632204,0.0096383486864553,-0.0003447681434234351,-0.01375515818431905,-0.014684641309581137,0.006676681689200548,-0.012714206744057543,-0.0041151693967122075
2012/09/21,-0.00226860254083483,-0.005475097138820106,0.013302721318117383,-0.002145214521452221,-0.00559264336801002,-0.005540166204986097,0.008494572911750708,0.014859773964001732,-0.006349206349206216,-0.006589507476556622,-0.005345749267115063,-0.003138075313807498,-0.00684094795993162,-0.0051401094345879805,-0.006905561776782365,-0.001644920877214721
2012/09/24,0.0018190086402911643,-0.018646776771443885,-0.0043983073437291464,-0.005457251529684126,-0.008779149519890228,0.001519371992909413,0.005927312431757814,-0.004537017941843691,-0.006744763933262399,-0.006633217110298517,-0.012482662968099856,-0.009094088842252601,-0.009102091020910197,-0.005833333333333357,-0.006389776357827559,-0.005922182907174478
2012/09/25,-0.03359055832955071,-0.0035287730727470157,-0.010508635241541775,-0.004655803126039304,-0.012178245225574424,-0.029077117572692712,-0.011164521631260582,-0.04474829086389065,-0.007028830116750151,-0.01523842136803355,-0.012113764044943798,-0.011648429226967849,-0.02408142999006946,-0.035205364626990754,-0.02307546812937389,-0.018522910171095107
2012/09/26,-0.022780648191639274,0.003541269408880332,-0.010282080768450275,-0.004844637487470771,0.00821887550200806,-0.00807291666666654,0.008311118080602142,-0.007590544350466355,-0.002039592081583552,-0.003738155263844245,-0.012440021325750839,-0.01196428571428576,-0.0007631645891631456,-0.008861859252823567,-0.0017424975798644438,-0.005003276018701216
2012/09/27,0.023191540495073326,0.02316322837495477,0.01654022281457168,0.0072183985227463054,0.019546133374068297,0.0068259385665527805,0.012597200622084026,0.047421328671328755,-0.006371723972108723,0.005497382198953016,0.0030592046068023127,0.018796313030905454,0.021130346232179242,0.010694249649368937,0.01648564778898365,0.015053027398430922
2012/09/28,-0.026776277157956607,-0.009285461620091917,0.00121024675586634,-0.007000000000000006,0.009631155733236474,-0.0023468057366363704,-0.004607587160190385,-0.013144168579177995,0.000604960677555999,-0.003384535277271561,-0.006458557588805203,0.011353556856483982,-0.013213662428322115,-0.0006938421509106174,0.005151688609044136,-0.003930619271145057
2012/10/01,-0.009533003499457071,-0.005623493707042737,-0.004767980659458826,0.01644847264182614,0.010214092412972775,0.00026136957658140503,0.0018515661163400754,-0.004439746300211267,0.0018137847642079041,0.00618251480320442,0.01715420729505235,0.0026311173478337224,0.0068216270843861615,0.006943239021003356,0.0003796507213364997,0.0030891611745716605
2012/10/02,0.016812865497076057,-0.0005385996409336125,0.002564102564102777,-0.002146631439894353,-0.011090775960570731,-0.011758557616932341,-0.0018481441552441469,0.014865151836908064,-0.002172601086300463,-0.007961921246213755,-0.018285105627551923,-0.008222533240027974,-0.004265997490589757,-0.038786416135149104,0.005692599620493288,-0.004476170941388532
2012/10/03,0.010783608914450182,-0.0035925992455542177,0.028469511374343615,-0.0014893264934634498,-0.009188361408882129,0.004230565838180711,-0.0060175898781051895,-0.013391922996442762,0.0007257771864037643,0.017272965192357992,-0.003616636528028905,-0.0033515611218909447,-0.006804435483870996,-0.015602582496413109,0.00018867924528298552,-9.226052677549687e-05
2012/10/04,0.008653390232337577,0.013881377321074417,0.010143315228061,0.004308916141862795,0.01645608691699252,0.017904160084254883,0.007451102142191912,0.01717921527041355,0.007977758974978766,0.0035159934825486072,0.011252268602540694,0.017699115044247815,0.026389241309312528,0.003825833485152197,0.013959630258441935,0.01203982696629408
2012/10/05,-0.002350452462098973,-0.006934566145092469,0.008616221819123915,0.005775577557755707,-0.00751346120243912,-0.0020693222969476732,0.0013867488443757292,0.0052126772310259195,0.0061158412279649355,0.007861903948042981,0.008793969849246297,0.028347826086956518,0.0014833127317674943,-0.0003629764065335994,0.01116279069767434,0.004368406098721467
2012/10/08,-0.005183178230651397,-0.0016114592658907911,-0.022223649560023206,-0.003281378178835115,-0.016897981254506145,0.019440124416796323,-0.0015386982612708433,-0.013275254096660416,-0.000238379022646118,-0.0018653552653892236,-0.008005692937199882,-0.036022323693556624,0.005924463095531962,-0.007080610021786504,-0.013983440662373448,-0.007056187529230762
2012/10/09,-0.021669626998223834,-0.022596843615494966,-0.015437167443999145,-0.00395061728395063,0.0,0.0043224002034070175,-0.011403914316535646,-0.04183308808072317,-0.010968049594659024,-0.01707441386340469,-0.01506456241032994,-0.01210526315789473,-0.001963190184049002,-0.004388370817334009,-0.016980779996268014,-0.012740899170630652
2012/10/10,0.004962478818687943,0.006422018348623881,0.003669535628502807,-0.0009915716410510145,-0.020717834716047046,-0.016202531645569618,-0.008106001558846554,0.007898200965335667,-0.011330761812921919,-0.003024803387779773,-0.020757465404224296,-0.013674302965725471,-0.01106466683058771,0.0,-0.015945330296127547,-0.00659086909984871
2012/10/11,-0.004215343851619813,0.009115770282588809,-0.00757827611369255,0.0047973531844498485,0.005289071157925207,0.003860010293360805,0.0006286342920005517,0.0167609925990424,-0.0006096074128261186,0.0008668515950069899,0.0037188545927853145,-0.014764133957508085,0.013177523620089504,0.01634527089072546,0.009452160493827133,0.0037896754444103637
2012/10/12,-0.004475084663764006,-0.007407407407407529,-0.00046881910836749086,-0.003292723081988802,-0.019880854828196348,-0.011022814662906888,0.040364378828333436,-0.012202954399486154,0.0003659875564230308,-0.010653040013857473,-0.006483882919599782,-0.00858918128654973,-0.014969325153374236,-0.02150343332128668,-0.006115039174469761,-0.0057556129090998946
2012/10/15,0.00558862835621432,-0.006188569348379969,0.015547446722959268,0.009250082590023245,-0.003515225096918151,0.012182477967858985,0.024607487922705396,0.009319462505418263,0.0035365853658537727,0.01672065131751732,0.013238858847659962,0.025990783410138274,0.0037369207772794955,-0.004247460757155985,0.006537204383772366,0.00882035566432977
2012/10/16,0.01365228947686381,0.02344322344322336,0.013461859143583332,0.01849427168576101,0.016637221719025597,0.020998719590269,0.013407985855311555,0.025982392097917195,0.0281929760602746,0.014465300499397316,0.021347073978652764,0.028027308659719807,0.029287664432861682,0.010571216617210721,0.02769818529130852,0.02037784590342535
2012/10/17,0.02526817640047674,0.003221188260558394,0.004102161739809818,0.01076651132894102,0.012660696457877707,0.013544018058690765,0.009014248328002461,0.03348681456676439,0.004018437536934316,0.009760651841792534,0.012432432432432305,0.007864383082838211,0.020255606462503017,0.00917599559552218,0.008921933085501932,0.012299550345243052
2012/10/18,-0.00825389444315272,-0.01944345344274001,-0.007651967599249909,-0.0022257551669316866,-0.02018892293994623,0.014600346448898849,0.006916426512968199,-0.011745646010530741,0.00470865214832239,0.0010086576447845275,-0.004271222637479921,0.006589214496271811,0.0028362089340581154,-0.0054555373704310295,0.026529108327192352,-0.0010698523398644003
2012/10/19,-0.026726057906458767,-0.0012734218664726127,-0.0164674246879698,-0.017049075844486894,-0.02325151118849189,-0.011463414634146352,-0.011591299370349195,-0.04610655737704916,-0.06280023432923254,-0.011419934503316798,-0.01465594280607685,-0.03393626184323861,-0.02946028753240637,-0.013165112452002137,-0.0069992821249103,-0.021757721231107217
2012/10/22,-0.003974467060098741,0.010746812386156712,0.0005980998337717924,0.04214621494569637,0.015192665724437004,0.014557118184061135,0.00970030403938038,0.00837808807733631,-0.012876609576197073,-0.0002548203516521408,-0.0030836205332850364,0.0021398002853068032,-0.014570179698882968,0.004817491198814139,0.015362371227182425,0.005925284578801807
2012/10/23,-0.009915356711003742,-0.029915300054063843,-0.008034594420013752,-0.010421527453725488,-0.020350823546333774,-0.018239299610894988,-0.008029825064525209,-0.01619088197699181,-0.02127659574468077,-0.018351741716227665,-0.01455604075691419,-0.03434163701067616,-0.039428289797930005,-0.021390374331550777,-0.013349946600213602,-0.018919482319716387
2012/10/24,0.00451880801172444,-0.02322125208991266,0.015864448758283745,-0.0051870480980823475,-0.002675747993189037,0.0029725043349022595,-0.0027464585140215547,0.0038977912516240387,-0.0024585921325050997,0.014107668339968793,-0.012186115214180115,0.0035010134512620805,-0.004874294510005095,0.0026380252496702727,-0.007577124300920057,-0.0008950915636920224
2012/10/25,0.0017021276595745594,0.01863826550019021,-0.07749071412036856,0.009322167799020509,-0.006780487804877944,-0.006421338602124127,0.0030439194086100407,0.01143226919758411,0.008301984693215747,-0.009814799009985498,0.0014953271028037562,-0.014873301505692327,0.010311936065996452,0.0007517383950386147,0.001454281039811045,-0.003261774945413561
2012/10/26,-0.004733584172836536,-0.004667662434652775,-0.002642857142857169,0.0009392611145897511,0.005942782770983701,-0.0002485707183693675,0.005202312138728349,-0.00853060354020041,0.0024443586774731685,0.0008619203585589208,0.013064576334453237,0.121901211556384,-0.003062005613676866,-0.008826291079812143,0.0036304229442729596,0.008085018079535922
2012/10/31,0.003780487804878163,0.023822922528606183,0.021127264914416743,0.010634970284641998,0.0018064153009269557,-0.0022376926902037964,0.0005750431282345314,-0.011185201118520172,-0.005005133470225909,0.008267309679641732,-0.014001473839351464,-0.01578335271639797,-0.004863066291271978,-0.008336491095111698,-0.0032555615843733454,0.00035642938905933175
2012/11/01,0.0230834649495808,-0.024917552216929262,0.0070837424603731325,0.010058805323429176,0.02773039621813922,0.034886618489907706,0.017528735632183823,0.032629976071350875,0.008512833741777248,0.040314314998291856,0.021487294469357154,0.02363268062120194,0.04166666666666652,0.015093618647306073,0.03048448557430583,0.020618405443129473
2012/11/02,-0.004512528203301169,-0.08417888012025554,-0.011073194512152718,-0.012256779531178097,-0.056193095599393006,-0.021430291355646558,-0.002965264049703431,-0.023593848746576773,-0.0005115743701239461,-0.015435139573070522,-0.010060362173038295,-0.022097625329815407,-0.030617283950617358,-0.017692452475061238,-0.009860891001936989,-0.021498614066124737
2012/11/05,0.014076106405821465,-0.0071809601969634596,0.014084507042253502,0.013184426865208598,0.03240717479776922,0.007627952755905554,0.0018410989944765976,0.005393743257820827,0.007677543186180413,0.015510340226817965,0.012934220251293427,0.012816188870151901,0.005094243504839557,0.006706265568116487,0.010314778587942497,0.010165842007842303
2012/11/06,0.023173744265380547,0.002273196941516842,-0.004722152777777766,-0.015156154317207515,0.004136655635585074,0.012942612942612897,0.008764489680520349,0.04034334763948477,0.012698412698412653,0.01157825587124317,-0.00346588836191164,0.006993006993006867,0.0225544855549924,0.020936429387133693,0.0036965323006512563,0.009783131630242907
2012/11/07,-0.0010347206254311958,0.004948453608247361,0.0038374962435461235,-0.015389398414425548,-0.02103421703096986,-0.022179363548698094,-0.012331838565022402,-0.049711221122112126,-0.0036363636363636598,-0.020699732121113756,-0.020684605528098143,-0.007275132275132212,-0.02627013630731112,-0.026286353467561585,-0.026481936162749964,-0.01628193793021308
2012/11/08,-0.00725054666820113,0.001407468198604711,-0.01320636685896992,-0.012630249447426634,-0.03089266642444355,-0.012820512820512886,-0.006242905788876207,-0.0013023659648361274,-0.00390133400453041,-0.02511604774535814,-0.012336448598130767,-0.03314457028647577,-0.01578009671672176,-0.01340225923798577,-0.018375067555395308,-0.013666264661283978
2012/11/09,-0.0015070716438675413,-0.015132579094667697,-0.007959428048179173,0.0007994883274704545,0.001481430395913197,0.012487512487512564,-0.0024271844660194164,0.007172353836122802,0.007327858496525508,-0.001955616019046036,0.007191521574564597,-0.008957795004306601,-0.008275148694078083,0.0007762468464971306,-0.0051385575334923494,-0.0009411312359367096
2012/11/12,-0.008359456635318674,-0.007489078427293516,0.0583641011076399,0.00047930979389665396,0.005917211075148421,-0.003453379378391741,-0.006440532417346545,0.014889943892965052,0.0027593126802960555,0.0007667405009370576,-0.0077038707252912175,-0.005388492960194724,0.007561929595827799,-0.008532092301725802,0.0166021029330381,0.0039982499156124545
2012/11/13,0.0011708230886313675,-0.010899182561307952,0.020059036629545224,-0.0073458958799106355,0.0003549695740365788,-0.006683168316831578,-0.002448861999423846,0.007867318732723838,0.007379612257661039,-0.00017025623563460268,-0.010414694186707152,-0.0006990562740299966,-0.006987577639751663,-0.007432035986700614,0.009798584648883946,-0.00043002560992106976
2012/11/14,-0.01999766109226997,-0.029629158720067772,-0.016705097007563507,-0.008526383526383463,-0.010290414153191096,-0.014453027660104811,-0.01429602888086634,-0.005485232067510504,-0.0038490191209337166,-0.009706257982120103,-0.01645618063528509,-0.029380902413431276,-0.02501954652071936,-0.0325123152709359,-0.023539982030547968,-0.017323147138795392
2012/11/15,-0.01479713603818611,-0.00571718080529704,-0.004013042874258743,0.002109362323543751,-0.002253687653468117,-0.00480404551201008,0.006445941986522152,-0.014637250742469243,-0.004736382899165004,-0.0091135757888402,0.0007782101167315147,-0.008108108108108136,-0.003475006682705062,0.0004073319755599769,-0.004784688995215447,-0.004446617313157719
2012/11/16,-0.0019379844961240345,0.012958488908412003,0.01786320596333346,-0.003076424870466332,0.0040041067761806826,0.0017784552845527823,0.003930131004366677,0.002152852529601512,0.0018785222291797243,0.0032104121475053926,0.0038880248833592645,0.011625794732061712,-0.013143776824034337,0.008143322475570258,0.004252958579881838,0.0038352059548920404
2012/11/19,0.036529126213592056,0.014527320034692037,0.03589087313512751,0.0276108494396623,0.04126183658860816,0.027390311945219237,0.014934029288096395,0.036519871106337254,0.010874999999999968,0.03831517038574628,0.04066615027110765,0.04812354103070571,0.04050013590649648,0.03392568659127626,0.038114527711287094,0.03234562864319696
2012/11/20,0.0005854115443155727,-0.0036332549690104576,0.006114324317834985,0.0009483167377903889,0.010655635190554014,-0.004443347321648972,0.004571428571428449,-0.00041450777202078903,0.009150488438234072,0.012494793835901685,0.007443245254931119,0.004796984752441391,-0.0005224660397075143,0.0224609375,0.0005321035828307341,0.004716006241591645
2012/11/21,0.0,0.009867009867009946,-0.003355067417864177,0.006000315806095058,0.006947769558460326,0.008678403173816074,-0.008816837315130721,0.006012855069458922,0.004043622105134093,0.0016454134101193674,-0.004802364240857004,0.0080136402387041,0.00026136957658140503,-0.012225405921680976,0.0,0.0014847149273230942
2012/11/23,0.006318745611982202,0.012956669498725537,0.007304369918699205,0.009731596295714962,0.013848009650180959,0.011307767944936042,0.009325681492108995,0.01483924154987637,0.013424456919697514,0.013305954825462152,0.017074981440237558,0.015730717185385545,0.01593937810295265,0.01817830206923232,0.020031909235951106,0.013287852116076209
2012/11/26,0.009069767441860499,-0.006710002096875667,-0.0037832776341508723,-0.002020830094823456,-0.008280982295830963,-0.001944579484686404,-0.007675906183368775,0.005280259951259136,0.0036127167630057855,-0.002918051390127241,0.01277372262773735,-0.013322231473771762,-0.0010288065843621075,0.011965811965811923,-0.0008689607229752649,-0.0003900899474198546
2012/11/27,-0.011062456787278241,-0.007810850749419451,-0.005316918455793518,-0.00046728971962617383,-0.00043195124292161324,-0.014369215781782851,0.0032946569259419967,-0.014343434343434325,-0.005639548836093078,-0.005040240630843074,-0.0007207207207207134,-0.0037130801687763615,-0.009011328527291473,-0.0015015015015015232,0.007305618368411704,-0.0045885508114085795
2012/11/28,0.011419249592169667,0.006595744680851112,-0.0038179448818290718,0.0062334424185754855,0.0012002497095515707,0.006424511984185699,0.013278126784694422,0.018446402951424412,-0.005068179075660706,-0.004003595064956289,0.0005409304002885751,0.015415890225309203,0.0018186541958951086,-0.0005639097744360999,0.022103263685028463,0.00600152252207277
2012/11/29,0.04596774193548403,-0.0054956668780385964,-0.01833286489939323,0.005885085953229119,0.022825406292577455,0.007611097471151629,0.01183598703677613,0.03260213322600136,-0.0012128562765313378,0.006070549630844857,0.00018021265092804661,0.011344678011344644,0.018153526970954292,0.017491066390821874,0.016556850819395175,0.011432196555703029
2012/11/30,-0.008701398832470564,0.0008501594048886396,-0.007548087425044647,0.0012317167051578704,0.0034224097515236362,0.003411306042885087,0.00375992201643216,0.02981874878191393,0.0071645415907710674,0.013290932811480749,-0.0007207207207207134,0.0037941273507093864,-0.006367804381049447,-0.0007393715341958984,-0.006315439587834537,0.002423402798296448
2012/12/03,0.0050000000000001155,-0.029942662985771973,-0.0020324547600314435,-0.007842534214977825,-0.022193150492921587,-0.021855269548324396,-0.007769145394006638,-0.010030280090840282,-0.016517964793826945,-0.02679649151042085,-0.02830869094843136,-0.014133114215283515,-0.01563701614970514,-0.022567517573066964,-0.016056196688409408,-0.015778832624401214
2012/12/04,0.0054173576561635794,-0.012915936952714424,-0.006964193747835745,0.0017048977061375759,0.015481651376146877,0.011420059582919695,0.00489373601789711,0.00860256165169182,0.0015937231825426945,-0.0052091946419712265,-0.0005566895527927551,-0.005500916819469959,-0.0031249999999999334,0.0026495079485238104,0.0022097569267380823,0.00131342135559848
2012/12/05,-0.007037607213547403,-0.02506098913284549,-0.008203705471631184,-0.0030945381401824568,-0.0036701957462826895,0.0017182130584192379,-0.009878948100737528,-0.031084154662623265,0.0035495716034270597,-0.007065081871831191,0.002227998514667595,0.010224606101240541,-0.1598746081504704,0.0018875047187618677,0.0030529172320217235,-0.015487267817440904
2012/12/06,0.0021040974529347167,0.007506824385805189,0.008738576479220939,0.004035387241967836,-0.0001416831896815518,-0.003185493751531543,0.01728499156829688,0.01760563380281699,0.0019514574948165109,0.031391260673028665,-0.017043349388662365,0.009623361539737862,-0.041977611940298476,0.012057272042200529,0.000676361176868534,0.003375139039168048
2012/12/07,0.00453088739087204,0.0029351998193722917,-0.015077370718158956,0.0007729169887153997,0.002834018098624602,0.000983284169124854,0.0045586406962287995,-0.0003844675124952124,0.011077297626293392,-0.01493385277169057,0.0003769317753485879,0.016433853738701654,0.028886725089256826,-0.0022338049143707517,0.00033795201081443516,0.002739880765775826
2012/12/10,0.006930693069306937,0.015533543448896792,0.005639854975157732,0.00988569663268457,0.006499929348594113,0.0014734774066798018,-0.00935093509350926,0.0017307692307693134,0.0006019744762821855,0.020350992831836612,0.012434061793519247,0.013904607922392787,0.010725552050473208,0.014738805970149205,0.009459459459459474,0.00803723223484618
2012/12/11,0.00939582650497095,0.0026601640434493756,0.0006676458806249563,-0.0032119914346894207,0.016519256867424836,0.023786169691025094,0.006801776790671843,0.003071606834325058,0.001564192034652745,0.009689922480620172,0.008745813174544148,-0.008770531015787064,-0.0015605493133583614,0.025923883066740094,0.0023427041499330947,0.006508392650343168
2012/12/12,0.0011906050438359461,0.005969489277028561,-0.013410728582866183,0.00444990026085601,-0.0346653162692202,-0.012694610778443138,-0.027850544602233462,-0.018181818181818188,-0.008169149447381008,-0.003918746001279616,0.047777162885076496,0.023970398970398987,0.016567677399187408,0.011469534050179142,-0.008514190317195247,-0.0010673557529249664
2012/12/13,0.0024864864864866387,-0.02923076923076917,-0.004057618178129441,-0.0004582951420712966,-0.03424107015117561,-0.0007278020378457262,0.0024110055311303835,0.007407407407407529,0.004723837209302362,0.005299076676033687,0.0,0.0017282010997643482,-0.0012300123001232066,-0.014351523742026862,-0.0020205421788179745,-0.004150774570055623
2012/12/14,0.004529278550630789,0.00271677609237031,0.006518639234059709,0.003973712364358617,0.017184436185099017,0.026462733673221717,-0.002263723825693398,-0.001547987616099089,-0.004822182037371947,0.03769658972925494,-0.0001760563380280855,0.014429109159347586,0.04002463054187211,-0.0012583138594283172,0.0016871941960519,0.00967698906997639
2012/12/17,0.02329575952764351,0.00835403025513659,0.035080550495851126,0.010503881869386555,-0.0035439582725396157,0.011352885525070855,0.00794100964265465,0.021511627906976694,0.009812235009085457,0.00207811914708822,0.009508716323296307,0.016697588126159513,-0.00414446417998815,0.008459323254139672,0.013811689405423655,0.011381266269025669
2012/12/18,-0.0013638271086864329,-0.006719659650693988,-0.007821091561043714,0.01024404941247381,0.0010718601321182408,0.020579981290926197,0.01111423747889706,0.009106431417188254,0.013315738963531665,0.017434715821812663,0.014652014652014822,0.00958029197080279,0.010404280618311557,-0.0012493307156880018,0.026582488785512615,0.008462145433831836
2012/12/19,-0.00031515915537350114,-0.013748903852353167,-0.015108782762924378,-0.0034297643900984554,0.0008759976640062561,-0.004353803849679094,-0.0009739807986643978,-0.0016920473773265332,-0.008286965786669875,-0.009511512040461856,-0.002578648788035043,-0.009941256213285121,-0.0011768167107972793,-0.009113652609006428,0.0037222851594109763,-0.005042200767417193
2012/12/20,0.004518705338377504,0.008000000000000007,0.01660781808896261,0.008678737094119482,-0.006710104055236754,0.011967779056386574,0.005988857938718839,0.0028248587570620654,0.015279933150292413,0.024235879564371565,0.009824198552223384,0.013996652974288759,0.0008836524300439574,0.006853020739404858,0.00048371493066734494,0.008228913637312174
2012/12/21,-0.006067580290825436,0.010884353741496433,-0.005839128723264531,-0.006823913365969325,-0.021930683375758764,-0.010234250625426378,-0.014260002768932578,-0.018591549295774668,-0.009053497942386746,-0.00840843812783687,-0.009899300221881013,-0.009752438109527417,-0.011771630370806307,-0.003582303421099664,-0.006285253827558401,-0.008774374448370112
2012/12/24,0.004104831070413706,-0.007851054284432557,0.0075232627202532765,0.005227781926810948,0.007057107107107052,0.00022977941176471894,0.012359550561797716,0.013585916570991285,0.011627906976744207,0.014858323192130207,0.00982589208757112,0.01090909090909098,-0.002382370458606231,-0.00035951824555102707,0.004378851767758762,0.006073023420922944
2012/12/26,-0.0018867924528302993,0.019217725525661367,-0.00045843977205728415,0.0005943536404160454,0.004771084699016548,0.004824259131633424,-0.0036071032186459906,-0.003020577685482251,0.005747126436781658,-0.0036971307529480857,-0.015022191874359825,-0.0002997601918464099,0.012537313432835928,0.007372774680812766,-0.004198288390117821,0.001524956880591318
2012/12/27,-0.005250997689561054,0.008651286601597086,0.0008518348065638115,-0.004158004158004158,-0.00375921254389866,-0.01348879743941478,-0.0002784739626844335,-0.021018746449536052,-0.011078717201166266,-0.012023229031970617,0.004159445407278861,0.00029985007496247107,-0.007075471698113289,0.002320599785790689,0.0004864601913410205,-0.004090811553787692
2012/12/28,-0.014569256756756688,-0.009676709918627568,-0.011065344071236827,-0.016403220996123014,-0.008788044287771246,-0.016454229432213197,-0.014206128133704699,-0.009671179883945835,-0.022051886792452735,-0.003155048076923239,-0.0115636865723161,-0.010041966426858506,-0.016033254156769594,-0.01674087266251112,-0.013128038897893046,-0.012903257804406895
2012/12/31,0.010070709235054709,0.03131245836109242,0.018405853972845332,0.008793208004851616,0.017631737126828417,0.016965127238454336,0.01582367900536874,0.016601562499999778,0.013143615097069627,0.019969932177844818,0.02182643617950064,0.0302800908402725,0.03198551599275801,0.02571997826480721,0.020200361307275427,0.01991535102026824
