date,T_return,NFLX_return,FB_return,DISCK_return,VZ_return,IPG_return,DISH_return,CMCSA_return,NWSA_return,NWS_return,DISCA_return,CHTR_return,DIS_return,ATVI_return,OMC_return,GOOG_return,EA_return,avg_return
2012/01/04,0.001645819618169897,0.11364894795127367,,-0.007936507936507908,-0.013088346337779888,0.0009842519685039353,0.013415892672858698,0.009593794651969745,-0.007084468664850241,-0.006427423674343902,0.0026914607291410597,-0.006644518272425182,0.014095536413468945,-0.0077868852459015425,-0.005777777777777771,0.004313220614954094,-0.04741784037558694,0.003639072270947917
2012/01/05,-0.000985869208018464,-0.01429459291485402,,-0.009599999999999942,-0.006885998469778221,0.008849557522123908,0.002376103190767198,0.008896077638495647,0.014818880351262331,0.009164420485175073,0.0014641288433383526,0.0029924309100508584,0.016731016731016624,0.0004130524576619887,-0.013187304425570034,-0.013871460441515882,0.011828486939379212,0.0011693081005959144
2012/01/06,-0.023684210526315752,0.0881462799495587,,0.004846526655896577,-0.01566512583461732,0.006822612085769952,-0.02675245513037594,-0.010621242484969984,-0.01027582477014588,-0.0064102564102562765,0.006091617933723148,-0.006318006318006275,0.01037974683544296,0.01073492981007429,-0.0024915062287655942,-0.013641659251882876,-0.04188991719434976,-0.0019205306799512517
2012/01/09,-0.0006738544474393926,0.13779116931278246,,0.0037513397642015,0.0010435690060004443,0.00871248789932233,0.0017397355601949105,0.021267976503949848,0.002732240437158584,0.0,0.006539113586824907,0.002296008477569833,-0.004009020295665189,-0.0032679738562092497,0.004768392370572139,-0.042398694120221236,-0.012709710218607007,0.00797392374877718
2012/01/10,0.003371544167228624,-0.023935628437563694,,0.018152696209289942,0.005212405525149899,0.016314779270633295,0.0031260854463355248,0.007536691788972538,0.01634877384196165,0.017204301075268935,0.01900866217516839,-0.0015859030837005461,-0.0030188679245282124,0.020491803278688492,0.023728813559321882,0.001092423574448942,0.0018022657054581614,0.007803177885758364
2012/01/11,0.007728494623655768,-0.03840133569863291,,0.011536444677503921,0.008555872439719892,-0.01227573182247399,-0.0058864265927977,0.0007874015748032814,0.008042895442359255,0.005813953488372103,0.014639905548996301,-0.00900105894811154,-0.02346707040121121,0.012851405622489986,-0.0055187637969095205,0.004525483767283678,-0.0038550501156514594,-0.001495223761912759
2012/01/12,0.004334778259419858,0.0,,0.02073613271124941,0.0005141388174807471,0.01242829827915859,-0.0010449320794149175,0.0031471282454760274,0.004787234042553212,0.005780346820809301,0.013032348149871975,0.023330365093499505,0.0007751937984494806,-0.003965107057890438,0.018201997780244117,0.005878953738930548,0.00670794633642946,0.00716530143351668
2012/01/13,-0.0016600265604249653,0.024199674443841523,,0.006094464195022686,0.0,-0.0056657223796034994,0.0024407252440725724,-0.004705882352941226,-0.014822657490735858,-0.011494252873563204,-0.004364805881001521,-0.008701705534284732,-0.008520526723470145,-0.02547770700636942,0.012862437322868958,-0.007385204126402201,-0.07534597642234764,-0.007659197884083667
2012/01/17,0.005986032590621804,0.0036024581479128237,,0.005552751135790235,0.002569373072970338,0.015194681861348647,0.012173913043478368,0.006107171000788059,0.022031166039763628,0.01955602536997869,0.0083064143977849,0.000175561797752799,0.002083333333333215,-0.020424836601307228,0.0027981058975463657,0.005744139998146158,-0.016629711751663057,0.004676661208390359
2012/01/18,0.0026446280991734294,0.040329391891891886,,0.003012048192771122,-0.0002562788313686948,-0.009354536950420878,-0.0013745704467355013,0.007244957900920168,0.013669821240799296,0.014515292897874676,0.006636155606407401,-0.009303142004563836,0.014033264033264103,0.01834862385321112,0.01073191672032614,0.006888462665421757,0.029312288613303483,0.00919239521764223
2012/01/19,0.0029673590504453173,0.049928962857722636,,0.017767767767767895,-0.00025634452704426103,0.007554296506137925,0.03200275292498289,0.005832037325038897,0.02334024896265552,0.02452733776188043,0.016367356217322104,0.009390503189227628,0.010763710917478075,0.010647010647010458,0.01274155871734961,0.010522886849135604,-0.03943044906900339,0.012166687256131709
2012/01/20,0.002958579881656709,-0.03112313937753719,,-0.016965822473567815,-0.0007692307692307443,-0.014058106841612017,-0.037679226408802946,0.007730962504831851,-0.027369488089204252,-0.01945137157107235,-0.020353388503690506,0.0007021239248727884,-0.0032961460446245816,-0.00972447325769843,-0.020549381421681612,-0.0837750663136938,0.022234891676168766,-0.015718017692805383
2012/01/23,-0.003605375286791279,-0.06264964086193137,,-0.005252626313156372,-0.014626635873749017,-0.0066539923954372915,-0.007969507969508016,-0.005370157268891451,0.0010422094841062712,0.005595116988809767,-0.002739726027397249,-0.00017540782318892223,-0.00152632917832618,-0.01227495908346976,-0.011560693641618491,-0.0008020102868993018,0.002788622420524245,-0.007861319569807776
2012/01/24,-0.010197368421052566,-0.013729246487867108,,0.0025144581342719796,-0.015885416666666652,-0.000956937799043045,0.0076842472930493955,-0.002699575780948704,-0.007287870900572702,-0.005058168942842611,0.00045787545787545625,-0.0063157894736841635,0.0,0.0173985086992543,0.00021659085986569515,-0.007839236649841319,-0.0022246941045606095,-0.002745164048922666
2012/01/25,0.003988035892322994,0.02557461961799934,,0.004013042387760235,-0.002646202699126743,0.003831417624521105,-0.0045060658578857105,0.010054137664346596,-0.015207131620346037,-0.009659379766141396,0.017848970251716167,0.01889124293785316,0.007898089171974654,-0.02687296416938112,0.010610653962754402,-0.019692562265549718,0.00557413600891854,0.0018562524463585292
2012/01/26,-0.02515723270440262,0.22064393939393945,,-0.003997002248313897,-0.009286282833642745,-0.021946564885496178,0.0003481894150418885,0.0072741194486982685,0.0021299254526090383,0.0010266940451744144,-0.003147482014388303,0.013515855137757882,-0.005308392315470201,0.0,0.0014998928647953491,-0.0024407979497585996,-0.021064301552106368,0.009630659953402336
2012/01/27,-0.009847198641765642,0.06706318420825785,,-0.017055430147980943,-0.0034815211569363402,-0.00487804878048792,-0.03793943612948136,0.0007601672367920642,0.0031880977683313994,0.0010256410256410664,-0.01511050969778982,-0.015045306890066668,-0.0025412960609911828,0.01673640167364021,-0.004706889174154849,0.020911812037029076,0.027180067950169917,0.0016412334512629287
2012/01/30,0.006172839506172867,0.013248242992164094,,-0.0066343454963000426,0.010749798441279212,0.02450980392156854,0.02785817655571643,0.0011393847322447304,0.011122881355932313,0.0030737704918031294,-0.014884359972521133,-0.013539316090956488,-0.006624203821655961,0.0016460905349793276,-0.005588993981083479,-0.003948377666415093,-0.006063947078280063,0.002639840276540524
2012/01/31,0.0023858214042262738,-0.04169656382045761,,-0.002054970459799632,0.0013294336612601487,-0.011483253588516651,-0.017247448081661343,0.00834597875569032,-0.013619696176008445,-0.005617977528089901,-0.0032543003254300595,0.014253035368643419,-0.00230828417542972,0.013968775677896561,-0.014051015996541238,0.004189080648790755,0.0302273987798114,-0.002289624115975983
2012/02/01,0.006460387623257402,0.02304492512479195,,0.010553410553410414,0.003717472118959231,0.02420135527589551,0.018266475644699076,0.01015801354401824,0.02071163037705781,0.019003595274781793,0.013526119402984982,0.011103400416377474,0.011053984575835507,-0.014586709886547755,0.024117518088138556,0.0012411956567062177,-0.007267833109017352,0.010956558792584316
2012/02/02,0.00641891891891877,0.008376026673172277,,-0.007896077432501203,-0.006349206349206216,0.000945179584120881,-0.002110446711220515,-0.005959031657355673,-0.014568158168574263,-0.011592741935483875,0.0055223193741371635,-0.00823610157858623,-0.010678871090770481,0.00164473684210531,-0.011560693641618491,0.0073687134835076495,0.06100867678958788,0.0007708276937645614
2012/02/03,0.0053709298422288665,0.01959677419354855,,0.010012836970475059,0.007454739084132189,0.025495750708215192,0.019034191046880533,0.017234919445485053,0.017951425554382228,0.017848036715961246,0.021967963386727574,0.006401384083045025,0.028013364173734345,0.008210180623973606,0.022092267706302682,0.019175933058329653,-0.01661129568106323,0.01432808755702241
2012/02/06,0.0006677796327212437,0.022304832713754497,,0.011184544992374201,0.007928118393234707,0.0018416206261511192,-0.01141473538567972,-0.002209944751381143,0.014522821576763434,0.012024048096192397,-0.0006717420510522487,0.002406738868832692,0.011500000000000066,0.0032573289902280145,0.004026276753549496,0.021397564388926815,-0.012474012474012364,0.0053932025231627
2012/02/07,0.0023356690023357274,-0.010599613152804666,,0.019607843137254832,-0.0057682223387519604,-0.0009191176470589868,-0.0017494751574527179,0.0,-0.0030674846625766694,-0.0004950495049503845,0.01467622675330471,-0.008060367003944413,0.012852199703410783,0.009740259740259605,0.0018995356690585385,-0.0038089771392251226,-0.026842105263158,-1.2417366518670259e-05
2012/02/08,-0.0006657789613847553,-0.03034094463559589,,0.006903353057199135,0.0,-0.0018399264029438367,-0.020329477742726976,0.005906238464377989,0.006153846153846176,0.000990589400693409,0.0014353538699349855,0.004840940525587811,0.00707662274280163,0.008842443729903726,-0.0002106593638087073,0.0050759923834073906,-0.013520822065981597,-0.0012301393027930943
2012/02/09,-0.0009993337774817368,0.006774193548387153,,-0.002203721841332107,0.0,-0.0036866359447004227,0.023971377459749643,0.007706422018348702,-0.020897043832823647,-0.012370113805047045,-0.007276736493936009,0.011527873365450914,0.00629997576932384,0.008764940239043728,0.009481668773704044,0.00264005911748999,-0.020285087719298156,0.0005904898048049306
2012/02/10,-0.005001667222407469,-0.007289330342838851,,0.007116564417177784,-0.006065400843881963,-0.007400555041628176,-0.004192872117400492,-0.010378732702112203,-0.0018219677251432032,-0.005511022044088154,-0.005108840515326563,-0.003401939105289964,-0.0019263183241030601,-0.026461295418641506,-0.007305364224587607,-0.00907671772228047,-0.02518186905428088,-0.007437957999177049
2012/02/13,0.006702412868632601,-0.04542887113693217,,0.007797270955165692,0.011674184133722676,0.0018639328984155767,-0.0052631578947367474,0.008647654093836277,0.012255541069100317,0.013098236775818561,0.008260772493860147,0.02355350742447504,0.008202653799758597,-0.006085192697768749,0.009671993271656909,0.01038114622870423,0.0040183696900113475,0.004334403373357519
2012/02/14,0.0009986684420772995,0.04032121724429416,,0.0024177949709864865,-0.002360346184107076,-0.0046511627906977715,0.00035273368606691946,-0.005837285662167124,-0.013395157135497215,-0.009945300845350502,0.0008857395925598865,0.000833750208437678,-0.004546542234984408,0.018775510204081636,-0.0004164931278634043,-0.003985625547441307,0.009719839908519212,0.0018229587955571544
2012/02/15,-0.006651147322913165,-0.008206711627528951,,0.0014471780028944004,-0.0055205047318612754,0.010280373831775824,0.024330042313117195,0.046605504587155844,-0.01618798955613565,-0.010547463586137673,0.012168141592920234,0.03665444851716093,-0.008413461538461564,-0.0064102564102563875,-0.012083333333333335,-0.006887972204015158,0.005096262740656776,0.003479569454689878
2012/02/16,0.005021760964178057,-0.0012289038177946132,,-0.006984585741811378,0.005815490351572805,0.011100832562442209,0.016867469879517927,0.004382889200561069,0.009023354564756003,0.013197969543147225,-0.017704918032786954,0.004660880745740892,0.007030303030302942,0.009677419354838568,0.014129059468578786,0.001585342492899322,0.0011267605633802358,0.0048563203205951935
2012/02/17,-0.0003331112591604679,-0.0004921663522270414,,0.0072762551540141995,0.010775295663600692,-0.009149130832570851,-0.01760324983073802,0.01832780589980798,0.031036296685954756,0.014529058116232507,0.006230529595015577,0.005439129739241766,0.005055368319691889,-0.02316293929712454,0.006862133499688117,-0.003099666850238658,-0.01688238604389425,0.0021755763879558535
2012/02/21,0.010996334555148257,-0.03652031185884275,,-0.012280279316156939,0.0007800312012480326,0.008310249307479145,-0.008959338387318994,-0.0034281796366130157,-0.003061224489796066,-0.0019753086419752597,-0.013489606368863316,-0.0023866348448686736,-0.004311377245509007,-0.017170891251022113,0.006402313093762713,0.015480268995100133,-0.014310246136233551,-0.004745262564028838
2012/02/22,-0.0019775873434410007,-0.04258943781942082,,-0.005850804485616812,-0.007274616783580212,-0.008241758241758212,0.013908205841446364,0.007223942208462342,-0.01228249744114629,-0.008411677387432093,-0.008069939475453869,0.00031897926634760765,-0.007216742843396573,0.006655574043261225,-0.006772009029345383,-0.00986970684039079,-0.005226480836236891,-0.005979784822981338
2012/02/23,0.005944517833553542,0.005249110320284522,,0.001716527709661575,-0.0020936927505887937,0.007386888273314796,0.01577503429355276,0.018101092896174675,0.018134715025906578,0.009980039920159722,-0.0020338983050848247,0.012436224489795977,0.005088441967530777,0.005371900826446341,0.0080578512396694,-0.00301018192584801,0.003502626970227851,0.0068504499240473055
2012/02/24,-0.003939592908732803,-0.011682449774316206,,0.007099143206854341,0.0002622606871229838,0.0650779101741521,-0.027683997299122187,-0.02079838980207971,-0.004580152671755711,-0.0034584980237152285,0.008378623188405987,-0.001102362204724372,-0.004098360655737543,-0.004110152075626705,-0.003689280590284838,0.006253039980416819,-0.015125072716695831,-0.0008248332178649315
2012/02/27,0.0006591957811470373,-0.020238201844721138,,0.003889158969372808,-0.0002621919244886195,0.016351118760757455,0.013541666666666785,0.0,-0.0035787321063395217,-0.004462072384729954,0.000673703121491176,0.0022071574964528384,0.007988380537400142,-0.016921172100701654,-0.0002057189878625909,-0.0009674044608165566,-0.007088009450679333,-0.0005258201204406954
2012/02/28,0.005599472990777343,0.035737135545196974,,0.030266343825665842,0.0005245213742459676,-0.006773920406435208,0.0013703323055840322,0.006166495375128367,0.01641867624422777,0.009462151394422413,0.026256732495511637,-0.00015730690577309137,0.00696445725264172,0.012594458438287104,0.005349794238683092,0.014902118790106833,-0.005948839976204545,0.00992078893637914
2012/02/29,0.001965280052407481,-0.022855630074126276,,0.02138660399529968,-0.0010484927916120101,-0.0008525149190110604,-0.0020526855969893454,0.0011916922029282517,0.003028773346794633,0.0009866798223976403,0.020118084408484727,-0.002359974826935285,0.0014309563558312366,-0.009121061359867455,0.01187065083913219,-0.00022641051397309653,-0.022441651705565557,6.376870219973463e-05
2012/03/01,0.0013076168682575329,0.018242572022035608,,-0.0013805798435343464,0.008396746260823873,-0.0068259385665528916,-0.013027082619129327,0.0015303519809555244,0.0050327126321085824,0.0034499753573189462,-0.0027867095391209684,-0.002680965147452974,0.00952607763753277,-0.02259414225941414,-0.013754045307443397,0.006712527294783666,0.021732476277930957,0.0008050995655687135
2012/03/02,0.007835455435847294,0.020842572062084175,,0.02073732718894017,0.006245120999219367,-0.006013745704467333,0.016672455713789613,-0.007130730050933787,-0.008012018027040546,-0.01031434184675839,0.018056749785038573,-0.010752688172043001,-0.0007077140835103357,-0.0008561643835616195,-0.008408531583264933,-0.0018477184496235033,0.005392450569203122,0.002608654965807429
2012/03/05,0.0038872691933915515,-0.037271937445699344,,0.005417607223476395,0.00853374709076804,0.009507346585998278,0.004441407584557577,-0.004787961696306353,-0.016153457849570896,-0.01538461538461533,0.0033783783783785104,-0.003356777493606189,0.008026440037771643,0.003427592116538314,0.0010341261633919352,-0.011267605633802802,-0.01728247914183567,-0.0036156825169477713
2012/03/06,-0.008551145530816262,-0.0332099990975544,,-0.02604400538841478,-0.007948717948717987,-0.02482876712328763,0.004761904761904745,-0.006185567010309256,-0.01975371985633645,-0.020161290322580627,-0.019991582491582505,-0.023255813953488413,-0.016393442622950838,0.0017079419299743659,-0.014462809917355268,-0.01512410256410257,-0.003032140691327956,-0.014529578614184115
2012/03/07,0.005044751830756589,-0.018108839727433934,,-0.0013831258644537714,0.004652364952184129,0.0026338893766462146,0.056872037914691864,0.011065006915629283,0.01701125359853428,0.015946502057613055,-0.00042946102641194805,-0.005911330049261032,-0.005952380952380931,0.0059676044330776445,0.0039832285115304344,0.0030414737158999117,0.0042579075425790425,0.006168180201825052
2012/03/08,0.0038860103626943143,0.02737902842475526,,0.021929824561403466,0.00900437355286865,0.030647985989492144,0.004163997437540035,0.0129958960328318,0.009006690684508545,0.010126582278481067,0.011385606874328769,0.008259002312520636,0.006467065868263511,0.01737288135593218,0.020881186051367795,0.0005603493829982042,0.05390672319806167,0.015498325273003002
2012/03/09,0.005806451612903274,0.009808457481262245,,-0.004517732098486604,-0.003059663437021909,0.002548853016142827,0.0035087719298245723,0.007427413909520508,0.011476664116296664,0.009022556390977376,0.0021240441801189114,0.0008191349934469905,0.005235602094240788,-0.00791336942940446,-0.008181632235630953,-0.011348304981580681,-0.008045977011494121,0.0009194544081947142
2012/03/12,0.00833867864015403,-0.02684871254467147,,-0.00862264579078742,0.005626598465473087,0.0025423728813558366,-0.011443102352193257,-0.007707774798927591,-0.018658598083711397,-0.016393442622950727,-0.009961848240779947,0.022589621869373078,0.0023674242424243097,0.0025188916876572875,0.0018560527943904948,0.008163298625572635,-0.024333719582850577,-0.004372931550654477
2012/03/13,0.006043256997455337,0.0014124293785309217,,0.03524834058136861,0.004069175991861629,0.01183431952662728,0.015755627009646167,0.014522120905099634,0.025693730729702047,0.02474747474747474,0.030828516377649384,0.006723227149031619,0.039442607463391566,0.00670016750418756,0.011527377521613813,0.020870874299896647,0.026128266033254244,0.01759671951354945
2012/03/14,-0.005690799873537822,-0.010343206393982118,,-0.014592084899403002,-0.0002532928064842288,-0.007518796992481147,-0.006647673314340019,-0.00848868175765638,0.0030060120240480437,-0.0004928536224739766,-0.004984423676012484,0.003498171410398987,-0.012042717564189953,0.02579034941763725,-0.0008140008140008481,-0.002897536199090167,-0.0454282407407407,-0.005493735987644285
2012/03/15,0.0060413354531001495,0.04674584323040376,,0.0020192954902400473,0.0017734988598936408,-0.004208754208754217,0.014340344168259911,0.0005036091992614011,0.008491508491508482,0.007396449704141883,-0.0008348987685242726,0.006021232768182561,-0.00022999080036789632,0.010543390105433925,0.014867617107942932,0.008344307672921714,0.013034252803880042,0.008428065079845254
2012/03/16,-0.001580278128950674,-0.0019061450485613474,,0.011867442901925651,0.0007587253414265138,-0.002535925612848655,-0.010053408733898705,-0.010067114093959773,-0.008915304606240682,-0.006852667645619204,0.0012533946104031912,0.007875255945818171,-0.006441223832528209,0.015248796147672605,0.0036122817579771205,0.006294946307536353,0.044883303411131115,0.002715129920080217
2012/03/19,0.0018993352326686086,0.03974172426336864,,0.0059747731799071335,0.0020217336365933036,0.013559322033898313,-0.0025388765471279218,0.012203389830508504,0.005497251374312784,0.007392804337112091,0.0033382015439182844,-0.00031254883575559944,0.005788376939106277,-0.010276679841897285,0.0013997200559887624,0.014303085060254794,-0.016609392898052633,0.0052113887103002535
2012/03/20,0.004423380726698234,0.0060351613749671795,,-0.01671799384073902,-0.0005044136191676429,-0.026755852842809347,-0.007317849188673287,-0.003014065639651675,-0.011928429423459397,-0.015655577299412915,-0.013932210438760695,-0.0115679224636549,-0.004604051565377465,0.0,-0.003993610223642086,-0.0007728792950211227,-0.00931857891671517,-0.007226555790963707
2012/03/21,0.001572821642025879,0.044166231959659186,,0.02662192393736018,0.0037850113550339515,-0.010309278350515538,0.03685897435897445,-0.0020154517971111563,0.00452716297786715,0.004473161033797135,0.019190215099114116,0.01233591649533472,0.0006938020351525687,0.0007987220447285281,0.000400962309542896,0.0102448185487507,-0.005291005291005235,0.009253374272419346
2012/03/22,-0.004082914572864249,-0.011407160699417052,,-0.0008716495968620341,-0.00301659125188547,-0.00868055555555558,0.01700154559505407,0.006058566139347077,-0.012518778167250888,-0.011380504700643224,-0.0031036623215393577,0.00968598656459907,0.0004622140050842827,0.015961691939345712,0.0052104208416832165,0.00948468731787555,0.0023640661938533203,0.0006979601081765277
2012/03/23,-0.0059918006937874635,0.012296807883432903,,0.012213740458015154,-0.0060514372163387176,-0.004378283712784703,-0.003039513677811634,0.003178320508531174,0.003549695740365122,0.0030030030030030463,0.004566210045662045,0.004332353396255595,0.008316008316008316,-0.0019638648860959007,0.0003987240829346206,-0.00535556079801236,-0.005896226415094463,0.001198636002142671
2012/03/26,0.008565989847715727,0.014976287544720801,,-0.00021547080370609706,-0.0022831050228311334,0.013192612137203241,0.007012195121951281,0.012172753043188322,0.02021222839818093,0.01896207584830356,0.008471074380165255,-0.008319211215529032,0.016723940435280804,0.0051160960251868115,0.016341171781586228,0.010488787073151595,0.008303677342823335,0.009357568871086977
2012/03/27,-0.004718464926077304,-0.010820559062218127,,-0.0053879310344827624,-0.017035341978133833,0.012152777777777901,-0.015137753557372124,-0.00593080724876438,0.002971768202080227,0.00342801175318308,0.0141364474492931,-0.006058723007612343,-0.005182514646237091,0.007047768206734473,-0.001372549019607816,-0.003557513019342484,0.0011764705882353343,-0.0021430570951590094
2012/03/28,-0.008849557522123908,-0.015455374160934787,,-0.005200433369447532,-0.0103466114847387,-0.012006861063464935,-0.0018444512757455067,-0.008286377195889982,-0.02518518518518531,-0.026354319180087793,-0.002626262626262643,-0.011409815567364756,-0.01449603624009066,-0.013219284603421477,-0.010210092283526429,0.013508067339245367,-0.013513513513513487,-0.010343506745784534
2012/03/29,-0.004783163265306034,-0.03160641387147012,,0.001089087344805062,-0.004966021955044364,-0.01388888888888895,0.0027717893440100116,-0.0030080213903744824,-0.015197568389057614,-0.014035087719298178,0.0008102086287218313,-0.002213438735177875,-0.01149161112387953,0.0063041765169424835,-0.002777226740725891,-0.011208429742460058,-0.017867778439547344,-0.007629274276671941
2012/03/30,0.00064082024991996,-8.691873098642944e-05,,0.02001740644038308,0.004202784344628174,0.004401408450704247,0.011363636363636243,0.006034193764666629,0.01388888888888884,0.015251652262328275,0.024084193483100647,0.00538741879258442,0.01790281329923271,0.003915426781519349,0.00755918042570114,-0.01105778802259938,-0.00030321406913269566,0.0077001189202859505
2012/04/02,0.0070445084854307005,-0.00930111265646738,,0.008745733788395826,0.007585665707559697,-0.021910604732690575,0.019738839963558963,0.0013328890369876945,0.010654490106544845,0.011517275913870861,0.007707509881422991,0.014499605988967712,0.0013704888076748745,0.0,-0.01461006910167817,0.008857822482343902,0.01364877161055511,0.004180113455154816
2012/04/03,-0.0006359300476946883,-0.008861981223128979,,0.0033833791499260357,-0.0015576323987539498,-0.006272401433691788,-0.008636092912447824,-0.012978369384359367,0.0010040160642570406,-0.001980198019801982,0.0017650519709746515,-0.02112785459064792,-0.012545620437956262,0.0007800312012480326,-0.0004007212983369035,-0.006646849893243378,-0.0035906642728906757,-0.004893864845409247
2012/04/04,0.00445434298440972,-0.023902266288951757,,0.004004214963118979,-0.001820072802912076,-0.010820559062218127,-0.018924601982577394,-0.011463250168577188,-0.026078234704112302,-0.02182539682539686,-0.002936570086139345,-0.019520710998254143,-0.008316008316008316,-0.001558846453624252,-0.015233513730206427,-0.011624256948118639,-0.023423423423423295,-0.011811822115186964
2012/04/05,-0.019955654101995512,0.002176673317612954,,0.00650713685978177,-0.019015368585569292,-0.0027347310847767314,0.007654623392528981,0.008185538881309684,0.003604531410916323,0.0020283975659229903,0.015904182210877638,0.01586273875040467,0.0034940600978337066,-0.009367681498829161,0.005495623855078291,-0.004455656003915842,0.0006150061500613813,0.0009999638260776156
2012/04/09,-0.009696186166774479,-0.03457013574660628,,-0.006465067778936406,-0.005310674455655806,-0.015539305301645379,-0.022181707687632835,-0.00778078484438427,-0.023601847101077378,-0.02277327935222684,-0.0177812137611133,-0.017527087316762335,-0.022516248839368536,0.0023640661938535423,-0.01983805668016192,-0.002340555377964182,-0.022741241548862923,-0.015518707860332458
2012/04/10,-0.01664490861618806,-0.044619422572178546,,-0.018471872376154552,-0.017618793379605036,-0.02228412256267409,-0.02423865755127408,-0.02318445277872483,-0.019442984760903892,-0.020196789228378975,-0.02125147579693032,-0.03649043139798902,-0.026597007836618336,-0.027515723270440384,-0.018793886823626704,-0.0063091113606089655,-0.022012578616352196,-0.0228545136830405
2012/04/11,0.010620643876535052,-0.020702511773940335,,0.017964071856287456,0.015760869565217606,0.017094017094017255,0.016878980891719797,0.011343804537521818,0.009914255091103996,0.010570824524312794,0.019501407318053943,0.019357010604275526,0.009270553793608194,0.0,0.014523258261418759,0.014516846098280967,0.021864951768488794,0.011779936469181351
2012/04/12,0.012807881773398977,0.04458471095080663,,0.012394957983193233,0.004547886570358317,0.027077497665732864,0.002348888192922116,0.024331320103537557,0.026532236667551112,0.029027196652719578,0.011437586274896328,0.008256274768824401,0.01885424220449594,0.008892481810832686,0.026763485477178328,0.023664993909522813,0.03964757709251088,0.02007307613115511
2012/04/13,-0.009727626459144045,-0.0008632265490121638,,0.0006225357958082878,-0.007723035952063917,-0.020000000000000018,-0.009842212154350882,-0.0060646900269542,-0.010080124063065354,-0.007878017789072489,0.007993760967050179,-0.0014739600393056662,-0.007117437722419906,-0.004807692307692402,-0.01535663770458684,-0.04056777867363359,-0.020581113801452777,-0.009591703529993487
2012/04/16,0.002292075965946383,-0.02899107228568687,,-0.009124844462878423,0.004562533548040815,-0.0009276437847866026,-0.007888923950773119,0.008983050847457541,-0.0015665796344646044,-0.004098360655737654,0.0036750483558993796,-0.010496965720846352,-0.004540023894862744,-0.012882447665056418,0.009439770162117833,-0.029666939790808478,-0.0599505562422743,-0.0088238674505446
2012/04/17,0.009147337471414607,0.05803262481463167,,0.005441607367099088,0.008282126636387943,0.020427112349117982,0.012404580152671763,0.010918864438098419,0.014121338912133963,0.017489711934156382,0.010021198689535549,0.016243991380739287,0.02448391742678835,0.0008156606851550396,-0.011181134376905821,0.0057749103936028945,0.00460223537146609,0.012939130227880825
2012/04/18,-0.004532211071544223,-0.0005606428704915123,,0.0016652789342215257,-0.002119766825649294,-0.015468607825295688,-0.03393025447690856,-0.00764373546028585,-0.006188757091284192,-0.007583417593528874,-0.004770082045411184,-0.002446582939161779,-0.004451733833177096,-0.0016299918500407573,0.0074013157894736725,-0.003477861386258163,-0.013743455497382095,-0.006217531627670254
2012/04/19,-0.0003252032520325576,0.001215407629020282,,-0.006650041562759723,0.013011152416356975,0.003696857670979492,0.022439024390243922,-0.012893503014065555,-0.019719771665801744,-0.019358125318390207,-0.005176380368098088,0.004741661216481452,-0.00964932925394224,0.0,0.007959183673469372,-0.01341677482234227,-0.020902455209024562,-0.0034392685918690907
2012/04/20,0.0039037085230970714,-0.009151181249416385,,0.008158995815899628,0.015203145478374758,0.0009208103130755596,0.006679389312977069,-0.0008481764206955678,0.0063525674960296374,0.0051948051948051965,0.010984775486606368,0.008299430431244925,0.006416349809885924,-0.004081632653061273,0.013363028953229383,-0.005406290762661747,0.011860386309725524,0.004865632002444754
2012/04/23,-0.008101101749838024,-0.04024125907077558,,-0.013695787507781665,-0.004131164471985471,-0.014719411223550916,-0.016745655608214727,-0.013921901528013536,-0.0015781167806417917,-0.0036175710594315014,-0.017537171178040434,-0.02840542285345382,-0.008028335301062617,0.013114754098360715,-0.011588411588411507,0.0025835989665470294,-0.004018754186202345,-0.010664481940156012
2012/04/24,0.036262659261679264,-0.13904163393558522,,0.007784557121817803,0.024112004148301835,0.015873015873015817,-0.004820051413881865,0.010674931129476706,0.013171759747102163,0.014004149377593311,-0.0009701202949164989,-0.0004983388704319358,0.004046655558200385,0.006472491909385036,0.006468566808166543,0.00614129873297542,0.0006724949562879612,2.2152506824170415e-05
2012/04/25,0.0006305170239595537,-0.015168795620438047,,0.008977035490605356,-0.0005063291139241199,0.02113970588235281,0.021633839199225013,0.010221465076660996,0.002080083203328087,0.003580562659846631,0.013983297727714117,0.007645005816852235,0.0123281175912755,0.010450160771704242,0.009238802972484361,0.014053502950305052,0.008736559139784772,0.008063970673233535
2012/04/26,0.022054190296156184,-0.01482339316734227,,0.014897579143389184,0.016717325227963542,0.05850585058505864,0.00537294563843238,0.019898819561551484,0.017644006227296227,0.014271151885830724,0.022217965906914383,0.005277915223486751,0.015456674473067755,0.01511535401750197,0.016119402985074638,0.009430558753061646,0.06129247168554297,0.018715551152686638
2012/04/27,0.007090012330456252,-0.01563418361349478,,0.02731906218144764,0.0022421524663676085,-0.0025510204081632404,0.010688462747563632,0.001322751322751392,-0.0015298317185110655,-0.0015075376884421399,0.028480419711448546,-0.008695652173913104,-0.00023062730627299022,0.005485893416927956,0.009400705052878822,-0.0007961233266995382,-0.0382925298179535,0.001424497073524468
2012/04/30,0.007346189164370909,-0.042990207786004264,,-0.013891645167692035,0.0037285607755408456,0.006820119352088705,-0.005598755832037283,0.002146631439894353,0.0012768130745659523,-0.0015098137896326635,-0.008380397157952246,0.0008275405494868604,-0.005536332179930881,0.0035074045206546778,-0.004462553356616161,-0.016472080928553123,0.003916449086161844,-0.004329504889728407
2012/05/01,0.004557885141294626,0.015223359121537383,,-0.0058361843429260984,0.004457652303120341,0.012701100762066098,0.0003127932436659542,0.008403361344538007,0.009436368273399554,0.012096774193548265,-0.0056953885724784215,0.009095419216140321,0.015773602412433307,-0.004271844660194146,0.004872344572208087,-0.000694370528043553,0.010403120936280708,0.005677249588536902
2012/05/02,-0.000604960677555999,0.010693215339233175,,0.009514170040485714,0.0009861932938854956,-0.0050167224080267525,0.004690431519699834,-0.006045751633987018,0.005053057099545288,0.004980079681274896,0.0009238728750924352,0.01999344477220588,-0.005709065996802876,0.0015600624024960652,0.005430566330488773,0.004682130348958591,0.021235521235521304,0.0045228902639071755
2012/05/03,0.0021186440677967155,-0.07612793384409589,,0.011630238620413236,0.0009852216748769127,-0.01176470588235301,0.014939309056956063,-0.001808318264014508,-0.009049773755656076,-0.00941526263627357,0.01772198633930211,0.0017673521850900542,0.0062011943040882755,-0.014018691588784993,0.004050925925925819,0.0061917628990588724,-0.012602394454946375,-0.0043237778345385225
2012/05/04,-0.007550588945937742,-0.037185731209688044,,-0.02358771060455911,-0.009350393700787496,-0.022108843537414935,-0.03986507206378409,-0.029973649538866942,-0.026889903602232423,-0.025012506253126565,-0.030654815889715303,-0.0125100240577386,-0.020086738187628406,-0.023696682464455,-0.016330451488952846,-0.02299441841529193,-0.03509891512444163,-0.023931027817788816
2012/05/07,0.004260499087035852,0.004169799712899103,,0.002030044660982666,0.006706408345752646,-0.00521739130434784,-0.012136697540721775,0.0061120543293717855,0.011470281543274119,0.009748589020010412,0.011976047904191711,0.004060419035244456,0.020731423247146497,-0.005663430420712046,0.006250000000000089,0.017722868036394113,0.0006613756613758071,0.0051801432073686
2012/05/08,0.00121212121212122,-0.008985704560925734,,-0.044570502431118375,0.000493461633357839,-0.01748251748251739,-0.0009699321047527132,-0.007762402969962889,-0.0036082474226803996,-0.0030487804878047697,-0.06065088757396453,0.05095438369459715,0.010953902327704101,0.008950366151342593,-0.007763975155279601,0.00862478822524504,-0.04296100462656971,-0.007288433223200511
2012/05/09,-0.006961259079903082,0.021431515318037997,,0.0012722646310432406,-0.007398273736128114,0.012455516014235002,-0.019741100323624527,-0.007823129251700589,0.002586652871184647,-0.0010193679918449883,-0.006496062992125906,0.03340003078343856,0.016252821670428963,0.0,-0.009194053208137709,-0.005939979632173409,-0.024861878453038777,-0.00012726896126929316
2012/05/10,0.00975312404754658,-0.02595830531271004,,-0.005506141465480674,0.007453416149068248,0.02284710017574687,0.01716738197424883,0.015769626328419495,0.0485036119711042,0.05102040816326525,0.006142262730334913,0.00834078045874298,0.005775211017325699,0.02741935483870961,-0.0025666337611055523,0.007403677012109533,0.041784702549575226,0.014709348554806323
2012/05/11,0.013884696649562267,0.06848936757801694,,0.011712095400340683,0.015043156596794116,-0.003436426116838587,0.0006491398896462108,-0.00843739453256831,-0.004921259842519787,-0.004368932038834927,0.01201260338716037,-0.0031019202363369303,0.006183745583038913,-0.007456828885400335,0.012074425969912816,-0.013737233015215344,-0.009517335146159156,0.0053169938275374334
2012/05/14,-0.0017862459065198788,-0.005427759110881336,,-0.01473374026520724,-0.006559766763848285,-0.018103448275861966,-0.0077846253649043184,-0.0166780122532334,-0.003956478733926683,-0.005363237445148883,-0.015178050204319948,-0.0186694325085196,-0.008560140474100142,-0.00039541320680103187,-0.013299432818306256,-0.002032252268798662,-0.013040494166094652,-0.009473033110404518
2012/05/15,-0.005368326871458384,0.006756756756756799,,0.0025635547959836913,0.003912937148446982,-0.009657594381036083,-0.013729977116704761,-0.0013845621322257085,-0.010427010923535263,-0.011274509803921418,0.004346967002568647,-0.011173184357541999,-0.003542174009298238,0.011075949367088445,0.0,0.011771506622516581,-0.004867872044506227,-0.0019373462466791835
2012/05/16,-0.004797601199400425,-0.04233350542075376,,0.007031749414020849,-0.004141291108404221,-0.012411347517730431,-0.004640371229698403,0.0,-0.009984947315604509,-0.008924144769459796,0.007082431634861219,-0.0029012062910367398,0.0015552099533437946,-0.031298904538341055,-0.001783944499504475,0.029160053495443927,0.006988120195667413,-0.004462481199787288
2012/05/17,0.0030129557095510684,-0.030053908355795245,,-0.05564959796868374,0.011986301369862895,-0.02333931777378817,-0.029637029637029633,-0.017331022530329254,-0.0137347321473823,-0.015007503751875761,-0.04121898808361002,-0.030015313935681354,-0.016637089618456113,-0.02342487883683364,-0.015091342335186608,-0.009349212302628418,-0.01179736294240108,-0.01983050269626671
2012/05/18,0.011114448783418274,-0.027928303459774928,,-0.012995742773919017,0.003867536862460774,-0.01194852941176483,-0.022649279341111828,-0.002645502645502784,-0.00976361767728684,-0.011173184357541999,-0.014466177669111624,-0.02620776760341026,-0.011730205278592254,-0.00992555831265507,-0.022580645161290436,-0.03635337511200376,-0.0098314606741573,-0.013451085239515242
2012/05/21,-0.0008912655971478056,0.02544311034877067,-0.10990327423767643,0.03473325766174806,-0.0045750060197446984,-0.0037209302325580396,0.00561797752808979,0.015384615384615552,0.011935651271406389,0.011299435028248705,0.03121769691957832,0.03161478599221801,0.013238986532755126,0.019214703425229684,0.0284653465346536,0.022834726088116986,0.019858156028368823,0.00892752780333369
2012/05/22,-0.002676181980374781,-0.0561750766657374,-0.089039083161916,0.0068012286090390894,0.0012094823415578215,0.0009337068160597539,-0.0041899441340782495,0.008707767328457017,0.0020512820512819108,0.002031488065007636,-0.007217321571772239,0.016030174446016066,0.0,-0.016393442622950727,0.0018050541516245744,-0.021673641882946404,-0.00834492350486793,-0.009772907747976463
2012/05/23,-0.00536672629695889,0.06202924235711116,0.032258064516129004,0.005665722379603277,-0.0026576467745832444,0.004664179104477473,-0.005259467040673149,-0.005870165745856415,-0.01842374616171949,-0.015712113532691308,0.005250403877221199,-0.0006187161639599204,-0.004054967334985338,0.02750000000000008,-0.002402402402402526,0.014414164687319264,0.03015427769985979,0.007151182539287704
2012/05/24,0.008393285371702586,-0.022806285634821344,0.032187500000000036,0.004983748645720487,0.002664728682170603,0.0018570102135562205,0.004934790271413414,0.004862799583188693,0.010427528675703845,0.008238928939237722,0.01084773001205308,-0.006190992106485105,0.005202442886224734,-0.018653690186536953,0.005418422636965792,-0.00951670299882823,-0.03199455411844787,0.0006386288748716299
2012/05/25,0.0014863258026158732,-0.0007115411982353548,-0.03390856796851349,0.014014661492022462,0.001449625513409103,-0.004633920296570837,-0.009470361276745165,-0.0027652955409608326,0.0025799793601650745,0.0025536261491319046,0.004769475357710773,0.0009344338888024328,0.0013501350135014523,0.011570247933884392,-0.006387225548902253,-0.02009399430609926,0.0,-0.002191905624987278
2012/05/29,0.007420599584446519,-0.011107946454001705,-0.09620808523973678,0.007654688496704143,0.007237635705669376,0.023277467411545683,0.02620396600566588,0.012824956672443655,0.013381369016984168,0.013754457463066805,0.009889240506329111,0.005601369223587893,0.022022471910112307,-0.02287581699346397,-0.0004017677782242046,0.0047503928076144675,0.011251758087201136,0.0020398092015261457
2012/05/30,-0.0029463759575719672,-0.030241935483870885,-0.022538141470180295,-0.013293943870014813,-0.007904191616766476,-0.02729754322111011,-0.017598343685300222,-0.00924024640657084,-0.014728288471305362,-0.015577889447236148,-0.016647081864473168,-0.022280674609314488,-0.006156552330694676,-0.004180602006689016,-0.025120578778135005,-0.010280394541151816,-0.01599443671766343,-0.015413365910473454
2012/05/31,0.009751773049645251,-0.05791505791505802,0.050017736786094336,-0.0036355859709151783,0.005311443746982114,-0.028063610851262744,-0.015103617843343908,-0.001381692573402371,-0.010309278350515427,-0.009698825931597765,-0.0021907986456880524,-0.007754391517645121,0.011283185840707866,-0.014273719563392073,-0.01710987425273136,-0.012529096187854805,-0.03745583038869271,-0.008297484739333527
2012/06/01,-0.007901668129938644,-0.007723833543505587,-0.06351351351351364,-0.02983472848250701,-0.014649375600384262,-0.030798845043310874,-0.03815977175463625,-0.009685230024213065,-0.03385416666666663,-0.03453608247422668,-0.02914171656686626,-0.022169059011164283,-0.02865893677532272,-0.0076660988074956915,-0.0274748322147651,-0.01700927963724974,-0.03671071953010274,-0.025852226927992304
2012/06/04,0.007374631268436627,0.03256552819698166,-0.029581529581529598,-0.004867256637168249,0.0075554472337313605,-0.0049652432969216065,-0.004449388209121108,0.01117708697170805,0.0021563342318058343,0.004271222637479921,-0.0028782894736841813,-0.0004893165878323558,0.00022522522522527844,0.0,0.0002156566745741273,0.013328050486113296,-0.003810975609755962,0.0016368931488260647
2012/06/05,-0.002635431918008635,-0.002615384615384686,-0.038327137546468326,0.014895509115162353,-0.0033865505563619447,0.03393213572854292,0.00893854748603351,0.002763385146804964,0.0008068854222700317,0.0010632642211589882,0.010721649484536133,0.03639033942558734,0.009682503940554144,-0.0038626609442059534,0.0038809831824062613,-0.014137920765762146,0.005355776587605332,0.003733287846733546
2012/06/06,0.014679976512037562,0.016196205460434987,0.03637558467664004,0.02059145673603524,0.013834951456310751,0.031853281853281956,0.026947212993724712,0.024974164657250997,0.04273044880408472,0.03929899097185352,0.026111791105670967,0.0037789324515824507,0.015388046387154297,0.04222317966393807,0.014604810996563522,0.017811820505170717,0.04337899543378998,0.025339991215619088
2012/06/07,-0.011574074074074292,-0.01882210078931379,-0.01864975755315179,0.013307576733204485,-0.0031122815417764516,-0.002806361085126219,-0.006110711718188444,0.008569988237271176,-0.005670103092783485,-0.00510986203372521,0.004373757455268468,0.0009411764705882231,0.0021963540522733638,-0.026043819760231623,0.010372565622353891,-0.004030573332576837,-0.02115244347191836,-0.004901215875406288
2012/06/08,0.011416861826697877,0.015470297029702929,0.03002660585328787,0.008260961660665034,0.019212295869356355,0.016885553470919357,0.009041591320072317,0.008663778740419792,0.007776049766718529,0.01078582434514641,0.009897070467141722,0.004858172700203722,0.013368397983782643,0.004244482173174857,0.006913890634820952,0.0038393547148831697,0.0037257824143070994,0.010846292410076508
2012/06/11,0.001157742402315698,-0.04021937842778789,-0.0035055350553506726,0.0021008403361344463,0.002827521206409056,-0.01845018450184499,-0.013620071684587787,-0.01090188305252715,-0.015432098765432167,-0.015752032520325088,0.0072520580164641135,-0.011384903306300709,-0.009515570934256146,-0.01986475063398141,-0.00769870994590105,-0.020587492108062544,-0.048255382331106156,-0.01304999007683179
2012/06/12,0.011274934952298254,0.0003174603174602719,0.014626920940566501,0.01467505241090139,0.008928571428571397,0.015037593984962516,-0.00181686046511631,0.017034068136272396,0.02925809822361547,0.025296850800206494,0.01439968865538055,0.021138980911815874,0.012663755458515391,0.00819318671841307,0.003355001048438,-0.005980686015831238,-0.002340093603744209,0.010944854347219165
2012/06/13,0.0,-0.0030149158997144765,-0.0047445255474452,-0.032851239669421384,0.0011644154634373738,-0.04166666666666674,-0.01892974153622129,-0.015435139573070522,-0.006852791878172448,-0.006042296072507614,-0.03472089008248613,0.003089757454039832,-0.0032341526520053288,-0.0025662959794695572,-0.01692789968652042,-0.007096000958980775,-0.03909304143862391,-0.013465966160225211
2012/06/14,0.020297312750142904,-0.0027057138309725115,0.037403740374037486,0.0034180730613115884,0.017678529890672312,-0.0009661835748792091,0.010018552875695752,0.024349566377585008,0.015077945310503438,0.015197568389057725,-0.0051669316375198004,0.014785153241952731,0.020549426779147728,-0.011149228130360234,0.001700680272108901,-0.003635851451503691,0.0024410089503661414,0.009370214685138016
2012/06/15,0.000560381059120374,0.04995212256623072,0.060940261576528876,0.012774111134767008,-0.004571428571428671,0.01547388781431347,0.020573108008817176,0.012373819602735203,0.010574018126888296,0.010978043912175828,0.011186576108669577,0.015176809834572813,-0.0019075879610003232,-0.0078057241977450564,0.012521222410865951,0.009766604235159182,0.009740259740259605,0.014018028552995884
2012/06/18,-0.0022402688322598063,0.014287885696914415,0.04651162790697683,0.013033424427159934,0.00619977037887498,-0.00952380952380949,-0.005759539236861011,0.0022515278224508606,0.0009965122072745913,0.0029615004935834577,0.011260371394705704,0.011062939153834606,0.00021235931195584534,0.0174825174825175,-0.0006287989939216532,0.011230925736817277,-0.000803858520900258,0.00697265217090081
2012/06/19,-0.0044905978108337186,0.0464558669264199,0.01595033428844328,0.013488275575845643,-0.002053856686444644,0.02019230769230762,0.014844315713251177,0.004813863928113005,0.0074664011946241615,0.009350393700787496,0.012697792537605057,0.019961555522697072,0.008704883227176108,0.002577319587628857,0.009018456375838868,0.01870903104875299,0.0193081255028158,0.012764380489707568
2012/06/20,-0.0016915703411334304,-0.023929543176285373,-0.009745855661057345,0.018018018018017834,-0.00983306654470617,0.015080113100848225,0.014983945772386598,-0.0038326413286489114,0.011857707509881577,0.010238907849829282,0.013117283950617287,0.006088721368512573,0.004630604083350809,-0.004284490145672781,0.004364996882145089,-0.006912833031167853,-0.0007892659826361781,0.002197707783781249
2012/06/21,-0.010731431798926772,-0.03402338649334624,0.0075949367088608,-0.004022526146419847,0.000692840646651316,-0.03528319405756719,-0.02108963093145866,-0.016511702468740008,-0.015869140625,-0.014478764478764394,-0.0007616146230008392,-0.028242074927954053,-0.006913890634820841,-0.015490533562822706,-0.01697019867549665,-0.021298314811893926,-0.05213270142180093,-0.01679596048838241
2012/06/22,0.003996574364830252,0.03068043742405835,0.03800251256281406,0.0010096930533116666,0.014308792984075724,-0.006737247353224229,0.018671454219030492,0.0050529747351262255,0.010171173406102518,0.007345739471106727,0.009908536585365946,0.006969157769869394,0.0014767932489452296,0.030594405594405627,-0.010947368421052706,0.01109315082559914,0.021666666666666723,0.011368438066884185
2012/06/25,-0.006255331248222862,-0.012231063955201904,-0.029954614220877307,-0.006253782529755947,-0.006825938566553003,-0.02034883720930236,-0.04864293267536135,-0.016380149205319494,-0.013506876227897813,-0.01409820126397665,-0.010566037735849076,-0.019142983360329824,-0.016220771013271462,-0.0351993214588634,-0.01532567049808431,-0.01886325046767201,-0.011827079934747076,-0.017743696563016813
2012/06/26,0.0008583690987122861,-0.0034312994181709966,0.032439176543979986,0.0006090133982947776,0.004352806414662291,0.018793273986152492,0.003705075954057113,0.008244023083264551,0.08339556883246213,0.08284023668639051,0.00772311212814647,0.01636390932292464,0.012847965738757905,0.018901098901098923,-0.0038910505836575737,0.007098234223324562,-0.012381345439537839,0.016380480521815427
2012/06/27,0.006003430531732468,-0.004640718562874291,-0.02628398791540798,0.0058835463582875835,-0.0013686131386861922,0.01941747572815533,0.007751937984496138,0.015208503679476681,0.02527573529411753,0.020491803278688492,0.01144857602422178,0.028803545051698798,0.012050739957716772,0.006039689387403069,0.01085069444444442,0.008181625136034931,0.012118679481821992,0.00924898016007809
2012/06/28,0.005683432793407217,0.013084674387126016,-0.026993484331368167,-0.005042355788624442,0.004339881224303177,-0.004761904761904856,0.009157509157509125,0.0,-0.014343343792021512,-0.006247211066488179,-0.006548175865294659,0.005025125628140614,-0.001044495508669252,-0.014579759862778707,0.00815800772863895,-0.008765132772969642,-0.018166804293971883,-0.003590825713233306
2012/06/29,0.007629273806159853,0.016701306413301698,-0.008450255102040782,0.01540644638151245,0.01068910620877861,0.038277511961722466,0.0362976406533575,0.02996134020618557,0.013642564802182733,0.011225864391558149,0.016949152542372836,0.012428571428571455,0.014219991635298967,0.04351610095735414,0.034923339011925014,0.027927929684038677,0.038687973086627414,0.021178462239347457
2012/07/02,0.015143017386427537,-0.009272103380302377,-0.010419681620839283,0.018965861449391053,0.011026102610261157,0.01751152073732709,0.005954465849387081,0.00891460744447925,0.025123373710184138,0.019094138543516825,0.0159259259259259,0.016650204599971685,0.004536082474226877,-0.003753127606338613,0.011316872427983515,0.0006895029791320617,-0.005668016194331993,0.008337573372729523
2012/07/03,-0.005524861878453136,0.06175386882829792,0.0139416983523446,-0.0005877742946708286,0.0004451368795905797,0.03079710144927561,0.004526462395543218,-0.006975662687955353,-0.005251641137855589,-0.002178649237472796,-0.005650747356908514,0.0022206800832753615,-0.0026683087027913333,0.04311427375470922,-0.0038657171922684697,0.012679467294406388,0.025244299674267223,0.009530566248431419
2012/07/05,-0.006388888888888777,0.13436979455857845,0.008653846153846123,-0.012546559498137655,-0.0013348164627364767,-0.019332161687170557,-0.010745233968804224,-0.01810802372775533,-0.012758468983721905,-0.013973799126637543,-0.014482126489459235,0.0004154549231407678,-0.009878575838650039,-0.026484751203852297,-0.0042892156862744946,0.013762413835210374,-0.015885623510722757,-0.000529807976590328
2012/07/06,-0.009225608051439904,0.0020802741067058594,0.008261836669844369,-0.016081000595592476,-0.010470037870349724,-0.02777777777777779,-0.0021023125437981127,-0.002861685214626375,-0.013814616755793319,-0.009300265721877699,-0.01767113095238082,-0.00221483942414169,-0.0014549989607149927,-0.007419620774938296,-0.010871794871794904,-0.01668009184723096,-0.02986279257465707,-0.009850968421209642
2012/07/09,0.0028216704288939187,0.013432653559653174,0.013867002836432496,-0.03450363196125905,0.007203962179198609,-0.01658986175115207,-0.0077247191011236005,-0.002869897959183687,-0.009489380930862934,-0.010281627179257957,-0.025563340276462787,-0.0008324084350721517,-0.0008326394671107629,0.0033222591362127574,-0.013894649523019553,5.1247484598393456e-05,-0.006655574043261225,-0.005208172647222143
2012/07/10,-0.002813731007315745,-0.03325701891794186,-0.021759403170655944,-0.028422152560083624,-0.0008940545373267161,-0.011246485473289547,-0.018046709129511784,0.002558362647905321,-0.0027372262773723843,-0.006323396567299078,-0.023513408472600084,0.0011108025548458578,-0.013333333333333308,0.0016556291390728006,0.0012618296529969264,-0.007354823171024316,-0.029313232830820768,-0.01131931479139731
2012/07/11,-0.005079006772009009,0.01757447338900664,-0.015888147442008282,-0.004732200473219983,0.004474272930648615,-0.012322274881516715,-0.03423423423423422,0.0121212121212122,-0.007776761207685223,-0.00545454545454549,-0.0045771144278606846,-0.007073509015256496,-0.0019003378378377178,-0.01157024793388417,-0.0008401596303297953,-0.01806774938855471,0.007765314926660993,-0.00515182443125965
2012/07/12,-0.01106069200226889,0.04078882900538949,-0.0051662899580239285,-0.0032418413658960032,-0.005122494432071245,0.008637236084452882,-0.018283582089552275,-0.01985502678852813,-0.005993545412632639,-0.006855575868372932,0.004398240703718415,0.016622433300740314,0.002961709329384332,-0.0050167224080267525,0.005675846121505179,-0.0012430539750347691,-0.0077054794520547976,-0.0006152946592512793
2012/07/13,0.013765414396329279,-0.0008238201718252514,-0.0029211295034079487,0.0065047701647875655,0.012088650100738674,0.01807802093244515,0.03876852907639683,0.024758842443729945,0.018089053803339583,0.017487344684767647,0.002985668789808882,0.0012366034624897715,0.01645222526893053,0.01680672268907557,0.014841137123745796,0.01058764586269989,0.010353753235547991,0.012885848962329405
2012/07/16,0.001980198019801982,-0.022614840989399365,-0.08056640624999989,-0.024773804394657484,0.0013271400132714994,0.02710280373831786,0.010611050128064514,-0.0012550988390336304,-0.004555808656036331,-0.004070556309362261,-0.01984520738241713,-0.004665843282558035,-0.0068478937538908324,0.0008264462809917106,0.01215242018537599,-0.0027753416091258476,-0.015371477369769515,-0.007843660027672162
2012/07/17,0.011293054771315703,-0.014461315979754197,-0.005487696937511055,0.022752374641042517,0.008614976805831454,0.04913557779799804,0.04634322954380865,0.01570845114671693,0.02013729977116685,0.02043596730245234,0.025308766956873896,0.007445195091686063,0.031132469703301302,-0.002477291494632494,0.012413512413512295,0.0031482642158304763,-0.014744145706851675,0.013923452355458065
2012/07/18,0.010329424902289164,-0.006236243580337586,0.03631185475258092,-0.0006479481641467055,0.005037231712658796,-0.002601908065914982,-0.0020761245674739692,0.0018558614290133946,0.0035890533871691943,0.006675567423231055,-0.002764612954186396,-0.001642260845764243,0.0,0.0347682119205297,0.010854271356783851,0.006987724133918016,0.012323943661971981,0.006633179206018952
2012/07/19,-0.019618679193147304,0.02276362741479021,-0.0037787701820679587,0.013831856494488814,-0.029418173894094624,0.00521739130434784,0.03606102635228847,-0.0003087372645877995,0.0013410818059900187,-0.00022104332449168762,0.010693069306930703,0.02549691569568191,-0.007294832826747699,-0.012399999999999967,-0.00556770729767353,0.021179126985688912,0.06695652173913036,0.007348980771560393
2012/07/20,-0.005355129650507218,-0.01564003849855644,-0.008275862068965467,-0.012364101470901723,-0.0011225864391557483,0.0025951557093424338,-0.013052208835341417,-0.0061766522544781655,-0.01830357142857142,-0.017024099049303465,-0.018025078369905967,-0.005881566635476565,-0.00816493161869769,-0.027541514783313015,-0.014597080583883204,0.029946396654638496,-0.023634881825590814,-0.00956575006756867
2012/07/23,0.0025502975347124757,-0.022977267171840565,-0.0003477051460362146,-0.014245629181955488,-0.003146774556080034,-0.021570319240724722,-0.01932858596134268,-0.025170913610938483,-0.0077307867212368375,-0.010346378767431386,-0.01715881883479653,-0.011429339787548898,-0.012554023461617714,-0.005414410662224145,-0.016030844155844104,0.007678202945578194,-0.013355592654424098,-0.011210522907867719
2012/07/24,-0.02119841718485016,0.0056292219164373325,-0.01043478260869568,-0.0039413181519597495,-0.013077790304396819,-0.014109347442680775,-0.011065006915629283,0.00095632770162557,-0.0032080659945005197,-0.0027272727272726893,-0.0032480714575719993,-0.008161044613710478,0.0037515631513129755,-0.028475711892797295,-0.004124561765312507,-0.01289987144157112,-0.02368866328257202,-0.008824871353773248
2012/07/25,0.020213687554143656,-0.250155491976614,0.03128295254833047,0.012090569355902359,-0.0011423349326022958,-0.016994633273702986,0.01958041958041945,-0.001273885350318471,0.015172413793103301,0.015041020966271468,0.0059063136456212195,0.017553483269336256,0.0029069767441860517,0.012068965517241459,0.005798301925864502,0.0006912454418219749,-0.0025996533795493715,-0.006697626386502646
2012/07/26,0.02745542032267201,-0.05424684804246849,-0.08503749147920936,0.020417028670721038,0.016925892040256185,-0.0991810737033667,0.027434842249657088,0.0078125,0.02309782608695654,0.024696901661428017,0.022474185057703933,0.02156334231805923,0.029192546583850953,0.006388415672913039,0.02120650607370811,0.008832382256819704,-0.04908774978279751,-0.0017679631772409537
2012/07/27,0.023140495867768784,0.0335028942290827,-0.11696777798472713,0.02937420178799499,0.009896536212325557,0.022222222222222143,0.03371161548731627,0.021515582977376768,0.03497122620628601,0.03242769500438203,0.030099009900990126,0.0072559366754616494,0.004526252263126196,0.013965298349555733,0.016129032258064502,0.03521590966505639,0.04248515303791689,0.016086546127070566
2012/07/30,0.007808292945611139,-0.01985743380855398,-0.023412782113478192,-0.026261373035566526,0.0011135857461026522,-0.02667984189723316,0.0048433968356473844,-0.0023230602446955295,-0.0047048759623610215,-0.003395585738539819,-0.02095347943098813,0.014538310412573585,-0.002703514568939691,0.004173622704507496,0.00436507936507935,-0.004189287382219353,-0.015775635407537236,-0.006671445975328884
2012/07/31,0.013091103393000347,-0.01558441558441559,-0.062203023758099274,-0.009980887661924065,0.0042269187986652135,0.0020304568527917954,-0.011568123393316143,0.010555728034771672,-0.010743446497636477,-0.012350936967632009,-0.005890437855880615,-0.006971340046475483,-0.013253012048192736,0.0,-0.008692216515211348,0.0010595919825964195,-0.0186999109528051,-0.008527879542339023
2012/08/01,-0.007383966244725815,-0.041336851363236615,-0.03823122984799643,-0.013728013728013688,0.001550731058927779,-0.00911854103343468,-0.006501950585175664,0.030721966205837115,-0.0004344048653344146,-0.0004312203536007697,-0.02626901046810204,0.018460738429537216,-0.006512006512006563,-0.0174563591022443,-0.012156237544838522,-0.00045812599924732744,0.05989110707803991,-0.004081963227977342
2012/08/02,-0.002656748140276388,-0.011559633027522942,-0.04022988505747127,0.02283601565898219,-0.013050210130502227,-0.010224948875255602,-0.026505235602094168,0.01698956780923999,0.005649717514124353,0.00560828300258831,0.01926977687626774,-0.0005105948429922069,0.0032773453502661365,-0.004230118443316444,-0.003631228565664668,-0.006211655279314554,-0.02654109589041098,-0.004218861626079573
2012/08/03,0.0010655301012252316,0.0007425283088917656,0.05239520958083843,0.03295768658303211,-0.0035858359480053226,0.13326446280991755,0.023193277310924465,0.014361078546307304,0.014261019878997416,0.012870012870012992,0.0409950248756219,0.020817369093231397,0.016129032258064724,-0.055225148683092695,0.031585341162178704,0.020007984095427478,0.05277044854881274,0.024035589493669775
2012/08/06,0.0007982969664714901,0.05342237061769617,0.039355144618302695,0.019349526554137686,0.005173189383715693,-0.07839562443026449,0.001971090670170872,0.009534816527015266,0.005538985939497421,0.005506141465480674,0.014911106862932622,-0.029275616164143647,-0.0024110910186860846,0.026978417266187105,-0.0035328753680078373,0.0023232812335836073,0.019214703425229684,0.0053212861499599366
2012/08/07,-0.004520074448285061,0.01954569466455358,-0.054744525547445355,0.020395799676898196,-0.00492280152159319,0.03165182987141457,0.005573770491803298,-0.01116199198626222,0.011016949152542255,0.010109519797809607,0.014692032397815025,-0.011728315504575315,0.003222557905337542,0.008756567425569184,0.00551506795351564,-0.003546918211210892,0.04836065573770498,0.005189165756211285
2012/08/08,-0.00026709401709401615,-0.0017271157167529916,0.0,0.0015832178903620875,-0.006521250281088409,-0.006711409395973145,-0.0022823606129768192,-0.0011577424023154759,-0.005867560771165126,-0.003753127606338613,0.001856320772229525,-0.008737610850286903,0.013651877133105783,0.011284722222222321,0.007835455435847294,0.002638398933349828,0.011727912431587217,0.0007972137155713269
2012/08/09,-0.005343307507347128,0.0019031141868512957,0.013996138996139162,0.0019758940920766577,0.00362154821186067,0.04054054054054057,0.012745098039215641,0.0011590843233844073,-0.002107925801011712,-0.0029300962745918424,-0.0011117287381878782,-0.006578081831338012,-0.010497128144187018,0.0,0.003498542274052552,0.00018684895401488433,0.01391035548686248,0.003821699812254984
2012/08/10,0.006983615363953977,0.03436366776031785,0.03793431699190841,0.013606783671859635,0.0058637798827243515,-0.0037105751391465214,-0.0025814778960954188,0.0052098408104197524,-0.011829319814110728,-0.009235936188077165,0.012428120942311383,0.032048735266852146,-0.00620496397117698,-0.0008583690987123971,0.005810575246949501,-0.0005448431710077806,-0.0030487804878047697,0.006837362951245015
2012/08/13,-0.0026673779674579734,0.00016694490818025542,-0.009492364836978795,-0.0077821011673151474,-0.007399103139013374,-0.009310986964618184,0.003235198964736341,-0.005182839044054144,-0.005130397605814463,-0.006991525423728939,-0.008427995602784955,0.012575388168869273,0.004229607250755274,-0.010309278350515538,-0.005199306759098854,0.028052975077881515,-0.016055045871559703,-0.002687541668383377
2012/08/14,-0.0037443166622092017,0.030879652812552116,-0.05648148148148158,-0.02098039215686276,0.0013553196295459369,-0.001879699248120481,-0.012254111576910809,-0.005643994211288028,0.0012892135797164528,0.0019202048218476264,-0.018292682926829174,-0.00519579267519954,-0.003409546730846369,0.0008680555555555802,-0.00406504065040636,0.013105801228681546,-0.012432012432012307,-0.005585930772015726
2012/08/15,-0.00402684563758382,0.024287564766839465,0.04023552502453387,0.003605047065892153,-0.003158132190390295,0.009416195856873921,0.013712047012732764,-0.004802794353078177,0.0042918454935620964,0.0025553662691650825,0.0013175230566535578,0.016560509554140124,0.004024954719259455,0.007805724197744945,-0.00038872691933922177,-0.0016749768944596122,0.029897718332021928,0.008450502667915779
2012/08/16,0.0037735849056603765,0.016598166297818517,-0.06273584905660368,-0.0005986828976252134,-0.0015840687938447617,0.033582089552238736,-0.0016103059581320522,-0.00146241591108498,0.004700854700854906,0.005097706032285432,-0.003195488721804529,-0.016290726817042578,0.007215874924834553,0.0223752151462997,0.0036943418238382097,0.007984570452244766,0.05500381970970203,0.004267569728802319
2012/08/17,-0.001879699248120259,-0.009640802363551582,-0.0412682435832914,-0.007388178913737997,-0.0013599274705348163,0.017148014440433235,0.02548387096774185,-0.0035149384885764245,-0.01063377286261169,-0.00887573964497046,-0.005468602677729528,-0.008917197452229297,0.00417910447761205,0.01851851851851838,0.014916698953893803,0.006345965788339347,-0.002896451846488124,-0.000897140082664877
2012/08/20,-0.007532956685499137,0.008635578583765069,0.05044619422572172,-0.00905250452625228,-0.008170676350431227,0.007985803016858917,-0.00943692985215483,-0.003527336860670305,-0.008598452278590019,-0.007675906183368886,-0.006446719757300046,0.0010282776349614942,-0.00019817677368205722,-0.009917355371900749,-0.002099637335369331,-0.0023629234373552244,-0.015250544662309351,-0.0013043686243280144
2012/08/21,-0.008132285172133269,0.021170610211706187,-0.04257658287941635,0.0062931384490458875,-0.01853546910755155,0.007042253521126751,-0.01302000635122258,0.004129793510324609,0.01170858629661753,0.011602922217447409,0.006870229007633677,-0.007704160246533087,-0.016055500495540165,-0.006677796327211993,-0.009372609028309165,-0.008926148234779552,0.0,-0.0036578249781644505
2012/08/22,-0.0008198961464881416,-0.0030487804878046587,0.01461454146876151,-0.004034698406294224,-0.0062951737001633035,-0.03321678321678312,0.014478764478764505,-0.002056404230317277,0.00857265323617673,0.005947323704333041,0.0013267626990143278,-0.0021997929606625277,0.00040290088638195165,-0.008403361344537785,-0.0038617493724656393,0.011456109521051472,-0.008849557522124019,-0.0009404200819504209
2012/08/23,0.0,-0.02064220183486254,5.144297546166854e-05,-0.010330160016204126,-0.008681370248709519,-0.018083182640144746,0.014747859181731604,-0.0007359434795407571,-0.009349766255843717,-0.008868243243243312,-0.005678591709255998,-0.009466995201660056,-0.00986709625453075,-0.006355932203389925,-0.013568521031207648,-0.000561150662470089,-0.014136904761904767,-0.00714863278739851
2012/08/24,0.010667396061269097,-0.013895394223263136,-0.0015946502057614387,0.02537863282848951,0.021775147928994043,-0.004604051565377465,0.008595092983278763,0.00014729709824723436,0.0,0.0004260758414997845,0.015229392727964974,0.01767478397486255,0.007931665649786535,0.002132196162046851,0.009235606209471392,0.00270391552458471,0.006037735849056647,0.00634357899089118
2012/08/27,-0.0021650879566983416,-0.012191260291323558,-0.013344324797774254,0.010578842315369208,-0.009497336113041599,-0.0046253469010176795,-0.007747133560582542,0.0005891016200292309,0.0030030030030030463,0.00596252129471897,0.006562910181886483,-0.006303872378747077,0.0014124293785311437,-0.0034042553191488967,-0.0031152647975076775,-0.01386621575821878,-0.030007501875468856,-0.004597575997411246
2012/08/28,-0.006238133984268979,0.00897579740343013,0.00992167101827679,-0.0049377839225756,-0.0021047708138446364,-0.010223048327137496,-0.00593379138038741,-0.0005887547836325169,-0.004277159965782595,-0.004657070279424191,-0.0024217585692996035,-0.006214396685654933,0.0,0.0034158838599487318,-0.001953125,0.01199908902897806,-0.007733952049497228,-0.0013512532029924399
2012/08/29,0.004912663755458402,0.007783955520254127,-0.012409513960703111,0.004763795156808248,0.009842981017108121,0.004694835680751019,0.0,0.0,0.004725085910652904,0.004253509145044632,0.005788982259570474,-0.003908285565398795,0.008261132379609126,0.0034042553191488967,0.004305283757338518,0.01588779623477299,0.001558846453624252,0.0037567837096494
2012/08/30,-0.003530689842476953,-0.046658259773013855,-0.0006020942408377916,0.008297115764519969,-0.007426317010907457,-0.0065420560747662115,0.0003141690229344629,-0.009425625920471248,-0.011115861479264688,-0.010165184243964398,0.005941329372447068,0.00706251634841748,-0.012390087929656235,-0.010178117048346036,-0.010132501948558081,-0.009200476603530516,0.011673151750972721,-0.006122293520970692
2012/08/31,-0.0013627691469064729,-0.012566137566137559,-0.053985383869869286,0.015086206896551824,0.003974748655599658,0.0009407337723423836,0.004711055276381826,-0.0029735355337496827,0.01124081279723299,0.007702182284980763,0.01218161683277974,0.010389610389610393,0.0010117361392147917,0.007712082262210762,0.011220472440944818,0.005002405894296125,0.02538461538461534,0.002686497230005789
2012/09/04,0.004639737991266379,-0.06346282652377766,-0.01821907187949945,0.005018336228527209,0.017699115044247815,0.006578947368421018,-0.03032197561738037,-0.00014912019087387485,0.005985463873450225,0.005520169851380041,0.008023340627279385,-0.009254498714652892,0.0038407115423488847,-0.006802721088435382,0.0050613198364806156,-0.005911704772582849,-0.022505626406601698,-0.005544729578258976
2012/09/05,0.0032599837000815146,-0.017343107455748186,0.048000451238084496,-0.0063376224313423934,0.0022883295194506825,0.0037348272642390157,0.04287556415215987,0.005518269947800247,0.009349766255843495,0.008445945945945832,-0.0005426917510854556,0.014011416709911684,0.022754732178815962,0.011986301369863117,0.0007747433662599335,-0.0004698843084073312,0.008442056792018482,0.009220534264346528
2012/09/06,0.01380991064175463,0.03074963609898096,0.020452099031216475,0.010050251256281229,0.007990867579908745,0.024186046511627923,0.007418856259659989,0.02788490062296045,0.03136842105263171,0.03266331658291466,0.017013574660633468,0.014329580348004134,0.02106713920063008,0.034686971235194486,0.022643700406425493,0.027441607156023506,0.03729071537290718,0.022414564353985596
2012/09/07,-0.003739316239316226,0.00017652250661948088,0.001054852320675037,0.0040183696900115695,-0.009739524348810868,-0.0027247956403269047,-0.007364222154035094,-0.0054834054834054236,-0.0010206164523373085,0.0,0.004093255027584952,-0.014253279515640704,-0.0023139220979560005,-0.017170891251022113,0.004352763058289133,0.009651129263622327,0.03008070432868659,-0.0006107280580800914
2012/09/10,0.0032171581769437907,-0.013060360042357888,-0.008956796628029617,-0.005145797598627766,0.007776761207685334,0.009107468123861429,-0.002782071097372607,-0.008415554265815417,-0.013281569268492,-0.012570965125709654,-0.003367600141793825,-0.004478566858605371,-0.004252029377657451,-0.0033277870216305017,0.004710759374411122,-0.007618777664270215,-0.014245014245014231,-0.004511220144263228
2012/09/11,0.005344735435595771,0.022174535050071498,0.03296119085592775,-0.005363984674329525,0.004085338175215503,0.011732851985559734,0.009299442033478211,0.0029265437518291026,0.008490370677158854,0.010266940451745477,-0.0037346612128755785,0.01413881748071999,0.0007763975155279379,0.0008347245409014992,0.003938484621155203,-0.012243703005445306,-0.0021676300578034047,0.006085905507319571
2012/09/12,0.0026581605528974706,0.0008747375787263589,0.0772516726711272,0.010208012326656357,0.01469258589511746,0.03389830508474567,0.004299754299754266,0.009337613072658346,-0.008213552361396426,-0.004878048780487809,0.011245983577293783,0.016476552598225558,0.0027152831652443865,-0.006672226855713115,0.0001868111339435874,-0.0018925439546946254,0.01303403330919628,0.010307243136076161
2012/09/13,0.011399787910922665,0.013808774689739511,-0.010415173665854427,0.02993326978074351,0.015370906660726158,0.012942191544434989,0.01375840978593268,0.0190806591500432,0.008695652173912993,0.010212418300653558,0.026478375992939007,0.017830423940149442,0.01740812379110257,0.007556675062972307,0.008591707134852467,0.021943000231588794,0.01786990707648317,0.014262653503608388
2012/09/14,-0.023328964613368308,0.04344827586206912,0.06213489113117365,0.007774898185856971,-0.02303641948222901,-0.0076660988074956915,-0.002410263681036806,0.0014184397163119478,0.0127257799671594,0.007278608976950984,0.010318142734307756,0.011147862305525003,-0.004752851711026573,0.009166666666666545,-0.0011111111111111738,0.00515552957780141,0.018258426966292207,0.007442459569638084
2012/09/17,0.00912506709608163,-0.057832121612690024,-0.021818181818181848,0.00036737692872890193,0.0011228385358184045,0.0008583690987125081,-0.03205322044148784,-0.0067988668555238885,-0.0028374543980542732,-0.0036130068245684432,-0.002893617021276662,-0.02180760843227536,-0.00382043935052534,-0.01073492981007429,-0.0025954764553207665,0.00042271165064078353,-0.019999999999999907,-0.010288738806470377
2012/09/18,0.0015957446808509967,-0.016836197825324417,0.016263940520446107,0.00403966213734841,0.007402422611036297,-0.012864493996569526,-0.0009372071227740086,-0.006132344552196356,-0.005081300813008172,-0.0032232070910557242,-0.0011949470809149432,-0.01052761951944503,-0.0047938638542665,-0.01043405676126874,-0.0005576208178437181,0.011690540907928204,-0.014778325123152802,-0.0027275808058947015
2012/09/19,0.0026553372278279586,0.017481270067784438,0.0649291266575216,0.017373811265545047,0.008016032064128487,0.01476976542137276,-0.019699812382739212,0.01535370928397195,0.016547497446373738,0.014147130153597365,0.015894718851478418,0.006133433471022576,0.015414258188824803,0.002108814846056628,0.008554956295331761,0.012836177555987538,-0.0050000000000000044,0.012206836847887403
2012/09/20,0.004766949152542388,0.029803646563814956,-0.030055817947617025,-0.00017975912277556905,0.004859730505853754,-0.0059931506849315586,-0.01180223285486448,0.016116449971735447,0.00562700964630225,0.005181347150259086,0.0023553162853298115,-0.0012440905697934657,-0.0007590132827325347,0.0016835016835017313,-0.018993177208187273,0.0008475326460481991,-0.03230437903804728,-0.0017700080649153862
2012/09/21,0.0036900369003689537,-0.016172965611167878,0.01195219123505975,0.0014383315354189463,0.0032974280061550676,-0.0025839793281653423,0.030019367333763647,0.007643907405243899,-0.0023980815347721673,-0.0055511498810467685,0.0053709298422288665,-0.010587942202291867,0.0015191796429929738,0.015126050420168013,0.010150375939849576,0.008066579118415351,-0.017804154302670683,0.0025397708540911964
2012/09/24,0.0044642857142858094,-0.024225644575185945,-0.09055118110236227,-0.009335727109515357,0.0008764241893075564,-0.012089810017271163,-0.01817612033845195,0.005659075224292653,-0.005809294871794823,-0.001993620414672881,-0.011018363939899745,-0.03852448696965882,0.0034129692832765013,-0.0016556291390728006,-0.0018608113137328353,0.02096760202410919,0.004909365558912304,-0.010291233399849093
2012/09/25,-0.004967320261437869,-0.045930129455577284,-0.024531024531024404,-0.012142080463936278,-0.0013134851138354442,-0.01660839160839156,-0.006064474944142972,-0.015783694757068423,-0.014708845456377295,-0.013583699560527407,-0.013335584064821049,-0.012177556632185449,-0.007180650037792891,-0.034411276948590475,-0.016032811334824704,-0.0002936160559394718,-0.04697482149567833,-0.01682585074836184
2012/09/26,0.0005254860746188861,0.024721189591078163,0.0167652859960552,0.0042194092827005925,-0.0006576063130204757,-0.016000000000000014,-0.02344251766217087,-0.020499233021893715,-0.0044989775051124115,-0.0052652895909276465,-0.0029084687767322315,-0.007290562036055159,-0.011419870574800206,0.003005581794761625,-0.020083364910951196,0.005739828837891592,-0.006309148264984188,-0.003729309239973062
2012/09/27,-0.002363445378151141,0.007618356611645005,-0.014548981571290032,0.019181585677749302,0.0037288879140160436,0.006323396567299078,0.018414995067411954,0.018935079726651427,0.012736236647493682,0.015879478827361515,0.020761839396019166,0.004272933635999454,0.012321909896033878,-0.02654109589041098,0.012374323279195742,0.004034693174562953,0.014285714285714235,0.007495053403958899
2012/09/28,-0.007633587786259555,-0.01998199819981994,0.06594488188976366,0.004481089801039673,-0.004152097902097807,-0.0017953321364453378,-0.0116241524055537,-0.0011177867821712262,-0.00588235294117645,-0.006412825651302634,0.0018490502605479353,-0.001994415636218494,-0.005705591479649996,-0.008355321020228623,-0.015278838808250539,-0.0026437541308658163,-0.007042253521126751,-0.0016085462617538588
2012/10/01,0.0013262599469494596,0.029573842762674385,0.015235457063711877,0.005174875089221986,0.005266622778143493,-0.0026978417266186883,-0.010454099967330932,-0.010211218352216944,0.0018363599265456276,0.00201694231544991,0.00587080536912743,-0.000666133759658849,-0.0040168324407039435,-0.014634146341463539,0.002327385570209506,0.009648813783962984,-0.026792750197005555,0.0005179024600587181
2012/10/02,0.0015894039735100396,0.007314897413024157,0.012733060482037262,-0.005680809515355989,0.001091464745688553,0.009918845807033394,0.01320567844173004,0.013001695873374741,0.0036659877800406804,0.0028180354267310914,-0.0021668092857536347,0.006532462338354916,-0.008258114077203782,0.0,0.005417956656346812,-0.006287956905354886,0.02429149797570851,0.004658076301759524
2012/10/03,0.00952129066384555,0.10839532412327313,-0.019757521329142436,0.006427423674343791,0.00915830789358929,0.009821428571428648,0.04040404040404044,0.009905133928571397,0.004870129870129913,0.007627458851866775,0.006018054162487463,0.016688741721854417,0.016072811773818696,0.010801080108010952,0.001347190146266275,0.007278841296170846,0.015810276679841806,0.01531705956119982
2012/10/04,0.00445375949698712,0.06535634387983391,0.005382501145213103,0.01259535213766183,0.021175453759723295,0.007073386383731117,0.010648293141246601,0.008426578256665263,0.011106623586429665,0.009960159362549792,0.0146227982718512,0.008077123501823769,0.003049361539927631,0.016473731077470966,0.00788006919085138,0.007278675409836399,0.014007782101167265,0.013386352484880607
2012/10/05,-0.012519561815336533,-0.0016499175041247982,-0.047271898849527316,0.003328661527680632,-0.004443504020313127,0.0070237050043897575,-0.0046482801363497694,0.0010958904109588108,0.006191332135011107,0.00512820512820511,0.0031116934163117893,-0.010984750581545577,0.006460193805814196,-0.010074463425317481,0.0009534706331046916,-0.0005207603739442179,-0.006139677666922472,-0.0038211566065826587
2012/10/08,-0.005282620179609121,0.10456730769230749,-0.024390243902439046,-0.013794307665444538,-0.0102019128586609,-0.0034873583260680574,0.0,-0.009031198686371034,-0.002381897578404235,0.0007849293563579884,-0.009632653061224516,-0.006533385600418162,-0.012082310741929447,0.0,0.00038102495713454587,-0.012779248022425693,0.0023166023166023564,-9.101601768190428e-05
2012/10/09,-0.013807753584705207,-0.10870375408052235,-0.008480392156862693,-0.014164305949008416,-0.009877603607472585,0.0034995625546807574,0.0009339975093400898,-0.02457884562275614,-0.020294468762435236,-0.019607843137254943,-0.015990768216287532,0.0006576351440219508,-0.015669787884578623,-0.018141592920354,-0.0013330794134450707,-0.01814367076914636,0.0019260400616332163,-0.016575095931479596
2012/10/10,-0.005923532579429125,-0.000428823664961997,-0.029020616008305744,0.0080818965517242,-0.0071567989590110015,-0.016564952048823134,0.0040435458786936,-0.0045300113250283935,-0.011372867587327473,-0.011200000000000099,0.0036857094990785377,-0.0013144058885382615,-0.0058241118229469535,-0.00045065344749894987,-0.013157894736842035,0.0006316036783882151,-0.00884275278738944,-0.005843803838130474
2012/10/11,-0.017876489707475685,0.00732824427480927,0.005600814663951015,0.0085515766969535,-0.012669287898645631,0.0026595744680852906,0.04399008674101612,-0.0008532423208189588,-0.005341002465078071,-0.005663430420712046,0.009347354364880767,0.0018425901553040802,-0.01698886936145283,0.009918845807033394,0.00521739130434784,0.009294052863436209,0.012412723041117069,0.0033394666003971375
2012/10/12,-0.01737451737451723,-0.0249545316762656,-0.011741772151898755,0.0017664723547077266,-0.012831858407079788,-0.004420866489832087,-0.009198813056379929,0.018502704241389,-0.0041305245766213305,0.0,0.0044650239788326385,0.0001313715186546105,0.004966229638458497,-0.0035714285714284477,-0.005574778931180413,-0.008955634453495342,0.02758620689655178,-0.0026668657094179216
2012/10/15,-0.011787819253438192,0.006629516503843247,9.734554080575997e-05,0.013401516487391962,-0.0026893769610040197,0.01687388987566596,0.034141958670260486,0.01816657350475115,0.010369141435089269,0.008950366151342593,0.013006256173855757,0.007881255746749138,0.003953350464518612,0.013440860215053752,0.014111734003479759,-0.0050621282309500915,0.020879940343027537,0.009550845921790745
2012/10/16,0.005396194262993426,0.019919703520691723,-0.002049180327868827,0.004524099530189618,-0.009438202247191052,-0.010480349344978102,-0.007819287576020906,0.006587976942080687,0.016830870279146204,0.014919354838709653,0.005525759791971341,-0.0010426169685910924,0.008860011813349056,-0.006189213085764811,-0.032977506671750034,0.005020419040201007,0.02118334550766998,0.002280669370872816
2012/10/17,0.009039548022598876,0.037395912187736524,0.02053388090349073,-0.011259310583751958,0.014519056261343088,-0.028243601059135037,-0.004086398131932345,0.012271611671666127,0.017359709325797335,0.018673023440603842,-0.010182641021496575,0.013568166992824482,0.020491803278688492,0.005782918149466187,-0.016952493593534346,0.014489028944689286,-0.007868383404864177,0.006207754787305325
2012/10/18,0.008398656215005795,-0.016929363689433652,-0.045523138832997856,0.006306937631394449,0.023703041144901738,0.008174386920980936,0.04747948417350534,0.004579741379310498,0.008730158730158921,0.007800312012480548,0.008654474199869311,0.010554768953533467,0.0024861350162554974,-0.0004422821760282636,-0.004411469821535952,-0.08006722895163709,-0.002883922134102268,-0.0007876064251963874
2012/10/19,-0.019433647973348234,-0.03533254156769594,0.0013175230566533358,-0.02228412256267409,-0.013543031891655843,-0.018018018018017945,-0.007554560716284353,-0.00911772593188509,-0.02006294256490959,-0.018575851393188847,-0.021531487777238234,0.0003821169277800074,-0.009919877909195018,-0.010619469026548756,-0.014904330312185299,-0.019007223021582753,-0.05422993492407813,-0.017202066212120868
2012/10/22,-0.001698754246885703,0.04462911665127711,0.016894736842105296,0.008012820512820484,-0.008635961027457784,-0.0009174311926605228,0.03270369326191158,0.0021650879566981196,-0.0072260136491368865,-0.0067034700315457,0.005129053606882872,-0.004710975299210607,-0.002119460500963344,-0.003577817531305816,0.0,-0.004576189283391985,-0.002293577981651307,0.003945579887499166
2012/10/23,-0.007373794668179223,0.005008839127872866,0.009264530821385897,-0.015898251192368762,-0.015635470180924815,-0.0009182736455463081,-0.017199017199017286,-0.016203078584931196,-0.025475131419328667,-0.024215958713775465,-0.020576131687242816,-0.025329410259690488,-0.01988800926819856,-0.0053859964093357915,-0.013903087303209993,0.0024754299578713113,-0.0214559386973181,-0.01251227937187867
2012/10/24,-0.00828571428571423,-0.11876722368806802,0.19127692307692312,-0.013640280021540163,0.003630587701384025,-0.005514705882353033,-0.014444444444444482,-0.00027449903925336194,0.013692946058091238,0.011842961757526416,-0.007563025210084118,-0.001312508203176188,-0.0021670606776990065,0.0,-0.002902757619738572,-0.004479738501645847,-0.02740798747063422,0.0008049102087984444
2012/10/25,-0.006050129645635338,0.0231595686461723,-0.028837833998424545,-0.006371234993202912,0.00045218177707440077,-0.024953789279112737,0.00817361894024815,-0.0016474464579901982,-0.013917314776913603,-0.011704347616309674,-0.0049110922946655755,0.00131423314495982,-0.007699901283316879,-0.0018050541516244634,0.002703264711998221,0.0006759464338952359,-0.016908212560386437,-0.005195737847249073
2012/10/26,0.003768115942029082,0.13119817915786047,-0.027371453900709164,-0.015567765567765623,0.010847457627118473,-0.02464454976303332,-0.006150405367626677,0.03300330033003318,-0.012453300124533051,-0.015052888527257835,-0.009700476514635792,0.004987531172069737,-0.0035813768404298063,-0.024412296564195413,-0.0022812111157196613,-0.0038509058685830544,-0.024570024570024662,0.000833407617917464
2012/10/31,-0.0011550678602367803,0.13882437482035082,-0.03794007063917049,0.019162790697674348,-0.002012072434607548,-0.01846452866861026,0.0022503516174403604,-0.0009318423855165792,0.005884825556956796,0.006195786864931829,0.014263619178553011,0.01097035392451362,-0.019169329073482455,0.008804448563484835,-0.004157139887757233,0.007624364730078659,0.03694374475230888,0.009829094691583048
2012/11/01,0.014455044810638862,-0.01955340398841998,0.004737091425864648,0.02957283680175249,0.01120071684587809,0.015841584158415856,0.010384507437552593,0.0006662225183211579,0.013790221479314635,0.013136288998357948,0.037953236191121675,0.004392197390518104,0.013436482084690615,0.031694993109784075,0.02629931120851614,0.010719455562985036,0.05263157894736836,0.0159622567636859
2012/11/02,-0.004559703619264832,-0.010168618869867307,-0.0014144271570014633,-0.021985815602836967,-0.013735046521931693,-0.033138401559454134,-0.01694444444444443,0.001597869507323546,-0.015251442704039664,-0.017017828200972418,-0.022526934378060637,-0.034083601286173715,0.0016070711128968185,-0.006268922528940402,-0.020134228187919545,0.0004770284409152392,-0.0010846153846153506,-0.012625415375552174
2012/11/05,-0.0028628685943316023,0.017425227568270252,0.003305004721435356,-0.010514865844815091,-0.007187780772686447,0.014112903225806495,-0.01582367900536885,-0.0047859611805370905,0.0012557555462537895,0.004122011541632276,-0.007181028724114857,-0.028817576564580505,0.00922583233052543,0.008100648768773144,0.0016604400166042588,-0.007207268575297743,0.016487112945579252,-0.0005109466233442315
2012/11/06,-0.0008613264427218548,-0.02390081799590993,-0.003708235294117679,-0.027299377061194452,0.002262443438913797,0.011928429423459175,0.033591731266150004,-0.006946299759551078,0.015050167224080147,0.009441707717569914,-0.033473507148864656,-0.018040523309540646,0.0029809220985690388,0.008000000000000007,0.008288437629506706,-0.0018156992557192275,0.042424242424242475,0.0010542526444042202
2012/11/07,-0.0333850574712643,0.017153332460390303,-0.03312046553808945,-0.01262007911094376,-0.025056433408577883,-0.016699410609037346,-0.0247222222222222,-0.015873015873015928,0.016062602965403627,0.015860105734038177,-0.011660285415941551,-0.03001954761239889,-0.007727362789776149,-0.01851851851851849,-0.008631319358816114,-0.021416374233543367,-0.023190406976744238,-0.013739085763473975
2012/11/08,-0.013026856371624929,-0.022013388259526367,-0.02344894968246214,-0.014498283098054232,-0.013429034498726566,-0.016983016983016963,0.010253489034462993,-0.010388190267905828,-0.012565869477097813,-0.009207365892714203,-0.02077830603979569,-0.017417590326759713,-0.0007987220447284171,-0.011680143755615546,-0.02674129353233834,-0.022229913658712075,-0.03949884308342444,-0.015556016349296486
2012/11/09,0.010240963855421503,0.025404765038831156,-0.039019509754877335,0.017228029423151492,0.0007040600797934005,0.012195121951219523,0.010995207217366909,-0.0022099447513813653,0.0024630541871921707,-0.00040404040404051766,0.01510519690703127,0.006738939349545836,-0.05955235811350912,-0.030909090909090886,0.0012779552715653786,0.01646514637554297,-0.0015491866769945517,-0.000872099467837186
2012/11/12,0.009838998211091132,0.0037227214377406614,0.04476834981780309,-0.01236917221693623,-0.0018761726078798668,-0.002008032128514192,-0.003346346904629094,0.001245847176079673,-0.005323505323505451,-0.0028294260307193397,-0.006731620903454472,0.004074505238649717,0.008287292817679592,0.010318949343339545,0.00021272069772404478,0.004328597303503878,0.010085337470907563,0.003670531964640015
2012/11/13,0.002361972246826216,0.018136590356823135,-0.010463378176382654,0.016184971098266,-0.00046992481203012026,-0.01810865191146882,-0.015948517067711276,-0.0014820959491219643,-0.006175380815150233,-0.005269558167815269,0.012484394506866447,-0.0008695652173913437,0.010748155953635319,-0.004623955431754867,-0.00786899191833268,-0.01028202401916134,-0.003072196620583667,-0.0014540091732051248
2012/11/14,-0.005007363770250461,0.002169377236738601,0.1258811681772407,-0.027682973075464523,-0.00705218617771497,-0.02254098360655743,-0.03127665624111464,-0.019700150091107038,-0.025062137531068784,-0.023227383863080653,-0.027479302448476295,-0.02088772845953002,-0.016472060050041648,-0.003283520829835185,-0.013719185423365476,-0.009867533914787341,-0.017719568567026278,-0.008407540507967144
2012/11/15,-0.010657193605683846,0.02130337123718995,-0.008497316636851382,0.0031201248049921304,-0.01278409090909094,-0.009433962264150941,0.0164367478720282,-0.007344632768361503,-0.017565328234544264,-0.016687526074259385,0.0012678862524904133,0.015407407407407536,0.006359974560101733,-0.01169864295741696,-0.00847641816996303,-0.008106627968839986,0.02352941176470602,-0.0014015773935438971
2012/11/16,-0.00837821663674454,-0.007123185453188685,0.0627289129454216,-0.0015552099533436836,-0.007194244604316613,0.014814814814814836,0.026566560785445947,0.008821855435401371,0.007283232994256483,0.007212558336868735,-0.0018089725036180004,0.01065071491100067,-0.0010532968190435366,0.04649621212121202,0.0067952652345462106,-0.0001236288334880431,0.0,0.009654904280895575
2012/11/19,0.0205190102595052,0.0056946847960444025,-0.02719358932459559,0.032904984423675954,0.034057971014492816,0.033368091762252305,-0.01490857946554136,0.015796897038081736,0.029197080291970767,0.029907329401853477,0.030627038782167437,-0.009094846253789424,0.0103331927456769,0.01709347570355635,0.019377313302852084,0.03249487055370759,0.05057471264367819,0.018279390451505225
2012/11/20,-0.004139562389118834,0.012773980558181242,0.007853403141361293,0.009236569274269524,0.00023359028264424708,-0.0010090817356205317,-0.004854368932038833,0.015273535129130877,0.0016687526074261605,0.0004089979550103706,0.011253736592227837,0.024329836829836804,0.011062408682947167,8.896876306785373e-06,-0.004698846646732147,0.002633827610067918,0.01094091903719896,0.005469211463123461
2012/11/21,0.005047505938242436,0.007281553398058138,0.05281385281385287,-0.0011206574523721091,0.00794021485287244,0.007070707070707005,0.00688665710186509,-0.001914660831509818,-0.00791336942940446,-0.006541291905151292,-0.0022604764388801657,-0.006258000284454557,0.0049545829892652105,0.009786476868327343,-0.006866952789699621,-0.006119632496363936,0.00793650793650813,0.004160177490697806
2012/11/23,0.015066469719350106,-0.00060240963855418,-0.013240131578947323,0.013275991024682243,0.013901760889712733,0.035105315947843385,0.01880877742946696,0.011510002740476644,0.02015113350125941,0.021604938271604812,0.01429069362147084,0.0018605982538999477,0.011914543960558799,-0.009691629955947079,0.02549697493517722,0.0031537236998213647,0.02863278453829632,0.01242585513883366
2012/11/26,-0.011350407450523847,-0.010729355033152532,0.08092341028419026,-0.001107215353386093,-0.010511882998171851,-0.008720930232558155,-0.012587412587412694,-0.007586020048767073,-0.006995884773662642,-0.004833836858006091,-0.005498281786941561,0.0040000000000000036,-0.004669102720259777,0.008896797153024938,0.0006321112515803584,-0.010209964977916486,0.01565762004175375,0.0009005672888112062
2012/11/27,-0.010303208713570822,0.012429929320009636,0.00809560524286801,-0.001477923517458124,-0.007390300230946889,0.003910068426197455,-0.0257790368271954,-0.009282009282009396,-0.008288437629506817,-0.007893139040679897,-0.0031098825155494447,0.00014228799089366362,-0.008770140730165243,-0.0008818342151675207,0.006527690040008416,0.014459653196410516,0.00959232613908867,-0.0016481383733395994
2012/11/28,0.0,-0.010231102551757298,0.008030592734225683,0.018686401480111137,0.013494648673801901,0.022395326192794496,0.006978772899098651,0.010195646183521534,0.018386961972419513,0.017951856385148846,0.022010398613518056,0.0,0.012345679012345734,0.01853486319505726,0.0158995815899583,0.019322746960005244,0.020020359687818123,0.012589572531062776
2012/11/29,0.009220701963117195,-0.01033686002675438,0.036418816388467334,0.013258263712313756,0.010330578512396604,0.020952380952381056,0.033208200981807545,0.0054555373704310295,0.014156750102584992,0.013226452905811703,0.010005087332542129,0.014511310285958201,0.010569105691056846,-0.006932409012131546,0.01214991762767692,0.012023388828627413,0.0,0.011659836683310987
2012/11/30,0.005894488653109375,0.004055050380928904,0.02489019033674955,0.008782936010037767,0.002499431947284636,0.009328358208955168,0.03521520402459477,0.009088442756375548,-0.003034594375885047,-0.002373417721519111,0.014271323035594197,-0.0064507081755715845,-0.0012067578439259874,-0.00043630017452012115,0.01200406917599195,0.009365636020673307,-0.014637391882900808,0.006309174139763089
2012/12/03,0.00029299736302368373,-0.06988128748011257,-0.034285714285714364,-0.007640369580668049,-0.00045330915684482775,-0.01848428835489846,-0.012419006479481687,-0.0030918134157817967,-0.004464285714285698,-0.003172085646312328,-0.00761463333885104,-0.0056457304163725075,-0.007450664518727335,-0.012658227848101222,-0.006433453960595137,-0.004467545856780775,-0.018906144496961597,-0.012751503716909748
2012/12/04,-0.006444053895723445,0.1401197368421052,0.015532544378698221,0.004476275738585445,-0.009750566893424018,0.00847457627118664,0.016949152542373058,0.003236245954692629,-0.0010191602119854482,-0.0007955449482895949,0.009341117597998272,0.0,0.000202880908906522,-0.0030946065428824054,0.005058680696074402,-0.006069715929521768,-0.00619408121128695,0.010001381252794516
2012/12/05,-0.00029481132075481753,-0.037843439804914336,0.009104151493080748,0.01675579322638132,0.009846576597206225,0.017740429505135324,-0.028763440860215095,-0.008602150537634468,-0.010406039583758409,-0.0071656050955414274,0.02032721864154685,-0.010078069552874491,0.005882352941176672,-0.003991130820399147,0.0020132876988121495,-0.004645268455265694,0.013157894736842257,-0.000997779481833902
2012/12/06,-0.007667354762606826,0.033585222502098944,-0.026705160591844135,0.007713884992987419,0.007936507936507908,-0.008256880733944927,0.03321339606974805,0.007079718004338265,0.014432989690721598,0.012830793905372895,0.0016196954972464983,-0.0020074562661313022,-0.010687638636821983,0.011576135351736294,-0.0026120152702431287,0.004812290936403896,0.01298701298701288,0.005285361271328373
2012/12/07,0.002526002971768193,-0.0022049437159104013,0.019095291064145314,-0.010786360473208023,-0.0008998875140608931,-0.0027752081406106077,0.009375837128315023,-0.002991295357434254,0.010772357723577208,0.010688836104512989,-0.012128072445019455,0.011925287356322034,0.003668976763147258,-0.0017605633802816323,0.003626107977437565,-0.01001255914227428,0.0010121457489880026,0.0017136442746714141
2012/12/10,-0.00014821402104647774,-0.013724121888811447,0.012916136074222262,-0.014245515300738698,-0.008556631389326608,-0.006493506493506329,-0.014065817409766534,0.005941128814474617,-0.00020108586366374137,0.0019584802193497453,-0.009330495989523624,-0.00951299162288799,0.0012185215272135785,0.007936507936507908,-0.008229626655961497,0.001768404385542377,-0.0010111223458039165,-0.0031635264719839045
2012/12/11,0.012451823302698006,0.015137971698113262,0.005028735632183867,0.02194469223907225,0.009311832841244483,0.02894491129785237,-0.003499327052489787,0.00402684563758382,0.0028157683024940816,0.001954652071931129,0.016358228684732135,-0.0024369266055046523,0.0036511156186611604,0.013123359580052618,0.0032382108884840832,0.016719705194470746,0.022267206477732726,0.010061106224077195
2012/12/12,0.009956076134699954,0.05396840516845813,-0.014292351679771276,0.0008729050279328021,0.007875787578757842,-0.011796733212341093,-0.009454349000540319,0.0005347593582889498,-0.005615724027276392,-0.003901677721420138,-0.00032515038205160884,0.00028739761459983804,0.003233629749393785,-0.006908462867012077,-0.0012104095218883337,0.000975777752267204,0.011881188118811892,0.00212241577005348
2012/12/13,-0.004928964917367384,0.020175356416600954,0.023926671766962393,-0.02180359323216463,-0.00602813127930335,-0.009182736455463858,-0.012544314153258851,-0.012827365045430361,-0.005244050020169366,-0.007833920877399203,-0.020003252561392126,-0.007613848584973493,-0.010676873489121719,-0.0008695652173912327,-0.005453443748737574,0.007368556109868196,-0.005218525766470972,-0.004632823591483093
2012/12/14,-0.009032634032634101,0.00799481417458936,-0.05056657223796024,0.0044579172610557105,-0.00696316262354002,0.010194624652456019,0.0019497376415353873,-0.010828370330265291,-0.008925385239253791,-0.006316620607974555,0.009273149684699611,-0.005790387955992959,-0.008959478721238034,-0.006962576153176636,-0.0008123476848090894,-0.0010485413256214882,0.003278688524590123,-0.004650420292561176
2012/12/17,0.006468685680682151,0.015005359056806,-0.002312397433984814,0.0202378838984556,-0.002035738520696717,0.006422018348623881,-0.0015324994625226518,0.02723043240284606,0.02516786075229427,0.023043305522447266,0.022874505909356913,0.030576587070471728,0.012533388124100986,-0.024978089395267355,0.011585365853658436,0.026806006354749057,0.007843137254901933,0.01205504773040722
2012/12/18,0.0032135553607948175,0.009934530095036864,0.035887850467289706,0.02436053593179044,-0.005666364460562123,0.024612579762989917,-0.01200828157349898,0.013720527507659508,0.01736180403113141,0.015145631067961185,0.02250442051117174,0.04747103701610622,0.019074675324675328,-0.001348314606741674,0.01527024311834424,0.00040231414291502787,-0.03307392996108949,0.011580165513880832
2012/12/19,-0.012521840419336239,-0.017380657627288798,-0.01082641645615301,-0.006964498046543199,-0.011169364030088835,-0.002669039145907437,-0.005029337803855838,-0.001051248357424428,-0.010200078462141993,-0.008033664881407887,-0.012576638893255776,-0.0012139196115458217,-0.005575467941059342,-0.023456345634563447,0.0015832178903620875,-0.0013313825102775345,-0.03420523138832998,-0.00956599490110691
2012/12/20,0.007667354762607159,-0.005091590097735077,-0.0018241517694272957,0.0008552856654122643,0.009912402028584566,0.018733273862622468,0.031451839370963075,0.0021047092870298822,0.007530717399920839,0.005399151561897408,0.010826301544340167,-0.01134368669817698,0.019821786143372266,-0.006396667096797981,0.003359019956530318,0.0031245226857636865,-0.03194444444444455,0.0037756367154389535
2012/12/21,-0.014632718759145402,-0.02310160427807484,-0.04020467836257302,-0.0037600410186292565,-0.005478201323898646,-0.023642732049036774,-0.032126327252926745,-0.02257810448936748,-0.018489378442171578,-0.018028385116992673,-0.005355174043156441,0.003005053954378001,-0.018258429723993275,-0.012059369202226278,-0.01122489168964158,-0.009316670487245604,-0.0035868005738880493,-0.01522579134462292
2012/12/24,0.0020790020790020236,-0.012152397635209145,0.025514089870525503,-0.00034311202607639757,-0.0006885471654808351,-0.012556053811659251,-0.011533052039381042,0.0034918076819769883,0.008016032064128265,0.004296874999999867,0.0009501187648457421,0.0,-0.0023999999999999577,0.0028169014084507005,-0.004182433778131878,-0.008565879015692501,0.015838732901367836,0.0006224755469803481
2012/12/26,0.0011855364552459946,0.004654771140419012,-0.015595989602673499,-0.004461987300497738,-0.002067064768029314,-0.009990917347865502,-0.00569151963574277,-0.0016059957173447659,-0.009542743538767384,-0.007390120575651582,-0.0042714760322734024,-0.002587498297698665,-0.000601443464314344,-0.000936329588014928,-0.015800000000000036,-0.00088794926004232,0.003543586109142405,-0.004238067142594637
2012/12/27,-0.00355239786856143,-0.001654715940430318,-0.01735194266314599,-0.008791587657300481,0.0006904487917145374,-0.006422018348623881,0.02489982827704651,-0.008310991957104386,-0.0008028904054596664,-0.0013714733542319335,-0.008897362567524603,0.005871108683779491,-0.006419257773319975,-0.007497656982193068,0.004064214590530302,-0.0036396236263348536,-0.009887005649717562,-0.0028866661441692533
2012/12/28,-0.010101010101009944,-0.012928176795580115,-0.005328214971209166,-0.006608695652173924,-0.013339466421343094,-0.004616805170821858,-0.010611561016475868,-0.012165450121654597,-0.011249497790277285,-0.00804394742005099,-0.00785508175697347,-0.0012216641780915527,-0.007672117908338438,-0.0028328611898016387,-0.0050597045132564356,-0.008891489583357837,-0.007132667617688937,-0.007979906600476774
2012/12/31,0.01170468187274909,0.03649389902608302,0.027343388187347495,0.024159663865546355,0.008624708624708655,0.02226345083487935,0.02737792830934227,0.02244116037219479,0.03657049979683058,0.03797468354430378,0.02569074163839069,0.03615112802391951,0.013021363173957301,0.005681818181818121,0.016273393002441017,0.010528406586642891,0.0431034482758621,0.023847315489236295
