tickers,HON,FAST,ETN,WM,GE,HII,KSU,XYL,CAT,DE,BA,LMT,EMR,MMM,TXT,CTAS,NOC,DOV,ALK,FLS,MAS,CMI,PH,JCI,JBHT,SWK,AVY,ADP,UNP,RHI,EFX,GWW,ITW,LUV,SNA,PCAR,FDX,PAYX,PNR,CSX,NSC,AOS,ROP,SRCL,ROK,AME,CHRW,URI,PWR,RSG,UPS,EXPD,FLR,GPN,AYI,UAL,TDG,DAL,VRSK
HON,1.0,0.1751479823748103,0.0,0.08225750167506425,0.4201646409690381,0.44015059089170694,0.5627724618976896,0.2545390321831772,0.09181542339758444,0.488469396642204,0.17342621523828727,0.5566278025869184,0.43962479738435317,0.4586946427526945,0.23763013527936266,0.5738192954448377,0.4173261536449178,0.44048770691897476,0.1734515101074027,0.6212054413729614,0.43407884151246984,0.22966587967065696,0.3144943661484885,0.004600289766753527,0.16813562972876644,0.39713763627344106,0.567351010719798,0.36563465669905415,0.34730179507556524,0.09466027406231174,0.32152107625168597,0.29972188983433307,0.6481270448152726,0.10025820154516675,0.5093605694958899,0.47154762737293365,0.2000257429246581,0.300910881403792,0.0,-0.2732117754875609,-0.31384094018148295,0.4234481033212744,0.4630797802845693,0.28035191778486923,0.3434067583375248,-0.0673604343777636,0.12551669691779657,0.4134648249972409,0.3313916081357417,0.33182615450507974,-0.1548831332229335,-0.04577918091772819,0.44664228984205556,0.18077968904298758,0.5372357528596987,-0.06162113472876104,0.25389939324831146,0.03304828278480118,0.12031018783128097
FAST,0.1751479823748103,1.0,0.0,0.46273429323240545,-0.18939417142479606,-0.19224213789072198,-0.07554934093943831,0.49107071309657174,0.5727465748708706,0.2150527273377364,0.3066977681543322,0.010385184237893178,0.39601797527461413,-0.05133070868019234,0.3572612294130208,-0.03960046172748493,-0.14228753365544286,0.41271423603787777,0.1901638292216604,-0.07120126243982627,-0.24778051574530097,0.520381926609541,0.46831291598340885,0.48025596724853314,-0.2995080544033954,0.566073529898566,-0.04499984252361172,-0.07337945318184502,-0.26254541266986053,0.3408725944122708,-0.3299406720186666,0.5212080451073159,-0.04520973011255572,-0.22248079862276846,-0.23835246455097905,0.4690353700173878,0.3128899545422409,-0.1302040009048098,0.0,0.06488681942509811,0.08047713977537656,-0.3057904388535859,-0.2414569112970886,-0.2878546743963319,0.4462807260676703,0.233058409570273,0.45381907049159986,0.317219426756746,-0.3919254178493722,0.5189391457672295,0.31844860719251983,0.4701096607692124,0.5914483250961773,0.5903922950101967,0.027069168115322156,-3.216468519110003e-05,-0.2944258786126903,-0.023568449388354146,-0.3009552759316522
ETN,0.0,0.0,1.0,0.0,0.0,0.0,0.0,0.0,0.0,0.0,0.0,0.0,0.0,0.0,0.0,0.0,0.0,0.0,0.0,0.0,0.0,0.0,0.0,0.0,0.0,0.0,0.0,0.0,0.0,0.0,0.0,0.0,0.0,0.0,0.0,0.0,0.0,0.0,0.0,0.0,0.0,0.0,0.0,0.0,0.0,0.0,0.0,0.0,0.0,0.0,0.0,0.0,0.0,0.0,0.0,0.0,0.0,0.0,0.0
WM,0.08225750167506425,0.4627342932324055,0.0,0.9999999999999999,-0.20631111420265805,-0.2170036379549653,-0.04552989130175319,0.40067633037259365,0.5286512606126974,0.07558648178732728,0.3846067862617776,-0.008978282003470192,0.4302938161459552,-0.03051617286375671,0.4451134474028493,-0.05402708163711026,-0.12644829015598807,0.2977279542461303,0.06185535915100077,-0.043851774793793145,-0.32281642633889207,0.5645294024950146,0.39264351566371647,0.3914905741290343,-0.24512463394889997,0.33045369870601077,0.013746701750938499,-0.06970829209187805,-0.15292801413105792,0.4082756535404746,-0.35417380020517414,0.4107912380522703,-0.07247568616444003,-0.06752493331872979,-0.21088377658752022,0.34464016184025353,0.27662799049950004,-0.07995492134561073,0.0,0.27091890435256394,0.28556729211037446,-0.2721072107728366,-0.2500323159714814,-0.18503330334818505,0.32682759101350534,0.15853251778242966,0.24329421369274973,0.25989165272007375,-0.31235110465741756,0.5624688554161141,0.46215508572578173,0.46923089779786425,0.4208445365441853,0.4024145370211312,0.05515069518813072,-0.01754499154289395,-0.29828530443310314,-0.02194544527181358,-0.16317926728878787
GE,0.4201646409690381,-0.18939417142479606,0.0,-0.20631111420265805,1.0,0.674362263401713,0.522110328654258,-0.1585517171218336,-0.28685924378043454,0.11992090796745455,-0.16713357421726516,0.6261651510164968,0.07119399004283689,0.7050776616805797,0.12755613761756826,0.7014364182478702,0.7292659589123244,-0.037855518326236744,-0.07677207446352906,0.5821311364673093,0.5860021563729733,-0.20590570154177693,-0.0393337317269036,-0.40168056831160975,0.26365187935766565,0.06182419659402266,0.3935535711533339,0.6466355309331085,0.6148008893453553,-0.25646974470146633,0.5546472494049018,0.1293323732297495,0.5544006031385162,0.1837398431905363,0.6512275452526298,0.01966749824872708,-0.03277475798857018,0.6128799161024994,0.0,-0.08103492734959389,-0.14461601848037012,0.6425598426705572,0.6301837842944277,0.5691528926064157,-0.13000522784420343,-0.3365417352269167,-0.3053724322320458,-0.02655467020833568,0.5552067609585533,0.0033491134340386517,-0.28012630911030967,-0.4307951787276631,0.08016998903136482,-0.21097377782029275,0.5012555241811051,-0.194870690138537,0.634347028651551,-0.1414343331064697,0.32082436939145664
HII,0.440150590891707,-0.19224213789072198,0.0,-0.2170036379549653,0.674362263401713,1.0,0.554807025956943,-0.1202562326373647,-0.32442605657851226,0.18257543243586627,-0.16157001547005115,0.6140165056856035,0.07168712503723979,0.5937746327190889,0.06973114806104382,0.6203279207711754,0.6730676667885928,-0.003441731916194954,-0.0004181476217331932,0.5909194211453873,0.638747670136068,-0.19838566753683415,-0.1097745385010932,-0.3729735040509197,0.39262167930935976,0.01505041085948582,0.41233630511067676,0.5476749900961329,0.5631733710038825,-0.22048790832226137,0.5969794055444553,0.06038877429286151,0.5400537360692549,0.20330232986429472,0.6287671998704574,0.025120618614469882,0.0071741088997100974,0.46253863938221285,0.0,-0.15096833894332742,-0.23128137302316143,0.6537484808105393,0.6134676182630655,0.5538956718816532,-0.13045366840755182,-0.2753341263104718,-0.22148245674599681,0.0914076246583487,0.5719388682636212,0.0069827684029748534,-0.20724155256914573,-0.35329881315556794,0.04171089022213819,-0.1867468912549999,0.45279868568709475,-0.04070141572248342,0.619396838320478,0.01700566176339974,0.4036871400534088
KSU,0.5627724618976896,-0.07554934093943833,0.0,-0.04552989130175318,0.522110328654258,0.554807025956943,1.0,-0.00424690106629186,-0.15427882733615317,0.2842309982891769,0.03489082853037236,0.6174915249734514,0.27764202556529566,0.5321735680637163,0.09063717880408118,0.6430686438346821,0.5978105488457367,0.16165383669981523,-0.016428755449697203,0.622495062353779,0.5355633235524248,-0.005785827936653126,0.06268987865187435,-0.18930954653762866,0.22889842871863864,0.14352298296367727,0.6339589552615412,0.5418229197004093,0.5517573893882227,-0.04973221307465003,0.45429409316696684,0.11548227482732853,0.6113683241319804,0.13297927919801963,0.5868415614929817,0.20820138890645568,-0.0031512776082636812,0.4318917805564368,0.0,-0.06780592823543087,-0.12280391635769389,0.526753999933029,0.5501502666182466,0.42482399657491493,0.09737671269349453,-0.25742670232040216,-0.07944060543077869,0.19504275863698625,0.49740276819513973,0.16014283650302347,-0.24627803077620952,-0.18449271624493674,0.17004452018461402,-0.09451985557006881,0.5511089681774349,-0.23251703350320158,0.41546002544731575,-0.14882674860128625,0.3177308959224784
XYL,0.2545390321831772,0.49107071309657174,0.0,0.40067633037259365,-0.1585517171218336,-0.1202562326373647,-0.00424690106629186,1.0,0.6164911057068542,0.290958925749952,0.3813509334044721,-0.004408264506294676,0.4550385844217143,-0.07200219767267083,0.2417706350494696,-0.0171917009801269,-0.18931621799907236,0.5961385242959062,0.21051959629883057,0.03490431317059457,-0.08147695591951706,0.6752142440896176,0.561862638187487,0.604524821062211,-0.10364581396265367,0.5918635758750384,0.08147433410058827,-0.16738032170375622,-0.2604962124408893,0.556539385150105,-0.21794195296591654,0.2858017520483758,0.10033630407516872,-0.08203502882093094,-0.11136856942711716,0.553835909187632,0.2483746750929572,-0.2057118965417426,0.0,-0.07543766627501973,-0.07635628958713334,-0.1860099109673139,-0.07705180051820795,-0.24563613333015694,0.6214143995234944,0.4844332012660647,0.5400867150049108,0.5573809148998535,-0.21483533116544823,0.4573360374850553,0.2963583289791056,0.5828534017156604,0.5593451643955576,0.5641306728912382,0.05302191634279535,0.17964979362165184,-0.27863223224584166,0.1583399401662801,-0.18028778345874721
CAT,0.09181542339758444,0.5727465748708706,0.0,0.5286512606126974,-0.28685924378043454,-0.32442605657851226,-0.15427882733615317,0.6164911057068541,1.0,0.21924721340934258,0.34624355174202864,-0.15542126361915862,0.4337466398765574,-0.15132077957819343,0.3254700313342807,-0.16048890589516107,-0.3009387382441371,0.5208320156279527,0.16813206870773945,-0.1190062990716127,-0.32986017435692594,0.6871404250368216,0.6038639731127184,0.6888603474462153,-0.36032532736866973,0.5105343527932202,-0.06094032524229982,-0.21018274115615693,-0.26351481661742837,0.4517676641778314,-0.48425421671221225,0.29451559515942716,-0.080176171961205,-0.14866314235691702,-0.3030410260598135,0.4778345867988545,0.24176073958374172,-0.16028182773927618,0.0,0.13241527063518715,0.16602912649285506,-0.3747669608030019,-0.3034325385638665,-0.375126574917027,0.5530964326661164,0.40178099325226146,0.47962711351416265,0.34003568898885156,-0.3516339570099868,0.4290286776679154,0.3457711368610148,0.6201453577108086,0.541688097144159,0.5437911981251917,-0.004114102062297418,0.06376821983474082,-0.4013176924313033,0.021309840189058165,-0.36783721490748356
DE,0.488469396642204,0.21505272733773642,0.0,0.07558648178732727,0.11992090796745455,0.18257543243586627,0.28423099828917686,0.290958925749952,0.21924721340934256,1.0,0.3696676620766122,0.19871403352441677,0.3641393014768762,0.13436028639896355,0.012673090992738173,0.2473583917387868,0.11237219616625199,0.5092598612524364,0.5350052302600675,0.3723643658268967,0.21057543555781325,0.2519849566427764,0.22128986728444305,0.183627539509218,0.027617026877427953,0.3009466869467625,0.2858291854565198,0.16035129088444183,0.15908068219256533,0.17053245383989984,0.07183395440323555,0.06917056466293918,0.273161324296246,0.24995250526972154,0.19910622520595028,0.47233386237626446,0.360645740099439,0.11333443404602285,0.0,-0.1763618433605925,-0.1609066069874949,0.15948691578999563,0.15123754490119615,0.0660976355432502,0.42489029055885114,0.005851619705969488,0.42162457868174485,0.31783182600369264,0.16729931071012677,0.28337546103051603,-0.11460728889153453,0.11463022798403721,0.3778127814733381,0.38536628778448423,0.28905283155578815,0.00022513108125867614,-0.020410787350085405,0.0705697519997235,-0.1325336193532156
BA,0.17342621523828727,0.3066977681543322,0.0,0.3846067862617776,-0.16713357421726516,-0.16157001547005118,0.03489082853037236,0.3813509334044721,0.34624355174202864,0.3696676620766122,1.0,-0.062263820102641664,0.36076702976844144,-0.0007399305108737616,0.10480082568696074,-0.05061621263004858,-0.10263585563878935,0.3804055984456164,0.3660544944985489,0.033182750928084634,-0.11602503379392652,0.4167537976111795,0.3050253390494638,0.3206870537002468,-0.0521990853307971,0.2579348715595546,0.08687118988174612,-0.07317426564202915,-0.04958439048875328,0.5102740568405953,-0.14002187455070741,0.12234728307239719,-0.05458171313276843,0.13629143185093656,-0.08548685693731281,0.3772092160628777,0.405269338265973,-0.140634310569715,0.0,0.1222433611591288,0.17807581193611927,-0.13860972987924952,-0.17666448855072017,-0.1199910012526149,0.4434760421203185,0.13415458189556695,0.37472663018364927,0.32306308239166,-0.1388187255847466,0.3353175942535517,0.2621758996611909,0.33613716034785224,0.3167559305966531,0.4830925668396636,0.06511882744147837,0.07567202379577002,-0.3093297704084617,0.11239942326348716,-0.045749215849942806
LMT,0.5566278025869184,0.010385184237893178,0.0,-0.00897828200347019,0.6261651510164968,0.6140165056856034,0.6174915249734514,-0.004408264506294676,-0.15542126361915862,0.19871403352441677,-0.06226382010264167,1.0,0.24695648576119938,0.6470806097443959,0.26570168159858937,0.7218568562220501,0.6829903568754009,0.10819935741658698,-0.058391344379260884,0.6510125526419384,0.4811026895863934,-0.025235477753881137,0.08671468077274892,-0.2602977609234952,0.21513085986298222,0.18671338905902776,0.5189772084443994,0.5709645066611538,0.4705220582830124,-0.1323875060911855,0.4518691283793607,0.3022870893221995,0.643076479947807,0.06733518478642674,0.5946562925072271,0.1664576705155567,0.019842419051935047,0.4382139053385267,0.0,-0.15641855324974208,-0.21364498601421084,0.5330825620039016,0.561045397500404,0.4518462553029691,0.019934088902181964,-0.2888056471445602,-0.13124768917085916,0.19696165905607532,0.3884385834657407,0.19210295914125616,-0.16616552717570132,-0.2515595890769716,0.21368867841939237,-0.07539281096955605,0.5543535952021135,-0.22549935744130234,0.5174386929633085,-0.144303816730499,0.2748295553445855
EMR,0.4396247973843531,0.39601797527461413,0.0,0.43029381614595513,0.07119399004283689,0.07168712503723979,0.2776420255652957,0.4550385844217143,0.4337466398765574,0.3641393014768762,0.36076702976844144,0.2469564857611994,0.9999999999999999,0.23348669713988937,0.3717135978705775,0.2212460596305525,0.11811822023174189,0.6116284965921406,0.2045483893779876,0.28864062270926805,0.07362476477934417,0.5414463127027317,0.47340745289894176,0.2704067783196666,-0.10768909853958807,0.4742073053353742,0.3361274234205445,0.16541426147355914,0.12545225572093577,0.34521492452610575,-0.06475792346918778,0.32829539523311,0.33302240528861543,0.13111295320721864,0.1273742025737063,0.6147932865892266,0.2980455271322171,0.13903864198702004,0.0,0.008661216297716157,-0.013701935782009761,0.0496598795666477,0.1231046487822974,-0.027371267388968147,0.5847861484168947,0.08263639130555907,0.2962141135591483,0.40974592952438377,0.06951260793441397,0.561609013075692,0.089663161086702,0.2904248045798049,0.5637191753209926,0.3556535169573331,0.3756673810527302,-0.03532989044330001,-0.07389900492558786,-0.025252049821700796,-0.08117891223920826
MMM,0.4586946427526945,-0.05133070868019234,0.0,-0.03051617286375671,0.7050776616805798,0.5937746327190889,0.5321735680637163,-0.07200219767267084,-0.15132077957819343,0.13436028639896355,-0.0007399305108737616,0.6470806097443959,0.23348669713988934,1.0,0.24290495336532594,0.6754513155227907,0.7077403219918273,0.06207684154900141,-0.07079219246035552,0.6291218068400232,0.501809879936239,-0.06740092282353644,0.0789901131068624,-0.27083099219218437,0.15392780184423593,0.09689038374378979,0.41994176679131495,0.6777790489085576,0.6058170666719273,-0.14855102462009256,0.4553847181287307,0.22125404857323655,0.5351066360576714,0.21963975248842674,0.5987939437392362,0.07732017014112876,0.02895240549606094,0.583004844457885,0.0,-0.003959950861883815,-0.02476401935900521,0.5660808504256497,0.5166166132245851,0.4826976515144726,-0.02453928639769403,-0.37300184278180054,-0.25373087164353353,0.05129772189295149,0.48853636806389034,0.1176716670362958,-0.1563083063133407,-0.3163870917877009,0.15853875511081214,-0.10324635677578958,0.554876724692696,-0.1908530804236853,0.5463754115156529,-0.15565226722992362,0.3002975954594698
TXT,0.2376301352793627,0.3572612294130208,0.0,0.44511344740284936,0.12755613761756826,0.06973114806104382,0.09063717880408116,0.2417706350494696,0.32547003133428065,0.012673090992738174,0.10480082568696072,0.2657016815985894,0.3717135978705775,0.24290495336532594,1.0,0.1550963922144713,0.11542731232944672,0.23117632842792757,-0.0855396568289202,0.16575282925637236,-0.08405876399643761,0.34948465455523986,0.3879497953107357,0.1444496375019769,-0.22392359246749843,0.4022065013999414,0.08122415511651962,0.1495952754354305,0.018879155024089028,0.09611330269006649,-0.16224825497073395,0.5585323325070761,0.17834970194040378,-0.13070637078014738,0.04387757220595717,0.3207283440894652,0.17085217441112355,0.17629355620679643,0.0,0.18692644887378404,0.1416003392732434,-0.05526159969024065,-0.02206320331605634,-0.010711529982728384,0.14839001952601152,0.003956892737855279,0.035224863637906376,0.19882911569266795,-0.11309763293461764,0.4272013388259526,0.2628378465449846,0.2064827593082417,0.48201227555171433,0.20154465097943267,0.24042331850976106,-0.08128590098378147,0.030745983197190945,-0.14202428145132315,-0.13601917990495258
CTAS,0.5738192954448377,-0.03960046172748493,0.0,-0.05402708163711025,0.7014364182478702,0.6203279207711755,0.6430686438346821,-0.0171917009801269,-0.16048890589516107,0.24735839173878682,-0.05061621263004859,0.7218568562220501,0.2212460596305525,0.6754513155227907,0.15509639221447133,0.9999999999999999,0.7093152984523228,0.11678222665919502,-0.004536096200655199,0.7064501028707688,0.523807226733605,-0.03859700747359239,0.08055203587784099,-0.2546770896846719,0.21907322856553402,0.18253461480327218,0.546929058773778,0.6067043242550062,0.5346156979938308,-0.12457148454316477,0.5052926541477344,0.22599948292279992,0.6421632358955917,0.15460807025995743,0.6199675860374407,0.1684440981731381,0.04980935559622752,0.506204435639744,0.0,-0.13643976822259946,-0.18374538158379455,0.5785606063455079,0.6109709901991823,0.48956162626186744,0.03490317646907452,-0.3410114874251426,-0.12665274114106764,0.16254907898454704,0.4950192311428115,0.16867818875203242,-0.23305126624718533,-0.2915560902877031,0.22933792445987503,-0.0623994341270751,0.6004825944955574,-0.22214356055225362,0.5223769157413239,-0.13745455058986114,0.2849833514732339
NOC,0.4173261536449178,-0.14228753365544286,0.0,-0.12644829015598807,0.7292659589123243,0.6730676667885926,0.5978105488457367,-0.18931621799907236,-0.3009387382441371,0.112372196166252,-0.10263585563878938,0.6829903568754009,0.11811822023174189,0.7077403219918273,0.11542731232944674,0.7093152984523229,0.9999999999999999,-0.0743158504035759,-0.07544014793160994,0.5851094911267187,0.537122854190179,-0.179558903724118,-0.08029197096895838,-0.4312130179744526,0.29537927325624813,-0.016268265984508055,0.4386721364414583,0.673583699247424,0.6535605424325922,-0.21270916952854396,0.5802955525356495,0.1436998765036206,0.5091084492980599,0.18687396917122942,0.6420463693781305,0.005820309990789765,0.006850636908342336,0.5556307137480601,0.0,-0.03411927183930458,-0.0636977494924989,0.6360888770013468,0.5693940069370673,0.5629491522923563,-0.1161433467313153,-0.39507999040398967,-0.2966059459694143,0.014019518043979363,0.5273944491456762,0.07257637029410027,-0.18821259343217114,-0.41289596483540975,0.03996399135543367,-0.23559309503738496,0.48599033324471097,-0.21735075537681608,0.6107825112595193,-0.13085838570496663,0.39367623291878545
DOV,0.4404877069189747,0.4127142360378777,0.0,0.29772795424613024,-0.037855518326236744,-0.003441731916194954,0.16165383669981523,0.5961385242959061,0.5208320156279527,0.5092598612524365,0.38040559844561633,0.108199357416587,0.6116284965921406,0.0620768415490014,0.2311763284279276,0.11678222665919502,-0.0743158504035759,0.9999999999999999,0.366524640291769,0.2848555134813392,0.0718329839735683,0.5836870003780416,0.5436509223757225,0.4361011064771088,-0.09804173787919668,0.5826997088996522,0.29462477800596293,-0.026799217723317774,-0.03533194137111609,0.36341704278095655,-0.10612809373573726,0.2189896104569717,0.28799742748316226,0.0713389846085787,0.10228624735773191,0.6931957042621821,0.26402290319522176,-0.009459460874510954,0.0,-0.20220496763633145,-0.1894855314282161,0.047168901711619866,0.08265552435408503,-0.08398578854167436,0.7434846243414928,0.2723691615433658,0.4723700505518968,0.5449605316728492,0.013673070266998865,0.47029873995099825,0.00475999040122374,0.3643351028600636,0.6125132737830787,0.47671896073921965,0.2924429790416705,0.07440170152235838,-0.14842796223407553,0.06987271087100826,-0.18315160309172027
ALK,0.1734515101074027,0.1901638292216604,0.0,0.06185535915100077,-0.07677207446352907,-0.00041814762173319315,-0.0164287554496972,0.21051959629883055,0.16813206870773945,0.5350052302600675,0.36605449449854893,-0.05839134437926089,0.20454838937798758,-0.07079219246035552,-0.08553965682892022,-0.004536096200655199,-0.07544014793160994,0.366524640291769,1.0,0.15121755908891538,0.034420088244606996,0.17650179619904985,0.08482451496224892,0.19693534665073786,-0.022765639345440576,0.20257845027111948,-0.00887816697202896,-0.013125936409740668,0.006494028576032435,0.1653770310891656,0.03135552354197467,-0.016941525124799902,-0.021191073380924817,0.32616188016367875,0.017299313513908232,0.37223660309970574,0.4078797201387406,0.007142743366107931,0.0,-0.12285959120453785,-0.0660439544906398,0.02610806569270337,-0.1207503531266229,0.00511237583163593,0.3192604508209395,0.07302720432182135,0.5017846235591992,0.17829582030437202,0.026380558470557227,0.25497830764423524,-0.01823561596922387,0.21122027371249777,0.24061601160662557,0.41427562616749525,0.15647505435161696,0.010743523026014078,-0.19757929144890374,0.031136324907336456,-0.21865904096478825
FLS,0.6212054413729614,-0.07120126243982626,0.0,-0.04385177479379315,0.5821311364673094,0.5909194211453873,0.622495062353779,0.03490431317059457,-0.1190062990716127,0.37236436582689664,0.033182750928084634,0.6510125526419384,0.28864062270926805,0.6291218068400232,0.16575282925637236,0.7064501028707688,0.5851094911267187,0.2848555134813392,0.15121755908891538,1.0,0.5630629017445349,0.06720447418267483,0.11466135581167508,-0.1998649903147271,0.23854833795302516,0.17021550238670044,0.6153971109084444,0.4824560019543389,0.5572553442332985,-0.09601161549189408,0.5283480308974222,0.10547458745114999,0.6966487506411321,0.28374959926626253,0.7264457471230853,0.28979684895496766,0.09205196877898605,0.4686717753207331,0.0,-0.25291630114554736,-0.2746062428884649,0.6773488602711614,0.590808293041163,0.5420035154702528,0.17679487487211312,-0.23968497461032165,-0.04162849537397918,0.2617207038561355,0.5719938667260793,0.1671678708720651,-0.2900731767682298,-0.22764830499748429,0.23716774534703464,-0.015371013553367886,0.6795763939698629,-0.17759987879705955,0.44411235400232674,-0.0940564228525892,0.28885177995042793
MAS,0.43407884151246984,-0.24778051574530094,0.0,-0.32281642633889207,0.5860021563729733,0.638747670136068,0.5355633235524248,-0.08147695591951706,-0.32986017435692594,0.21057543555781322,-0.11602503379392651,0.4811026895863934,0.07362476477934417,0.501809879936239,-0.08405876399643762,0.5238072267336051,0.537122854190179,0.0718329839735683,0.03442008824460699,0.5630629017445349,1.0,-0.1718393495421258,-0.067260685242558,-0.32378962589072896,0.4139539734033854,0.0029589133897924016,0.41951988694651504,0.42594619148067797,0.5522288288955024,-0.12929286668082496,0.6755996199004808,-0.06058755798797034,0.571759484541724,0.23737556177998473,0.6628603255826843,0.05812719576116318,-0.008526109357412643,0.40210499961253326,0.0,-0.25128399480317326,-0.3253562683135902,0.6853329842359586,0.6661415021205837,0.4979816878321874,-0.0322305706120457,-0.12751516803889917,-0.15343788936388766,0.13490520274143677,0.6470455745915399,-0.08116240535950063,-0.2621495158912468,-0.31755888604279336,0.00041811404680252917,-0.1520119706370725,0.4442872778977417,0.007175724827422305,0.5745941050243928,0.059396718767225506,0.42547783195855265
CMI,0.22966587967065694,0.5203819266095409,0.0,0.5645294024950146,-0.2059057015417769,-0.19838566753683418,-0.005785827936653127,0.6752142440896176,0.6871404250368216,0.2519849566427765,0.4167537976111795,-0.025235477753881137,0.5414463127027317,-0.06740092282353644,0.34948465455523986,-0.03859700747359239,-0.17955890372411798,0.5836870003780416,0.17650179619904985,0.06720447418267482,-0.17183934954212576,1.0,0.6089821977985131,0.5415876461179584,-0.1492638095538456,0.5381462850858146,0.10921722864714137,-0.1943712247842281,-0.1779056313595756,0.5484287670351541,-0.2906612356869875,0.32243238569703486,0.07992412847920545,-0.026266691889256896,-0.11943033652649933,0.5927342981194826,0.3294961498069142,-0.16196485670842872,0.0,-0.008688802273780436,0.002475327117259678,-0.2022952304636584,-0.14216379539356871,-0.2394920854184836,0.6412807679659709,0.36824254529397393,0.44635193830794945,0.5153906793678789,-0.20357032627161673,0.5293409207316526,0.35331760160896586,0.5795447480761398,0.6003535843667273,0.5090933196771349,0.11308079267303164,0.07689340139975427,-0.3371259609060865,0.08672567964317131,-0.16513379847651863
PH,0.3144943661484886,0.46831291598340885,0.0,0.39264351566371647,-0.039333731726903604,-0.10977453850109321,0.06268987865187435,0.561862638187487,0.6038639731127184,0.22128986728444305,0.3050253390494638,0.08671468077274892,0.47340745289894176,0.0789901131068624,0.3879497953107357,0.08055203587784099,-0.08029197096895838,0.5436509223757225,0.08482451496224892,0.11466135581167508,-0.067260685242558,0.6089821977985133,1.0,0.49331146927082337,-0.2310858171762966,0.5926926168338233,0.15809451465586247,-0.05291942151869139,-0.08168579571374013,0.3604981048031613,-0.20876947785040778,0.37745311864130404,0.18283252163584057,-0.07971530208549787,-0.022989614481849458,0.4762379423683781,0.17794430244446693,-0.041728339306532816,0.0,-0.017766629128300675,0.004211947786885469,-0.0865189854857533,-0.012633812560212463,-0.17792781951405123,0.5307782583519525,0.3003263721559533,0.2994807157828228,0.4278250245717882,-0.1088949798424136,0.4299616056486976,0.17495055777896465,0.3618033923876058,0.6237260942105199,0.4280545171340615,0.1658870635095752,0.05123834350942234,-0.14359650614290725,0.03641518614512096,-0.19327137470057695
JCI,0.004600289766753527,0.48025596724853314,0.0,0.3914905741290343,-0.40168056831160975,-0.3729735040509197,-0.18930954653762866,0.604524821062211,0.6888603474462153,0.183627539509218,0.32068705370024686,-0.2602977609234952,0.2704067783196666,-0.27083099219218437,0.1444496375019769,-0.2546770896846719,-0.43121301797445255,0.4361011064771087,0.19693534665073784,-0.19986499031472713,-0.32378962589072896,0.5415876461179584,0.49331146927082337,1.0,-0.3356807527356838,0.4208665020681996,-0.13063759152671717,-0.30162154365848315,-0.40190973904706745,0.4738570079988924,-0.48543907947203646,0.16993780203381617,-0.16175453848027618,-0.12034206676684688,-0.37574763825236757,0.3390359205648473,0.16966324800282762,-0.2923196114395286,0.0,0.10558000998576496,0.14421685704037998,-0.42112540737178855,-0.36718751537129485,-0.4365986637130027,0.46966895806883213,0.4803112896106173,0.5413296906310293,0.3249674442176926,-0.3881024726562434,0.28793413265984263,0.3203447907983745,0.6568791410099312,0.41659701395943216,0.5413282495316857,-0.10410738989280598,0.18120115117325203,-0.4428548693737628,0.12500211363842142,-0.37895652015729925
JBHT,0.16813562972876644,-0.2995080544033954,0.0,-0.24512463394889997,0.2636518793576656,0.3926216793093597,0.22889842871863864,-0.10364581396265367,-0.36032532736866973,0.027617026877427953,-0.052199085330797104,0.21513085986298222,-0.10768909853958807,0.15392780184423593,-0.22392359246749846,0.21907322856553402,0.29537927325624813,-0.09804173787919668,-0.022765639345440573,0.23854833795302516,0.4139539734033854,-0.14926380955384558,-0.2310858171762966,-0.3356807527356838,1.0,-0.2044654503722671,0.2412107355858215,0.056329426795883666,0.26781753801305347,-0.004793772210233916,0.5376167792210592,-0.18445120037164048,0.24836412189856358,0.11343232836185485,0.36850905115591137,-0.08633440518932517,0.07811796686022233,0.02731484970797715,0.0,-0.27493214857598613,-0.34502604351960275,0.39825740364623796,0.4158228128914712,0.3522546423194697,-0.09395045256266085,-0.00025723886266034547,-0.13112329385466517,0.15825603268768537,0.3454077986906927,-0.16026251079917786,-0.01836337656099059,-0.20455349559839664,-0.20096447682645016,-0.21171136397478155,0.07606371943094088,0.23830815258086016,0.36913335125117624,0.3362367718068065,0.5170306787005782
SWK,0.39713763627344106,0.566073529898566,0.0,0.33045369870601077,0.061824196594022655,0.015050410859485818,0.14352298296367727,0.5918635758750384,0.5105343527932202,0.3009466869467625,0.2579348715595546,0.18671338905902776,0.47420730533537414,0.09689038374378979,0.40220650139994146,0.18253461480327215,-0.016268265984508055,0.5826997088996522,0.20257845027111948,0.17021550238670044,0.0029589133897924016,0.5381462850858146,0.5926926168338233,0.4208665020681996,-0.2044654503722671,1.0,0.18672715575530174,0.045481603351521446,-0.1299840896356736,0.2882924279269169,-0.14195685620582907,0.5054800267768983,0.2158886357039466,-0.16443535687549593,0.009323110158483878,0.595476548073714,0.17885108221594487,0.015086939153952693,0.0,-0.08145078517507144,-0.09361387550617921,-0.06885799266792067,0.04519229229173023,-0.15099495360668752,0.5198675539671509,0.2277842120569563,0.41964314961066546,0.42355172985697936,-0.12853216901886824,0.5569136802670921,0.09251101900289263,0.37496585166407315,0.7517317862074449,0.5363414873569369,0.21558984249437482,-0.02971586984190294,-0.12593009281313503,-0.06480386003339589,-0.24331497556168738
AVY,0.5673510107197981,-0.044999842523611715,0.0,0.0137467017509385,0.39355357115333395,0.4123363051106767,0.6339589552615412,0.08147433410058827,-0.06094032524229983,0.28582918545651986,0.08687118988174611,0.5189772084443994,0.33612742342054447,0.41994176679131495,0.08122415511651962,0.546929058773778,0.4386721364414583,0.29462477800596293,-0.00887816697202896,0.6153971109084443,0.41951988694651504,0.10921722864714135,0.15809451465586247,-0.13063759152671717,0.2412107355858215,0.18672715575530174,1.0,0.3072442338719326,0.4003538217005903,0.014966205722609654,0.40972189904013284,0.10631423632912773,0.6017209832564266,0.11550766219971469,0.5600373539518254,0.27949692948809135,-0.03896145729582454,0.25378178951134867,0.0,-0.1882315431795535,-0.1925378103345631,0.5105979739932481,0.5309857779820424,0.33257750678732373,0.22013864980742115,-0.16180137633806405,-0.01733760190671621,0.27990159711048784,0.44472693703532384,0.19112133804952852,-0.28324620406434275,-0.16229693315342494,0.19197249510467979,-0.03899927600858701,0.4775275247424596,-0.2088937513147821,0.3052161619391386,-0.07768995422727151,0.33060909364121754
ADP,0.3656346566990542,-0.07337945318184502,0.0,-0.06970829209187807,0.6466355309331085,0.5476749900961327,0.5418229197004093,-0.16738032170375622,-0.2101827411561569,0.16035129088444183,-0.07317426564202915,0.570964506661154,0.16541426147355914,0.6777790489085576,0.1495952754354305,0.6067043242550062,0.673583699247424,-0.026799217723317774,-0.013125936409740668,0.4824560019543389,0.42594619148067797,-0.1943712247842281,-0.0529194215186914,-0.30162154365848315,0.056329426795883666,0.045481603351521446,0.3072442338719326,1.0,0.5524751310748324,-0.20591643693515718,0.3607406820189565,0.20345748353645227,0.38663603865750823,0.21340385164850018,0.4563938195049695,0.042594265672315466,0.026031277235447892,0.6979656248342992,0.0,0.10807156739355843,0.06121727737766498,0.4440763764326825,0.411083696237261,0.44057716919507495,-0.07582314365326152,-0.4837937052198043,-0.19726875974644936,-0.07881489263915603,0.40371431330264906,0.08265074598067673,-0.23469602267713105,-0.3054921240526695,0.09550003584436631,-0.14166412042930107,0.5071166608487179,-0.29249533750597934,0.4768108856373414,-0.26196353267609757,0.20444087267646346
UNP,0.34730179507556524,-0.26254541266986053,0.0,-0.15292801413105792,0.6148008893453553,0.5631733710038825,0.5517573893882227,-0.2604962124408893,-0.26351481661742837,0.1590806821925653,-0.04958439048875327,0.47052205828301236,0.12545225572093577,0.6058170666719271,0.018879155024089028,0.5346156979938309,0.6535605424325923,-0.03533194137111609,0.006494028576032435,0.5572553442332985,0.5522288288955024,-0.1779056313595756,-0.08168579571374011,-0.40190973904706745,0.2678175380130535,-0.1299840896356736,0.40035382170059025,0.5524751310748324,1.0,-0.23195452687959434,0.5590547702226333,-0.06048626853033116,0.46268346171415253,0.3961792209125148,0.6238145871015848,-0.021249920167718834,0.04781350900036361,0.5594121726477639,0.0,0.011713416197065165,0.009290214855762148,0.6608055601251394,0.5171150323016103,0.6004146839423058,-0.10351201640534656,-0.3661088981379078,-0.3045022810921556,-0.06647914593983127,0.6903285636757948,6.432420791853161e-05,-0.27517244710657474,-0.41311129679137154,-0.03821799371466298,-0.24280044365369524,0.5070793763828849,-0.13773477746461843,0.5559876585760329,-0.06586304281817344,0.38469953961739545
RHI,0.09466027406231173,0.3408725944122708,0.0,0.4082756535404746,-0.2564697447014663,-0.22048790832226137,-0.04973221307465003,0.556539385150105,0.45176766417783143,0.17053245383989984,0.5102740568405953,-0.1323875060911855,0.34521492452610575,-0.14855102462009256,0.09611330269006649,-0.12457148454316477,-0.21270916952854396,0.3634170427809566,0.16537703108916563,-0.09601161549189408,-0.12929286668082496,0.5484287670351541,0.3604981048031613,0.4738570079988924,-0.004793772210233916,0.2882924279269169,0.014966205722609656,-0.20591643693515715,-0.2319545268795943,1.0,-0.21559008058147033,0.09250715015604949,-0.0440790919439994,0.014353012699941136,-0.20638958878288974,0.3638557928150567,0.33959777270602093,-0.26967775166596913,0.0,0.05751920725018692,0.05482097457579103,-0.2722623192427755,-0.18344704850843524,-0.25621315913605597,0.4828441390961007,0.3679478069135599,0.390393068203983,0.41483157845849694,-0.2518830887943731,0.30089321954010095,0.45148110682180115,0.5938285008563681,0.2911600874149331,0.4318565968013507,-0.036993560825257135,0.22496862771378548,-0.3819037007321746,0.24858654976423933,-0.018601957525947607
EFX,0.32152107625168597,-0.3299406720186666,0.0,-0.35417380020517414,0.5546472494049018,0.5969794055444553,0.45429409316696684,-0.21794195296591654,-0.4842542167122122,0.07183395440323553,-0.14002187455070741,0.45186912837936083,-0.06475792346918778,0.4553847181287307,-0.16224825497073395,0.5052926541477344,0.5802955525356495,-0.10612809373573727,0.03135552354197467,0.5283480308974222,0.6755996199004808,-0.2906612356869875,-0.20876947785040775,-0.4854390794720365,0.5376167792210593,-0.14195685620582907,0.4097218990401329,0.3607406820189564,0.5590547702226333,-0.21559008058147033,0.9999999999999999,-0.12953318865243554,0.4736131232847805,0.2660677714752769,0.7070249137429244,-0.06734093400216759,-0.040206500717007564,0.3174644380622069,0.0,-0.2738452668003755,-0.3063911937943744,0.744923404859444,0.6529379039384193,0.6261817596772662,-0.18326526911492363,-0.14526451265548676,-0.24932467404628292,0.06556902679861894,0.6329370938884152,-0.10948459481764974,-0.27864265094644275,-0.43084345104871286,-0.14186267631650848,-0.24381535120366324,0.36709432101969436,0.027343939090004033,0.6169081071752707,0.1101630244500472,0.59099610080088
GWW,0.2997218898343331,0.5212080451073159,0.0,0.4107912380522703,0.1293323732297495,0.06038877429286151,0.11548227482732852,0.2858017520483758,0.29451559515942716,0.06917056466293918,0.12234728307239717,0.3022870893221995,0.32829539523310997,0.22125404857323652,0.5585323325070761,0.22599948292279995,0.1436998765036206,0.2189896104569717,-0.016941525124799902,0.10547458745114999,-0.060587557987970345,0.32243238569703486,0.37745311864130404,0.16993780203381617,-0.18445120037164045,0.5054800267768983,0.10631423632912773,0.20345748353645224,-0.06048626853033116,0.09250715015604948,-0.12953318865243554,1.0,0.14180088676564018,-0.2777278069641161,-0.014401209091407272,0.32075867146172504,0.1626931353765228,0.11573043333152505,0.0,0.09025974864980435,0.04847393988705623,-0.08640169852641189,0.0003856722754325047,-0.07119897271601297,0.17792279212201323,-0.03590831795901611,0.1558120149247723,0.20479604491587106,-0.1777277986124621,0.46803253497872277,0.21001866959528784,0.1548329125740333,0.5179911643864993,0.29665246557208735,0.1581011160243888,-0.13936814106994422,0.022303996403387434,-0.1468166454468777,-0.15627765871315596
ITW,0.6481270448152726,-0.04520973011255571,0.0,-0.07247568616444003,0.5544006031385162,0.5400537360692549,0.6113683241319804,0.1003363040751687,-0.080176171961205,0.273161324296246,-0.05458171313276843,0.6430764799478071,0.33302240528861543,0.5351066360576714,0.17834970194040378,0.6421632358955917,0.50910844929806,0.28799742748316226,-0.021191073380924817,0.696648750641132,0.571759484541724,0.07992412847920545,0.18283252163584054,-0.1617545384802762,0.24836412189856358,0.2158886357039466,0.6017209832564266,0.38663603865750823,0.4626834617141525,-0.04407909194399939,0.47361312328478045,0.14180088676564018,1.0,0.13706664503419275,0.677631473963015,0.2810424940472899,0.0033448581370784593,0.3866090283205086,0.0,-0.30462226124174646,-0.376842817249415,0.5876243948273975,0.6722284035883079,0.45757371358497434,0.18726688141616998,-0.08923403434304458,-0.08678735655150777,0.2939871388715732,0.4897775879948331,0.15579863032059443,-0.27919467765226175,-0.1891592037114665,0.22917035418653486,-0.05728898906780876,0.5914030459827397,-0.1457773842931012,0.45514604756485183,-0.05560747995343336,0.2602164815247333
LUV,0.10025820154516675,-0.22248079862276843,0.0,-0.06752493331872979,0.1837398431905363,0.20330232986429472,0.13297927919801963,-0.08203502882093093,-0.148663142356917,0.24995250526972154,0.1362914318509366,0.06733518478642675,0.13111295320721864,0.2196397524884268,-0.13070637078014738,0.15460807025995743,0.18687396917122942,0.0713389846085787,0.3261618801636788,0.2837495992662626,0.23737556177998473,-0.026266691889256892,-0.07971530208549787,-0.12034206676684686,0.11343232836185485,-0.16443535687549593,0.1155076621997147,0.21340385164850018,0.39617922091251484,0.014353012699941138,0.2660677714752769,-0.27772780696411614,0.13706664503419275,1.0,0.25004108300736233,0.046773401770677896,0.22488452009137117,0.27696476416717875,0.0,-0.015810804625570045,0.013215617885320712,0.29376407089922096,0.1388061420703003,0.34759739579965365,0.026173790819095655,-0.21198265704253325,-0.045515493790711535,-0.03574720938223778,0.38849369759072594,0.009513540434281638,-0.15411193076767316,-0.10248586499514681,-0.07835138717744783,-0.028892574046647294,0.27324244523529095,0.07036002490414975,0.1548507259971789,0.1358920212380059,0.1950799517333835
SNA,0.5093605694958899,-0.23835246455097905,0.0,-0.2108837765875202,0.6512275452526298,0.6287671998704574,0.5868415614929817,-0.11136856942711715,-0.3030410260598135,0.19910622520595028,-0.08548685693731281,0.5946562925072271,0.1273742025737063,0.5987939437392362,0.04387757220595717,0.6199675860374407,0.6420463693781305,0.10228624735773192,0.017299313513908232,0.7264457471230852,0.6628603255826842,-0.11943033652649931,-0.022989614481849458,-0.37574763825236757,0.36850905115591137,0.009323110158483878,0.5600373539518254,0.45639381950496954,0.6238145871015849,-0.2063895887828898,0.7070249137429244,-0.014401209091407272,0.677631473963015,0.25004108300736233,1.0,0.12710610939046643,-0.030713321676209274,0.4483946529800678,0.0,-0.2482178330388674,-0.27011124700476963,0.8362858905499552,0.7163339574534716,0.6378265420165791,-0.0052087519901269875,-0.1330568017110637,-0.21414446715842816,0.154654920200684,0.6576484705815248,0.013060333075966725,-0.34546303155544816,-0.3852783258551155,0.042147565048708396,-0.1976873356106058,0.5382970913574278,-0.11588936074353341,0.5949916570850842,-0.03251930858229193,0.42497831151917503
PCAR,0.47154762737293365,0.46903537001738776,0.0,0.3446401618402535,0.01966749824872708,0.025120618614469882,0.20820138890645565,0.553835909187632,0.4778345867988545,0.47233386237626446,0.37720921606287766,0.1664576705155567,0.6147932865892267,0.07732017014112876,0.3207283440894652,0.1684440981731381,0.005820309990789765,0.6931957042621821,0.3722366030997058,0.2897968489549677,0.05812719576116319,0.5927342981194826,0.476237942368378,0.3390359205648473,-0.08633440518932517,0.595476548073714,0.27949692948809135,0.04259426567231547,-0.021249920167718834,0.3638557928150567,-0.06734093400216758,0.320758671461725,0.2810424940472899,0.04677340177067789,0.12710610939046646,0.9999999999999999,0.3661595925762351,0.06257843461183882,0.0,-0.12021828539461282,-0.13649078835977171,0.01983795263553015,0.09249019715964764,-0.05993280086239879,0.6673204618619963,0.22837114333224864,0.4899435682878907,0.5183839494140458,3.217089552289688e-05,0.5757025522392246,0.08722080313979916,0.3962889136013705,0.6539030434281432,0.5241809971358781,0.32156119392254007,-0.049503042221205135,-0.17594111232172568,-0.03197298193701288,-0.1552589322049246
FDX,0.20002574292465813,0.3128899545422409,0.0,0.27662799049950004,-0.03277475798857018,0.0071741088997100974,-0.0031512776082636817,0.2483746750929572,0.24176073958374172,0.360645740099439,0.405269338265973,0.019842419051935047,0.2980455271322171,0.02895240549606094,0.17085217441112355,0.04980935559622751,0.006850636908342336,0.26402290319522176,0.4078797201387406,0.09205196877898607,-0.008526109357412643,0.3294961498069142,0.17794430244446693,0.16966324800282762,0.07811796686022233,0.17885108221594487,-0.03896145729582455,0.026031277235447892,0.04781350900036361,0.33959777270602093,-0.040206500717007564,0.1626931353765228,0.0033448581370784593,0.22488452009137117,-0.030713321676209274,0.3661595925762351,1.0,0.027868063220260978,0.0,0.05311872879619288,0.04756391860261253,-0.06962310556593805,-0.12183280807153848,0.0369828445583633,0.3110518027736933,0.04431937031628959,0.3320951396795553,0.26197559815906807,-0.06895553413543243,0.3075982650414955,0.2774748693563555,0.28835638603206865,0.29091904836234433,0.3877423027847021,0.1714552266047138,0.17356754639745262,-0.1609916242978847,0.1885900464402782,-0.016728863802014576
PAYX,0.300910881403792,-0.1302040009048098,0.0,-0.07995492134561073,0.6128799161024994,0.46253863938221285,0.43189178055643673,-0.2057118965417426,-0.16028182773927618,0.11333443404602285,-0.140634310569715,0.4382139053385268,0.13903864198702004,0.5830048444578849,0.17629355620679643,0.506204435639744,0.5556307137480602,-0.009459460874510954,0.007142743366107931,0.4686717753207332,0.4021049996125333,-0.1619648567084287,-0.04172833930653282,-0.2923196114395286,0.02731484970797715,0.015086939153952691,0.25378178951134867,0.6979656248342994,0.5594121726477639,-0.26967775166596913,0.3174644380622069,0.11573043333152504,0.3866090283205086,0.27696476416717875,0.44839465298006775,0.06257843461183883,0.02786806322026098,1.0,0.0,0.05993462748745681,0.013608727843638266,0.4357869994638588,0.37207294583501144,0.481927815652702,-0.07920857345779583,-0.42721327214045546,-0.24734975344916937,-0.1363468457815348,0.4188823814033454,0.05497706664254305,-0.25872473976103216,-0.274631604161967,0.07221902510733895,-0.13041309660449193,0.5411997107166313,-0.3046570858281392,0.4080222727017296,-0.3051596422196572,0.15927523840123653
PNR,0.0,0.0,0.0,0.0,0.0,0.0,0.0,0.0,0.0,0.0,0.0,0.0,0.0,0.0,0.0,0.0,0.0,0.0,0.0,0.0,0.0,0.0,0.0,0.0,0.0,0.0,0.0,0.0,0.0,0.0,0.0,0.0,0.0,0.0,0.0,0.0,0.0,0.0,1.0,0.0,0.0,0.0,0.0,0.0,0.0,0.0,0.0,0.0,0.0,0.0,0.0,0.0,0.0,0.0,0.0,0.0,0.0,0.0,0.0
CSX,-0.2732117754875609,0.06488681942509812,0.0,0.27091890435256394,-0.08103492734959389,-0.15096833894332742,-0.06780592823543087,-0.07543766627501973,0.13241527063518715,-0.17636184336059246,0.12224336115912879,-0.15641855324974205,0.008661216297716157,-0.003959950861883814,0.18692644887378404,-0.13643976822259946,-0.03411927183930458,-0.20220496763633145,-0.12285959120453786,-0.25291630114554736,-0.2512839948031733,-0.008688802273780436,-0.017766629128300675,0.10558000998576496,-0.2749321485759862,-0.08145078517507144,-0.18823154317955354,0.10807156739355843,0.011713416197065164,0.05751920725018692,-0.27384526680037546,0.09025974864980434,-0.30462226124174646,-0.015810804625570045,-0.24821783303886738,-0.1202182853946128,0.05311872879619288,0.05993462748745681,0.0,1.0,0.7955460492236882,-0.2446294648730327,-0.26825010279872313,-0.1441537937693194,-0.16430649203714262,-0.0744496291475232,-0.08571248915618135,-0.27631170110457776,-0.14851789893298314,0.024569316191334577,0.27849862543065357,0.1239961213971788,-0.05374357860689322,0.01954408287254166,-0.15424480969739923,-0.08339103833664505,-0.1350217437631216,-0.15389822735322167,-0.08744508606740825
NSC,-0.31384094018148295,0.08047713977537654,0.0,0.28556729211037446,-0.14461601848037012,-0.23128137302316143,-0.12280391635769389,-0.07635628958713334,0.16602912649285506,-0.1609066069874949,0.17807581193611927,-0.21364498601421084,-0.013701935782009761,-0.02476401935900521,0.14160033927324342,-0.18374538158379458,-0.0636977494924989,-0.1894855314282161,-0.0660439544906398,-0.2746062428884649,-0.3253562683135902,0.002475327117259678,0.004211947786885469,0.14421685704037998,-0.34502604351960275,-0.09361387550617922,-0.19253781033456308,0.06121727737766498,0.009290214855762148,0.054820974575791034,-0.3063911937943744,0.04847393988705623,-0.376842817249415,0.013215617885320712,-0.27011124700476963,-0.13649078835977174,0.04756391860261253,0.013608727843638266,0.0,0.7955460492236881,1.0,-0.2401298869553791,-0.34412370252918273,-0.14860063981858,-0.13117916567887486,-0.06379318681082247,-0.05433821526182068,-0.2780483884291446,-0.16795344466042506,0.011322880378051268,0.24164268844556216,0.11663129612452716,-0.048704430240014966,0.052781400512389706,-0.1833057411182122,-0.08500852969866811,-0.1686007296137512,-0.1497771877354488,-0.11170076602829086
AOS,0.42344810332127447,-0.3057904388535859,0.0,-0.2721072107728366,0.6425598426705572,0.6537484808105393,0.526753999933029,-0.18600991096731387,-0.3747669608030019,0.1594869157899956,-0.13860972987924952,0.5330825620039016,0.0496598795666477,0.5660808504256497,-0.055261599690240644,0.5785606063455079,0.6360888770013468,0.04716890171161986,0.02610806569270337,0.6773488602711614,0.6853329842359587,-0.20229523046365844,-0.0865189854857533,-0.42112540737178855,0.39825740364623785,-0.06885799266792067,0.5105979739932481,0.4440763764326825,0.6608055601251394,-0.2722623192427755,0.744923404859444,-0.08640169852641189,0.5876243948273975,0.29376407089922096,0.8362858905499552,0.01983795263553015,-0.06962310556593805,0.4357869994638588,0.0,-0.2446294648730327,-0.24012988695537912,0.9999999999999999,0.6853643696759302,0.6687135302829934,-0.07639011695670896,-0.1551693658041705,-0.26165099353071886,0.08481360628442686,0.7202690434410862,-0.053106461634800525,-0.37464024681947944,-0.47245893030186487,-0.02986466074903156,-0.23620605928592014,0.4939001864378773,-0.054515635795683116,0.6500482244033886,0.0010946390075548778,0.4541537018510171
ROP,0.4630797802845693,-0.24145691129708854,0.0,-0.25003231597148146,0.6301837842944276,0.6134676182630655,0.5501502666182466,-0.07705180051820794,-0.3034325385638665,0.15123754490119615,-0.1766644885507202,0.5610453975004042,0.12310464878229738,0.5166166132245851,-0.02206320331605634,0.6109709901991824,0.5693940069370673,0.08265552435408503,-0.1207503531266229,0.590808293041163,0.6661415021205837,-0.14216379539356871,-0.012633812560212464,-0.36718751537129485,0.4158228128914713,0.04519229229173024,0.5309857779820424,0.411083696237261,0.5171150323016103,-0.18344704850843524,0.6529379039384194,0.00038567227543250465,0.672228403588308,0.1388061420703003,0.7163339574534715,0.09249019715964761,-0.12183280807153848,0.37207294583501144,0.0,-0.2682501027987231,-0.34412370252918273,0.6853643696759302,1.0,0.46758924898944104,-0.00816523359222299,-0.08943756187387245,-0.22374745316737785,0.13025797840821873,0.6251649952087975,-0.01563078252420318,-0.35221301537805794,-0.37221491812232144,0.03609655756229312,-0.2346320578672,0.4089163175927397,-0.10075252341738257,0.5870347756454847,0.005279344585620941,0.3950542375825214
SRCL,0.2803519177848692,-0.2878546743963319,0.0,-0.18503330334818507,0.5691528926064157,0.5538956718816532,0.42482399657491493,-0.24563613333015694,-0.37512657491702694,0.0660976355432502,-0.11999100125261492,0.4518462553029691,-0.027371267388968144,0.4826976515144725,-0.010711529982728384,0.4895616262618674,0.5629491522923563,-0.08398578854167436,0.00511237583163593,0.5420035154702528,0.4979816878321873,-0.23949208541848357,-0.17792781951405123,-0.43659866371300277,0.35225464231946974,-0.1509949536066875,0.33257750678732373,0.44057716919507495,0.6004146839423057,-0.25621315913605597,0.6261817596772661,-0.07119897271601296,0.4575737135849744,0.34759739579965365,0.6378265420165791,-0.05993280086239879,0.0369828445583633,0.48192781565270193,0.0,-0.1441537937693194,-0.14860063981857996,0.6687135302829933,0.467589248989441,1.0,-0.17872874008530287,-0.3329474951986796,-0.28419394309931717,-0.01951580234426675,0.536696078479164,-0.060698669902127515,-0.24546566286987603,-0.3918517031554628,-0.09882178997726415,-0.19426845479361643,0.4462982629171051,-0.08645450419690595,0.5454282539153482,-0.049227351390698906,0.48024446478555605
ROK,0.3434067583375248,0.4462807260676702,0.0,0.32682759101350534,-0.13000522784420343,-0.13045366840755185,0.09737671269349452,0.6214143995234944,0.5530964326661164,0.42489029055885114,0.4434760421203185,0.019934088902181964,0.5847861484168947,-0.024539286397694034,0.14839001952601152,0.034903176469074516,-0.11614334673131528,0.7434846243414929,0.31926045082093957,0.17679487487211315,-0.0322305706120457,0.6412807679659709,0.5307782583519526,0.46966895806883213,-0.09395045256266084,0.5198675539671509,0.22013864980742115,-0.07582314365326154,-0.10351201640534657,0.4828441390961007,-0.18326526911492366,0.17792279212201323,0.18726688141616998,0.02617379081909565,-0.0052087519901269875,0.6673204618619963,0.3110518027736934,-0.07920857345779583,0.0,-0.16430649203714265,-0.13117916567887486,-0.07639011695670896,-0.008165233592222989,-0.1787287400853029,1.0,0.30395498455134873,0.5319764640542877,0.53382419137033,-0.07791415100899425,0.44433369601404665,0.083711209710781,0.43206045954414607,0.5276237354774771,0.48095854338473276,0.22487623152558409,0.038146703370242604,-0.2673867329371589,0.05322133952102102,-0.16885644949202347
AME,-0.06736043437776358,0.233058409570273,0.0,0.15853251778242966,-0.3365417352269167,-0.2753341263104718,-0.2574267023204021,0.4844332012660647,0.40178099325226146,0.005851619705969488,0.13415458189556695,-0.2888056471445602,0.08263639130555907,-0.3730018427818005,0.003956892737855279,-0.3410114874251426,-0.39507999040398967,0.2723691615433658,0.07302720432182135,-0.23968497461032162,-0.12751516803889917,0.36824254529397393,0.30032637215595337,0.48031128961061736,-0.00025723886266034547,0.2277842120569563,-0.16180137633806405,-0.4837937052198043,-0.36610889813790776,0.36794780691355994,-0.14526451265548676,-0.03590831795901611,-0.08923403434304458,-0.21198265704253327,-0.13305680171106368,0.22837114333224867,0.04431937031628959,-0.42721327214045546,0.0,-0.0744496291475232,-0.06379318681082247,-0.1551693658041705,-0.08943756187387245,-0.3329474951986796,0.30395498455134873,1.0,0.3224219429944306,0.346913183997091,-0.21985943486315618,0.10567798897442757,0.29964944265477744,0.4652120096718929,0.19219702263287114,0.27113357038324537,-0.2837898715351804,0.38007625172270165,-0.2321058386366881,0.32594934543636706,-0.15677319294827566
CHRW,0.12551669691779657,0.4538190704915998,0.0,0.24329421369274976,-0.30537243223204585,-0.22148245674599681,-0.0794406054307787,0.5400867150049108,0.47962711351416265,0.42162457868174485,0.37472663018364927,-0.13124768917085916,0.2962141135591483,-0.25373087164353353,0.035224863637906376,-0.12665274114106764,-0.2966059459694143,0.47237005055189685,0.5017846235591992,-0.04162849537397919,-0.15343788936388766,0.4463519383079495,0.2994807157828228,0.5413296906310293,-0.13112329385466517,0.4196431496106654,-0.01733760190671621,-0.19726875974644933,-0.3045022810921556,0.390393068203983,-0.24932467404628292,0.15581201492477234,-0.08678735655150775,-0.045515493790711535,-0.21414446715842814,0.48994356828789065,0.3320951396795553,-0.2473497534491694,0.0,-0.08571248915618135,-0.05433821526182067,-0.26165099353071886,-0.22374745316737785,-0.28419394309931717,0.5319764640542877,0.32242194299443067,0.9999999999999999,0.43197967933329434,-0.2672715029310993,0.34764849436972983,0.17221972405275118,0.5148489412444652,0.4331206140908073,0.6032037432484209,-0.020864813000637545,0.09932614471496343,-0.36730693022874145,0.08326364751632852,-0.29526705677145665
URI,0.41346482499724097,0.317219426756746,0.0,0.25989165272007375,-0.02655467020833568,0.0914076246583487,0.19504275863698625,0.5573809148998535,0.34003568898885156,0.31783182600369264,0.32306308239165993,0.19696165905607532,0.4097459295243837,0.05129772189295148,0.19882911569266795,0.16254907898454704,0.014019518043979367,0.5449605316728493,0.178295820304372,0.2617207038561355,0.13490520274143677,0.5153906793678787,0.42782502457178817,0.3249674442176925,0.15825603268768537,0.4235517298569793,0.27990159711048784,-0.07881489263915603,-0.06647914593983127,0.41483157845849694,0.06556902679861894,0.20479604491587103,0.2939871388715732,-0.035747209382237785,0.154654920200684,0.5183839494140458,0.26197559815906807,-0.13634684578153483,0.0,-0.27631170110457776,-0.2780483884291446,0.08481360628442686,0.1302579784082187,-0.01951580234426675,0.53382419137033,0.34691318399709103,0.43197967933329434,1.0,-0.007784981232112555,0.3851449607164396,0.16266281164699586,0.3249778955160122,0.4761215892287006,0.3812480181060147,0.2062303109702104,0.2238626099973765,-0.05574039371399779,0.26604230396987094,0.05339080117271598
PWR,0.3313916081357417,-0.3919254178493722,0.0,-0.31235110465741756,0.5552067609585533,0.5719388682636212,0.49740276819513973,-0.2148353311654482,-0.3516339570099868,0.16729931071012677,-0.1388187255847466,0.38843858346574084,0.06951260793441397,0.4885363680638903,-0.11309763293461762,0.49501923114281143,0.5273944491456762,0.013673070266998865,0.026380558470557224,0.5719938667260794,0.6470455745915399,-0.20357032627161673,-0.10889497984241359,-0.3881024726562435,0.3454077986906927,-0.12853216901886824,0.44472693703532384,0.40371431330264906,0.6903285636757948,-0.2518830887943731,0.6329370938884152,-0.1777277986124621,0.4897775879948331,0.3884936975907259,0.6576484705815246,3.217089552289688e-05,-0.06895553413543243,0.4188823814033453,0.0,-0.14851789893298317,-0.16795344466042506,0.7202690434410862,0.6251649952087976,0.536696078479164,-0.07791415100899425,-0.21985943486315618,-0.26727150293109936,-0.007784981232112555,1.0,-0.12835326128151825,-0.4029795706071277,-0.4595412330536365,-0.09775163655474206,-0.27579770833237394,0.43011315418426077,-0.057443522659057444,0.5720122496499236,0.012015789189397982,0.4378761143567824
RSG,0.33182615450507974,0.5189391457672295,0.0,0.5624688554161141,0.003349113434038652,0.0069827684029748534,0.16014283650302347,0.4573360374850553,0.4290286776679154,0.28337546103051603,0.3353175942535517,0.19210295914125614,0.561609013075692,0.1176716670362958,0.4272013388259526,0.1686781887520324,0.07257637029410027,0.47029873995099825,0.2549783076442353,0.1671678708720651,-0.08116240535950063,0.5293409207316526,0.4299616056486976,0.28793413265984263,-0.1602625107991779,0.5569136802670921,0.19112133804952852,0.08265074598067675,6.432420791853161e-05,0.30089321954010095,-0.10948459481764972,0.46803253497872277,0.15579863032059443,0.00951354043428164,0.013060333075966725,0.5757025522392247,0.3075982650414955,0.05497706664254305,0.0,0.024569316191334574,0.011322880378051268,-0.053106461634800525,-0.015630782524203184,-0.06069866990212751,0.4443336960140466,0.10567798897442755,0.3476484943697299,0.38514496071643967,-0.12835326128151822,1.0,0.23085586350352122,0.34350520740637214,0.6315113451342825,0.49283990575602926,0.2718472091029432,-0.08431079199426264,-0.17601753769688916,-0.07656877228618623,-0.18187376503969527
UPS,-0.1548831332229335,0.31844860719251983,0.0,0.4621550857257817,-0.28012630911030967,-0.20724155256914573,-0.2462780307762095,0.2963583289791055,0.34577113686101485,-0.11460728889153454,0.2621758996611909,-0.16616552717570132,0.089663161086702,-0.1563083063133407,0.26283784654498465,-0.23305126624718533,-0.18821259343217112,0.00475999040122374,-0.01823561596922387,-0.2900731767682298,-0.26214951589124685,0.3533176016089658,0.17495055777896465,0.3203447907983746,-0.018363376560990588,0.09251101900289263,-0.28324620406434275,-0.23469602267713105,-0.2751724471065748,0.4514811068218012,-0.27864265094644275,0.21001866959528784,-0.27919467765226175,-0.15411193076767316,-0.34546303155544816,0.08722080313979916,0.2774748693563555,-0.25872473976103216,0.0,0.27849862543065357,0.2416426884455622,-0.3746402468194795,-0.352213015378058,-0.245465662869876,0.08371120971078098,0.29964944265477744,0.17221972405275118,0.16266281164699586,-0.4029795706071277,0.2308558635035212,1.0,0.47667294022006196,0.13100311051064434,0.28372422591446894,-0.2352165811630725,0.262196988286611,-0.3235857096307656,0.18388521954652515,-0.017629365229415068
EXPD,-0.04577918091772818,0.4701096607692124,0.0,0.46923089779786425,-0.4307951787276631,-0.353298813155568,-0.18449271624493674,0.5828534017156604,0.6201453577108086,0.11463022798403721,0.33613716034785224,-0.2515595890769716,0.2904248045798049,-0.3163870917877009,0.2064827593082417,-0.2915560902877031,-0.41289596483540975,0.36433510286006354,0.21122027371249774,-0.22764830499748423,-0.3175588860427933,0.5795447480761398,0.3618033923876057,0.6568791410099312,-0.20455349559839658,0.3749658516640732,-0.16229693315342494,-0.30549212405266946,-0.41311129679137154,0.5938285008563681,-0.43084345104871286,0.1548329125740333,-0.18915920371146647,-0.1024858649951468,-0.3852783258551155,0.3962889136013705,0.28835638603206865,-0.27463160416196697,0.0,0.12399612139717882,0.11663129612452716,-0.4724589303018648,-0.3722149181223215,-0.3918517031554628,0.432060459544146,0.4652120096718929,0.5148489412444652,0.3249778955160122,-0.45954123305363653,0.34350520740637214,0.476672940220062,1.0,0.3479952528232002,0.49759535636247476,-0.0844332298464977,0.18532458811236593,-0.49990358064416834,0.12185038909006327,-0.23524303201371835
FLR,0.4466422898420556,0.5914483250961772,0.0,0.4208445365441853,0.08016998903136482,0.04171089022213819,0.17004452018461402,0.5593451643955576,0.541688097144159,0.37781278147333797,0.3167559305966531,0.2136886784193924,0.5637191753209926,0.15853875511081217,0.48201227555171433,0.22933792445987503,0.03996399135543367,0.6125132737830787,0.24061601160662557,0.23716774534703466,0.00041811404680252917,0.6003535843667273,0.6237260942105198,0.4165970139594322,-0.20096447682645016,0.751731786207445,0.19197249510467976,0.09550003584436631,-0.03821799371466297,0.2911600874149331,-0.14186267631650848,0.5179911643864993,0.2291703541865349,-0.07835138717744783,0.042147565048708396,0.6539030434281433,0.29091904836234433,0.07221902510733895,0.0,-0.053743578606893216,-0.04870443024001497,-0.02986466074903156,0.03609655756229312,-0.09882178997726415,0.527623735477477,0.1921970226328711,0.4331206140908073,0.4761215892287006,-0.09775163655474206,0.6315113451342826,0.13100311051064434,0.34799525282320015,1.0,0.5484748297537773,0.2778572462147077,0.0009969770247354559,-0.08443687362473778,-0.019058371455089918,-0.2548641518970279
GPN,0.18077968904298755,0.5903922950101967,0.0,0.4024145370211312,-0.21097377782029272,-0.18674689125499988,-0.09451985557006881,0.5641306728912382,0.5437911981251917,0.38536628778448423,0.48309256683966356,-0.07539281096955605,0.3556535169573331,-0.10324635677578958,0.20154465097943267,-0.06239943412707509,-0.23559309503738493,0.47671896073921965,0.41427562616749525,-0.015371013553367886,-0.1520119706370725,0.5090933196771349,0.42805451713406145,0.5413282495316857,-0.21171136397478155,0.5363414873569369,-0.03899927600858701,-0.14166412042930107,-0.2428004436536952,0.43185659680135063,-0.24381535120366327,0.2966524655720873,-0.057288989067808764,-0.028892574046647294,-0.19768733561060578,0.5241809971358782,0.3877423027847021,-0.13041309660449193,0.0,0.01954408287254166,0.05278140051238971,-0.23620605928592012,-0.23463205786720004,-0.19426845479361643,0.48095854338473276,0.27113357038324537,0.6032037432484209,0.38124801810601466,-0.27579770833237394,0.4928399057560293,0.28372422591446894,0.49759535636247476,0.5484748297537773,0.9999999999999999,0.07316525056886919,0.08102064128982643,-0.3700095520773776,0.05150258630726987,-0.2509049376303393
AYI,0.5372357528596987,0.027069168115322156,0.0,0.05515069518813072,0.5012555241811051,0.45279868568709464,0.5511089681774349,0.05302191634279534,-0.004114102062297418,0.28905283155578815,0.06511882744147837,0.5543535952021135,0.37566738105273006,0.554876724692696,0.2404233185097611,0.6004825944955574,0.485990333244711,0.2924429790416705,0.156475054351617,0.6795763939698629,0.4442872778977417,0.11308079267303166,0.16588706350957522,-0.10410738989280598,0.07606371943094087,0.21558984249437482,0.47752752474245963,0.5071166608487179,0.5070793763828849,-0.03699356082525713,0.36709432101969436,0.1581011160243888,0.5914030459827397,0.27324244523529095,0.5382970913574276,0.32156119392254007,0.1714552266047138,0.5411997107166313,0.0,-0.15424480969739923,-0.1833057411182122,0.4939001864378773,0.4089163175927398,0.4462982629171051,0.22487623152558409,-0.2837898715351804,-0.020864813000637545,0.2062303109702104,0.43011315418426077,0.27184720910294324,-0.23521658116307254,-0.08443322984649772,0.2778572462147077,0.07316525056886919,1.0,-0.2515557726226892,0.330349539033538,-0.23484558318113413,0.1829846961334921
UAL,-0.06162113472876104,-3.216468519110003e-05,0.0,-0.01754499154289395,-0.19487069013853697,-0.04070141572248342,-0.23251703350320155,0.17964979362165184,0.06376821983474082,0.00022513108125867614,0.07567202379577004,-0.22549935744130237,-0.03532989044330001,-0.1908530804236853,-0.08128590098378147,-0.22214356055225365,-0.21735075537681608,0.07440170152235837,0.010743523026014078,-0.17759987879705955,0.007175724827422305,0.07689340139975426,0.05123834350942235,0.18120115117325203,0.23830815258086013,-0.02971586984190294,-0.20889375131478208,-0.29249533750597934,-0.13773477746461843,0.22496862771378545,0.027343939090004037,-0.13936814106994425,-0.14577738429310122,0.07036002490414975,-0.11588936074353343,-0.04950304222120513,0.17356754639745262,-0.3046570858281392,0.0,-0.08339103833664505,-0.08500852969866811,-0.054515635795683116,-0.10075252341738257,-0.08645450419690594,0.038146703370242604,0.38007625172270165,0.09932614471496341,0.2238626099973765,-0.05744352265905745,-0.08431079199426264,0.26219698828661103,0.18532458811236593,0.0009969770247354559,0.08102064128982643,-0.2515557726226892,1.0,-0.04170821035081132,0.7592241607878778,0.12828185334825407
TDG,0.25389939324831146,-0.2944258786126903,0.0,-0.29828530443310314,0.6343470286515511,0.619396838320478,0.4154600254473158,-0.27863223224584166,-0.4013176924313033,-0.020410787350085405,-0.3093297704084617,0.5174386929633085,-0.07389900492558785,0.546375411515653,0.03074598319719094,0.5223769157413239,0.6107825112595193,-0.14842796223407553,-0.19757929144890377,0.44411235400232674,0.5745941050243928,-0.33712596090608643,-0.14359650614290728,-0.4428548693737628,0.3691333512511762,-0.12593009281313503,0.3052161619391386,0.4768108856373415,0.5559876585760328,-0.3819037007321746,0.6169081071752708,0.022303996403387434,0.4551460475648518,0.1548507259971789,0.5949916570850841,-0.17594111232172568,-0.16099162429788466,0.4080222727017295,0.0,-0.1350217437631216,-0.1686007296137512,0.6500482244033886,0.5870347756454847,0.5454282539153482,-0.2673867329371589,-0.23210583863668807,-0.36730693022874145,-0.05574039371399779,0.5720122496499236,-0.17601753769688916,-0.3235857096307656,-0.49990358064416834,-0.08443687362473777,-0.3700095520773776,0.330349539033538,-0.04170821035081131,1.0,-0.00502165418352428,0.41697221485316366
DAL,0.03304828278480118,-0.023568449388354146,0.0,-0.021945445271813583,-0.14143433310646972,0.01700566176339974,-0.14882674860128625,0.15833994016628014,0.021309840189058165,0.07056975199972348,0.11239942326348716,-0.144303816730499,-0.0252520498217008,-0.15565226722992362,-0.14202428145132315,-0.1374545505898611,-0.1308583857049666,0.06987271087100827,0.031136324907336456,-0.0940564228525892,0.05939671876722551,0.08672567964317131,0.03641518614512096,0.12500211363842142,0.3362367718068065,-0.06480386003339589,-0.07768995422727151,-0.26196353267609757,-0.06586304281817344,0.2485865497642393,0.1101630244500472,-0.1468166454468777,-0.05560747995343336,0.1358920212380059,-0.03251930858229193,-0.03197298193701288,0.18859004644027821,-0.3051596422196572,0.0,-0.15389822735322164,-0.14977718773544876,0.0010946390075548778,0.00527934458562094,-0.049227351390698906,0.05322133952102101,0.32594934543636706,0.08326364751632853,0.26604230396987094,0.012015789189397982,-0.07656877228618623,0.18388521954652515,0.12185038909006327,-0.019058371455089918,0.051502586307269865,-0.23484558318113416,0.7592241607878779,-0.00502165418352428,0.9999999999999999,0.20110483342929542
VRSK,0.12031018783128097,-0.3009552759316522,0.0,-0.1631792672887879,0.32082436939145664,0.4036871400534088,0.31773089592247833,-0.18028778345874721,-0.3678372149074835,-0.13253361935321561,-0.045749215849942806,0.2748295553445855,-0.08117891223920826,0.3002975954594699,-0.13601917990495258,0.2849833514732339,0.39367623291878545,-0.18315160309172027,-0.21865904096478825,0.28885177995042793,0.4254778319585526,-0.16513379847651863,-0.19327137470057695,-0.3789565201572992,0.5170306787005782,-0.24331497556168738,0.33060909364121754,0.2044408726764635,0.3846995396173955,-0.018601957525947607,0.59099610080088,-0.156277658713156,0.2602164815247333,0.1950799517333835,0.42497831151917503,-0.1552589322049246,-0.016728863802014576,0.15927523840123653,0.0,-0.08744508606740825,-0.11170076602829086,0.45415370185101717,0.3950542375825214,0.48024446478555605,-0.16885644949202344,-0.15677319294827566,-0.2952670567714567,0.05339080117271599,0.43787611435678236,-0.18187376503969527,-0.017629365229415064,-0.23524303201371832,-0.2548641518970279,-0.2509049376303393,0.1829846961334921,0.12828185334825407,0.41697221485316366,0.20110483342929542,1.0
